2025-07-02 00:23:59,888 [ERROR] LogOutputStream:75 - [STDERR_REDIRECT] Exception in thread "AWT-EventQueue-0" java.lang.ClassCastException: class sun.awt.windows.WEmbeddedFrame cannot be cast to class javax.swing.JFrame (sun.awt.windows.WEmbeddedFrame and javax.swing.JFrame are in module java.desktop of loader 'bootstrap')
2025-07-02 00:23:59,922 [ERROR] LogOutputStream:75 - [STDERR_REDIRECT] 	at com.st.microxplorer.plugins.clock.ClockConfigurationView.activatePlugin(ClockConfigurationView.java:425)
2025-07-02 00:23:59,922 [ERROR] LogOutputStream:75 - [STDERR_REDIRECT] 	at com.st.microxplorer.maingui.MainPanel$1.stateChanged(MainPanel.java:382)
2025-07-02 00:23:59,922 [ERROR] LogOutputStream:75 - [STDERR_REDIRECT] 	at java.desktop/javax.swing.JTabbedPane.fireStateChanged(JTabbedPane.java:446)
2025-07-02 00:23:59,930 [ERROR] LogOutputStream:75 - [STDERR_REDIRECT] 	at java.desktop/javax.swing.JTabbedPane$ModelListener.stateChanged(JTabbedPane.java:297)
2025-07-02 00:23:59,930 [ERROR] LogOutputStream:75 - [STDERR_REDIRECT] 	at java.desktop/javax.swing.DefaultSingleSelectionModel.fireStateChanged(DefaultSingleSelectionModel.java:148)
2025-07-02 00:23:59,930 [ERROR] LogOutputStream:75 - [STDERR_REDIRECT] 	at java.desktop/javax.swing.DefaultSingleSelectionModel.setSelectedIndex(DefaultSingleSelectionModel.java:79)
2025-07-02 00:23:59,938 [ERROR] LogOutputStream:75 - [STDERR_REDIRECT] 	at java.desktop/javax.swing.JTabbedPane.setSelectedIndexImpl(JTabbedPane.java:650)
2025-07-02 00:23:59,938 [ERROR] LogOutputStream:75 - [STDERR_REDIRECT] 	at java.desktop/javax.swing.JTabbedPane.setSelectedIndex(JTabbedPane.java:625)
2025-07-02 00:23:59,947 [ERROR] LogOutputStream:75 - [STDERR_REDIRECT] 	at java.desktop/javax.swing.plaf.basic.BasicTabbedPaneUI$Handler.mousePressed(BasicTabbedPaneUI.java:4140)
2025-07-02 00:23:59,947 [ERROR] LogOutputStream:75 - [STDERR_REDIRECT] 	at java.desktop/java.awt.Component.processMouseEvent(Component.java:6618)
2025-07-02 00:23:59,947 [ERROR] LogOutputStream:75 - [STDERR_REDIRECT] 	at java.desktop/javax.swing.JComponent.processMouseEvent(JComponent.java:3398)
2025-07-02 00:23:59,950 [ERROR] LogOutputStream:75 - [STDERR_REDIRECT] 	at java.desktop/java.awt.Component.processEvent(Component.java:6386)
2025-07-02 00:23:59,950 [ERROR] LogOutputStream:75 - [STDERR_REDIRECT] 	at java.desktop/java.awt.Container.processEvent(Container.java:2266)
2025-07-02 00:23:59,950 [ERROR] LogOutputStream:75 - [STDERR_REDIRECT] 	at java.desktop/java.awt.Component.dispatchEventImpl(Component.java:4996)
2025-07-02 00:23:59,955 [ERROR] LogOutputStream:75 - [STDERR_REDIRECT] 	at java.desktop/java.awt.Container.dispatchEventImpl(Container.java:2324)
2025-07-02 00:23:59,955 [ERROR] LogOutputStream:75 - [STDERR_REDIRECT] 	at java.desktop/java.awt.Component.dispatchEvent(Component.java:4828)
2025-07-02 00:23:59,955 [ERROR] LogOutputStream:75 - [STDERR_REDIRECT] 	at java.desktop/java.awt.LightweightDispatcher.retargetMouseEvent(Container.java:4948)
2025-07-02 00:23:59,958 [ERROR] LogOutputStream:75 - [STDERR_REDIRECT] 	at java.desktop/java.awt.LightweightDispatcher.processMouseEvent(Container.java:4572)
2025-07-02 00:23:59,958 [ERROR] LogOutputStream:75 - [STDERR_REDIRECT] 	at java.desktop/java.awt.LightweightDispatcher.dispatchEvent(Container.java:4516)
2025-07-02 00:23:59,963 [ERROR] LogOutputStream:75 - [STDERR_REDIRECT] 	at java.desktop/java.awt.Container.dispatchEventImpl(Container.java:2310)
2025-07-02 00:23:59,963 [ERROR] LogOutputStream:75 - [STDERR_REDIRECT] 	at java.desktop/java.awt.Component.dispatchEvent(Component.java:4828)
2025-07-02 00:23:59,963 [ERROR] LogOutputStream:75 - [STDERR_REDIRECT] 	at java.desktop/java.awt.EventQueue.dispatchEventImpl(EventQueue.java:775)
2025-07-02 00:23:59,971 [ERROR] LogOutputStream:75 - [STDERR_REDIRECT] 	at java.desktop/java.awt.EventQueue$4.run(EventQueue.java:720)
2025-07-02 00:23:59,972 [ERROR] LogOutputStream:75 - [STDERR_REDIRECT] 	at java.desktop/java.awt.EventQueue$4.run(EventQueue.java:714)
2025-07-02 00:23:59,972 [ERROR] LogOutputStream:75 - [STDERR_REDIRECT] 	at java.base/java.security.AccessController.doPrivileged(AccessController.java:400)
2025-07-02 00:23:59,972 [ERROR] LogOutputStream:75 - [STDERR_REDIRECT] 	at java.base/java.security.ProtectionDomain$JavaSecurityAccessImpl.doIntersectionPrivilege(ProtectionDomain.java:87)
2025-07-02 00:23:59,972 [ERROR] LogOutputStream:75 - [STDERR_REDIRECT] 	at java.base/java.security.ProtectionDomain$JavaSecurityAccessImpl.doIntersectionPrivilege(ProtectionDomain.java:98)
2025-07-02 00:23:59,980 [ERROR] LogOutputStream:75 - [STDERR_REDIRECT] 	at java.desktop/java.awt.EventQueue$5.run(EventQueue.java:747)
2025-07-02 00:23:59,980 [ERROR] LogOutputStream:75 - [STDERR_REDIRECT] 	at java.desktop/java.awt.EventQueue$5.run(EventQueue.java:745)
2025-07-02 00:23:59,980 [ERROR] LogOutputStream:75 - [STDERR_REDIRECT] 	at java.base/java.security.AccessController.doPrivileged(AccessController.java:400)
2025-07-02 00:23:59,986 [ERROR] LogOutputStream:75 - [STDERR_REDIRECT] 	at java.base/java.security.ProtectionDomain$JavaSecurityAccessImpl.doIntersectionPrivilege(ProtectionDomain.java:87)
2025-07-02 00:23:59,988 [ERROR] LogOutputStream:75 - [STDERR_REDIRECT] 	at java.desktop/java.awt.EventQueue.dispatchEvent(EventQueue.java:744)
2025-07-02 00:23:59,988 [ERROR] LogOutputStream:75 - [STDERR_REDIRECT] 	at java.desktop/java.awt.EventDispatchThread.pumpOneEventForFilters(EventDispatchThread.java:203)
2025-07-02 00:23:59,988 [ERROR] LogOutputStream:75 - [STDERR_REDIRECT] 	at java.desktop/java.awt.EventDispatchThread.pumpEventsForFilter(EventDispatchThread.java:124)
2025-07-02 00:23:59,998 [ERROR] LogOutputStream:75 - [STDERR_REDIRECT] 	at java.desktop/java.awt.EventDispatchThread.pumpEventsForHierarchy(EventDispatchThread.java:113)
2025-07-02 00:24:00,000 [ERROR] LogOutputStream:75 - [STDERR_REDIRECT] 	at java.desktop/java.awt.EventDispatchThread.pumpEvents(EventDispatchThread.java:109)
2025-07-02 00:24:00,000 [ERROR] LogOutputStream:75 - [STDERR_REDIRECT] 	at java.desktop/java.awt.EventDispatchThread.pumpEvents(EventDispatchThread.java:101)
2025-07-02 00:24:00,000 [ERROR] LogOutputStream:75 - [STDERR_REDIRECT] 	at java.desktop/java.awt.EventDispatchThread.run(EventDispatchThread.java:90)
2025-07-02 00:24:07,401 [INFO] Gpio:277 - dependency for GPIO [SPI2, SYS, TIM3, USART1, USART3]
2025-07-02 00:24:07,478 [INFO] Gpio:277 - dependency for GPIO [SPI2, SYS, TIM3, USART1, USART3]
2025-07-02 00:24:07,552 [INFO] Gpio:277 - dependency for GPIO [SPI2, SYS, TIM3, USART1, USART3]
2025-07-02 00:24:43,962 [INFO] UtilMem:75 - End SaveConfig() Used Memory: 839051296 Bytes (1037041664)
2025-07-02 00:36:42,119 [INFO] UtilMem:75 - End SaveConfig() Used Memory: 782426680 Bytes (961544192)
2025-07-02 01:21:13,718 [INFO] UtilMem:75 - End SaveConfig() Used Memory: 744033536 Bytes (954204160)
2025-07-02 01:21:14,407 [INFO] BlockDiagram:2775 - set Specific Code input for plugin: SPI
2025-07-02 01:21:14,409 [INFO] BlockDiagram:2775 - set Specific Code input for plugin: NVIC
2025-07-02 01:21:14,409 [INFO] BlockDiagram:2775 - set Specific Code input for plugin: USART
2025-07-02 01:21:14,409 [INFO] BlockDiagram:2775 - set Specific Code input for plugin: USART
2025-07-02 01:21:14,409 [INFO] BlockDiagram:2775 - set Specific Code input for plugin: TIM1_8F1
2025-07-02 01:21:14,409 [INFO] BlockDiagram:2775 - set Specific Code input for plugin: SYS
2025-07-02 01:21:14,410 [INFO] BlockDiagram:2775 - set Specific Code input for plugin: GPIO
2025-07-02 01:21:14,410 [INFO] BlockDiagram:2775 - set Specific Code input for plugin: RCC
2025-07-02 01:21:14,413 [INFO] CodeGenerator:882 - code generatio: config db path: C:\ST\STM32CubeIDE_1.18.1\STM32CubeIDE\plugins\com.st.stm32cube.common.mx_6.14.1.202504091515\\db\
2025-07-02 01:21:14,601 [INFO] CodeEngine:263 - oldGeneratedFile, C:\Users\Luciano\Downloads\5to-Anio-main\5to-Anio-main\Tecnicas-Digitales-III\Tp_2\principal\Tp2-STM32-Sistema Embebido\MXTmpFiles\license.tmp_save
2025-07-02 01:21:15,132 [INFO] CodeEngine:287 - Generated code: C:\Users\Luciano\Downloads\5to-Anio-main\5to-Anio-main\Tecnicas-Digitales-III\Tp_2\principal\Tp2-STM32-Sistema Embebido\MXTmpFiles\license.tmp
2025-07-02 01:21:15,249 [INFO] CodeEngine:263 - oldGeneratedFile, C:\Users\Luciano\Downloads\5to-Anio-main\5to-Anio-main\Tecnicas-Digitales-III\Tp_2\principal\Tp2-STM32-Sistema Embebido\MXTmpFiles\gpio.tmp_save
2025-07-02 01:21:15,414 [INFO] CodeEngine:287 - Generated code: C:\Users\Luciano\Downloads\5to-Anio-main\5to-Anio-main\Tecnicas-Digitales-III\Tp_2\principal\Tp2-STM32-Sistema Embebido\MXTmpFiles\gpio.tmp
2025-07-02 01:21:15,637 [INFO] CodeEngine:263 - oldGeneratedFile, C:\Users\Luciano\Downloads\5to-Anio-main\5to-Anio-main\Tecnicas-Digitales-III\Tp_2\principal\Tp2-STM32-Sistema Embebido\Core\Src\stm32f1xx_it.c_save
2025-07-02 01:21:15,798 [INFO] CodeEngine:287 - Generated code: C:\Users\Luciano\Downloads\5to-Anio-main\5to-Anio-main\Tecnicas-Digitales-III\Tp_2\principal\Tp2-STM32-Sistema Embebido\Core\Src\stm32f1xx_it.c
2025-07-02 01:21:15,809 [INFO] CodeEngine:263 - oldGeneratedFile, C:\Users\Luciano\Downloads\5to-Anio-main\5to-Anio-main\Tecnicas-Digitales-III\Tp_2\principal\Tp2-STM32-Sistema Embebido\Core\Inc\stm32f1xx_it.h_save
2025-07-02 01:21:15,904 [INFO] CodeEngine:287 - Generated code: C:\Users\Luciano\Downloads\5to-Anio-main\5to-Anio-main\Tecnicas-Digitales-III\Tp_2\principal\Tp2-STM32-Sistema Embebido\Core\Inc\stm32f1xx_it.h
2025-07-02 01:21:15,926 [INFO] CodeEngine:263 - oldGeneratedFile, C:\Users\Luciano\Downloads\5to-Anio-main\5to-Anio-main\Tecnicas-Digitales-III\Tp_2\principal\Tp2-STM32-Sistema Embebido\Core\Src\stm32f1xx_hal_msp.c_save
2025-07-02 01:21:16,111 [INFO] CodeEngine:287 - Generated code: C:\Users\Luciano\Downloads\5to-Anio-main\5to-Anio-main\Tecnicas-Digitales-III\Tp_2\principal\Tp2-STM32-Sistema Embebido\Core\Src\stm32f1xx_hal_msp.c
2025-07-02 01:21:16,118 [INFO] CodeEngine:263 - oldGeneratedFile, C:\Users\Luciano\Downloads\5to-Anio-main\5to-Anio-main\Tecnicas-Digitales-III\Tp_2\principal\Tp2-STM32-Sistema Embebido\MXTmpFiles\system.tmp_save
2025-07-02 01:21:16,195 [INFO] CodeEngine:287 - Generated code: C:\Users\Luciano\Downloads\5to-Anio-main\5to-Anio-main\Tecnicas-Digitales-III\Tp_2\principal\Tp2-STM32-Sistema Embebido\MXTmpFiles\system.tmp
2025-07-02 01:21:16,213 [INFO] CodeEngine:319 - oldGeneratedFile, C:\Users\Luciano\Downloads\5to-Anio-main\5to-Anio-main\Tecnicas-Digitales-III\Tp_2\principal\Tp2-STM32-Sistema Embebido\Core\Inc\stm32f1xx_hal_conf.h_save
2025-07-02 01:21:16,317 [INFO] CodeEngine:343 - Generated code: C:\Users\Luciano\Downloads\5to-Anio-main\5to-Anio-main\Tecnicas-Digitales-III\Tp_2\principal\Tp2-STM32-Sistema Embebido\Core\Inc\stm32f1xx_hal_conf.h
2025-07-02 01:21:16,349 [INFO] ApiDbMcu:508 - Load IP Config File for SPI2
2025-07-02 01:21:16,364 [INFO] ApiDbMcu:508 - Load IP Config File for TIM3
2025-07-02 01:21:16,368 [INFO] ApiDbMcu:508 - Load IP Config File for USART1
2025-07-02 01:21:16,374 [INFO] ApiDbMcu:508 - Load IP Config File for USART3
2025-07-02 01:21:16,377 [INFO] ApiDbMcu:508 - Load IP Config File for RCC
2025-07-02 01:21:16,380 [WARN] IPConfigManager:3790 - IP not found : TIM
2025-07-02 01:21:16,382 [WARN] CodeGenerator:4198 - IP not found : null
2025-07-02 01:21:16,395 [INFO] CodeEngine:263 - oldGeneratedFile, C:\Users\Luciano\Downloads\5to-Anio-main\5to-Anio-main\Tecnicas-Digitales-III\Tp_2\principal\Tp2-STM32-Sistema Embebido\Core\Inc\main.h_save
2025-07-02 01:21:16,509 [INFO] CodeEngine:287 - Generated code: C:\Users\Luciano\Downloads\5to-Anio-main\5to-Anio-main\Tecnicas-Digitales-III\Tp_2\principal\Tp2-STM32-Sistema Embebido\Core\Inc\main.h
2025-07-02 01:21:16,519 [INFO] CodeEngine:263 - oldGeneratedFile, C:\Users\Luciano\Downloads\5to-Anio-main\5to-Anio-main\Tecnicas-Digitales-III\Tp_2\principal\Tp2-STM32-Sistema Embebido\Core\Src\main.c_save
2025-07-02 01:21:16,703 [INFO] CodeEngine:287 - Generated code: C:\Users\Luciano\Downloads\5to-Anio-main\5to-Anio-main\Tecnicas-Digitales-III\Tp_2\principal\Tp2-STM32-Sistema Embebido\Core\Src\main.c
2025-07-02 01:21:17,312 [INFO] ProjectBuilder:3324 - Time for Copy HAL[1] : 361mS.
2025-07-02 01:21:17,324 [INFO] ProjectBuilder:4912 - Project Generator version: 4.6.0.1-B1
2025-07-02 01:21:17,422 [INFO] ConfigFileManager:1590 - The Die is : DIE410
2025-07-02 01:21:17,429 [INFO] ApiDbMcu:508 - Load IP Config File for FATFS
2025-07-02 01:21:17,435 [INFO] ApiDbMcu:508 - Load IP Config File for USB_DEVICE
2025-07-02 01:21:17,882 [INFO] LogOutputStream:77 - [STDOUT_REDIRECT] 
2025-07-02 01:21:19,225 [INFO] ProjectBuilder:5191 - Time for Generating toolchain IDE Files: 1897mS.
2025-07-02 01:21:19,226 [INFO] ProjectBuilder:3181 - Time for Copy CMSIS : 1mS.
2025-07-02 01:21:19,229 [INFO] ProjectBuilder:3181 - Time for Copy CMSIS : 0mS.
2025-07-02 01:23:27,281 [INFO] ADCParametersView:116 -                Rank 1 : false
2025-07-02 01:23:27,324 [INFO] ADCParametersView:116 -                Rank 1 : false
2025-07-02 01:23:27,324 [INFO] ADCParametersView:116 -                Rank 1 : false
2025-07-02 01:23:27,324 [INFO] ADCParametersView:116 -                Rank 1 : false
2025-07-02 01:23:27,325 [INFO] ADCParametersView:116 -                Rank 1 : false
2025-07-02 01:23:27,325 [INFO] ADCParametersView:116 -                Rank 1 : false
2025-07-02 01:23:27,326 [INFO] ADCParametersView:116 -                Rank 1 : false
2025-07-02 01:23:27,326 [INFO] ADCParametersView:116 -                Rank 1 : false
2025-07-02 01:23:27,326 [INFO] ADCParametersView:116 -                Rank 1 : false
2025-07-02 01:23:27,326 [INFO] ADCParametersView:116 -                Rank 1 : false
2025-07-02 01:23:27,326 [INFO] ADCParametersView:116 -                Rank 1 : false
2025-07-02 01:23:27,332 [INFO] ADCParametersView:116 -                Rank 1 : false
2025-07-02 01:23:27,412 [INFO] NvicIntPanel:101 - NVIC parent = com.st.microxplorer.plugins.ip.nvic.MultiNvicIntPanel[,0,0,0x0,invalid,layout=javax.swing.BoxLayout,alignmentX=0.0,alignmentY=0.0,border=,flags=9,maximumSize=,minimumSize=,preferredSize=]
2025-07-02 01:23:27,477 [INFO] NvicIntPanel:101 - NVIC parent = com.st.microxplorer.plugins.ip.nvic.MultiNvicIntPanel[,0,0,0x0,invalid,layout=javax.swing.BoxLayout,alignmentX=0.0,alignmentY=0.0,border=,flags=9,maximumSize=,minimumSize=,preferredSize=]
2025-07-02 01:23:27,541 [INFO] NvicIntPanel:101 - NVIC parent = com.st.microxplorer.plugins.ip.nvic.MultiNvicIntPanel[,0,0,0x0,invalid,layout=javax.swing.BoxLayout,alignmentX=0.0,alignmentY=0.0,border=,flags=9,maximumSize=,minimumSize=,preferredSize=]
2025-07-02 01:23:27,569 [INFO] ADCParametersView:116 -                Rank 1 : false
2025-07-02 01:23:27,569 [INFO] ADCParametersView:116 -                Rank 1 : false
2025-07-02 01:23:27,569 [INFO] ADCParametersView:116 -                Rank 1 : false
2025-07-02 01:23:27,569 [INFO] ADCParametersView:116 -                Rank 1 : false
2025-07-02 01:23:27,570 [INFO] ADCParametersView:116 -                Rank 1 : false
2025-07-02 01:23:27,570 [INFO] ADCParametersView:116 -                Rank 1 : false
2025-07-02 01:23:27,570 [INFO] ADCParametersView:116 -                Rank 1 : false
2025-07-02 01:23:27,570 [INFO] ADCParametersView:116 -                Rank 1 : false
2025-07-02 01:23:27,570 [INFO] ADCParametersView:116 -                Rank 1 : false
2025-07-02 01:23:27,570 [INFO] ADCParametersView:116 -                Rank 1 : false
2025-07-02 01:23:27,575 [INFO] ADCParametersView:116 -                Rank 1 : false
2025-07-02 01:23:27,590 [INFO] ADCParametersView:116 -                Rank 1 : false
2025-07-02 01:23:27,590 [INFO] ADCParametersView:116 -                Rank 1 : false
2025-07-02 01:23:27,590 [INFO] ADCParametersView:116 -                Rank 1 : false
2025-07-02 01:23:27,590 [INFO] ADCParametersView:116 -                Rank 1 : false
2025-07-02 01:23:27,591 [INFO] ADCParametersView:116 -                Rank 1 : false
2025-07-02 01:23:27,591 [INFO] ADCParametersView:116 -                Rank 1 : false
2025-07-02 01:23:27,591 [INFO] ADCParametersView:116 -                Rank 1 : false
2025-07-02 01:23:27,591 [INFO] ADCParametersView:116 -                Rank 1 : false
2025-07-02 01:23:27,591 [INFO] ADCParametersView:116 -                Rank 1 : false
2025-07-02 01:23:27,591 [INFO] ADCParametersView:116 -                Rank 1 : false
2025-07-02 01:23:27,598 [INFO] ADCParametersView:116 -                Rank 1 : false
2025-07-02 01:23:47,367 [INFO] ADCParametersView:116 -                Rank 1 : false
2025-07-02 01:23:47,367 [INFO] ADCParametersView:116 -                Rank 1 : false
2025-07-02 01:23:47,367 [INFO] ADCParametersView:116 -                Rank 1 : false
2025-07-02 01:23:47,367 [INFO] ADCParametersView:116 -                Rank 1 : false
2025-07-02 01:23:47,367 [INFO] ADCParametersView:116 -                Rank 1 : false
2025-07-02 01:23:47,367 [INFO] ADCParametersView:116 -                Rank 1 : false
2025-07-02 01:23:47,367 [INFO] ADCParametersView:116 -                Rank 1 : false
2025-07-02 01:23:47,367 [INFO] ADCParametersView:116 -                Rank 1 : false
2025-07-02 01:23:47,367 [INFO] ADCParametersView:116 -                Rank 1 : false
2025-07-02 01:23:47,367 [INFO] ADCParametersView:116 -                Rank 1 : false
2025-07-02 01:23:47,376 [INFO] ADCParametersView:116 -                Rank 1 : false
2025-07-02 01:23:47,392 [INFO] ADCParametersView:116 -                Rank 1 : false
2025-07-02 01:23:47,392 [INFO] ADCParametersView:116 -                Rank 1 : false
2025-07-02 01:23:47,392 [INFO] ADCParametersView:116 -                Rank 1 : false
2025-07-02 01:23:47,392 [INFO] ADCParametersView:116 -                Rank 1 : false
2025-07-02 01:23:47,392 [INFO] ADCParametersView:116 -                Rank 1 : false
2025-07-02 01:23:47,392 [INFO] ADCParametersView:116 -                Rank 1 : false
2025-07-02 01:23:47,392 [INFO] ADCParametersView:116 -                Rank 1 : false
2025-07-02 01:23:47,392 [INFO] ADCParametersView:116 -                Rank 1 : false
2025-07-02 01:23:47,392 [INFO] ADCParametersView:116 -                Rank 1 : false
2025-07-02 01:23:47,392 [INFO] ADCParametersView:116 -                Rank 1 : false
2025-07-02 01:23:47,400 [INFO] ADCParametersView:116 -                Rank 1 : false
2025-07-02 01:23:47,491 [INFO] ADCParametersView:116 -                Rank 1 : false
2025-07-02 01:23:47,491 [INFO] ADCParametersView:116 -                Rank 1 : false
2025-07-02 01:23:47,491 [INFO] ADCParametersView:116 -                Rank 1 : false
2025-07-02 01:23:47,491 [INFO] ADCParametersView:116 -                Rank 1 : false
2025-07-02 01:23:47,491 [INFO] ADCParametersView:116 -                Rank 1 : false
2025-07-02 01:23:47,491 [INFO] ADCParametersView:116 -                Rank 1 : false
2025-07-02 01:23:47,491 [INFO] ADCParametersView:116 -                Rank 1 : false
2025-07-02 01:23:47,491 [INFO] ADCParametersView:116 -                Rank 1 : false
2025-07-02 01:23:47,491 [INFO] ADCParametersView:116 -                Rank 1 : false
2025-07-02 01:23:47,491 [INFO] ADCParametersView:116 -                Rank 1 : false
2025-07-02 01:23:47,498 [INFO] ADCParametersView:116 -                Rank 1 : false
2025-07-02 01:23:47,515 [INFO] ADCParametersView:116 -                Rank 1 : false
2025-07-02 01:23:47,515 [INFO] ADCParametersView:116 -                Rank 1 : false
2025-07-02 01:23:47,515 [INFO] ADCParametersView:116 -                Rank 1 : false
2025-07-02 01:23:47,515 [INFO] ADCParametersView:116 -                Rank 1 : false
2025-07-02 01:23:47,515 [INFO] ADCParametersView:116 -                Rank 1 : false
2025-07-02 01:23:47,515 [INFO] ADCParametersView:116 -                Rank 1 : false
2025-07-02 01:23:47,515 [INFO] ADCParametersView:116 -                Rank 1 : false
2025-07-02 01:23:47,515 [INFO] ADCParametersView:116 -                Rank 1 : false
2025-07-02 01:23:47,515 [INFO] ADCParametersView:116 -                Rank 1 : false
2025-07-02 01:23:47,515 [INFO] ADCParametersView:116 -                Rank 1 : false
2025-07-02 01:23:47,523 [INFO] ADCParametersView:116 -                Rank 1 : false
2025-07-02 01:23:47,604 [INFO] ADCParametersView:116 -                Rank 1 : false
2025-07-02 01:23:47,605 [INFO] ADCParametersView:116 -                Rank 1 : false
2025-07-02 01:23:47,605 [INFO] ADCParametersView:116 -                Rank 1 : false
2025-07-02 01:23:47,605 [INFO] ADCParametersView:116 -                Rank 1 : false
2025-07-02 01:23:47,605 [INFO] ADCParametersView:116 -                Rank 1 : false
2025-07-02 01:23:47,605 [INFO] ADCParametersView:116 -                Rank 1 : false
2025-07-02 01:23:47,605 [INFO] ADCParametersView:116 -                Rank 1 : false
2025-07-02 01:23:47,605 [INFO] ADCParametersView:116 -                Rank 1 : false
2025-07-02 01:23:47,605 [INFO] ADCParametersView:116 -                Rank 1 : false
2025-07-02 01:23:47,605 [INFO] ADCParametersView:116 -                Rank 1 : false
2025-07-02 01:23:47,614 [INFO] ADCParametersView:116 -                Rank 1 : false
2025-07-02 01:23:47,644 [INFO] ADCParametersView:116 -                Rank 1 : false
2025-07-02 01:23:47,644 [INFO] ADCParametersView:116 -                Rank 1 : false
2025-07-02 01:23:47,646 [INFO] ADCParametersView:116 -                Rank 1 : false
2025-07-02 01:23:47,646 [INFO] ADCParametersView:116 -                Rank 1 : false
2025-07-02 01:23:47,646 [INFO] ADCParametersView:116 -                Rank 1 : false
2025-07-02 01:23:47,646 [INFO] ADCParametersView:116 -                Rank 1 : false
2025-07-02 01:23:47,646 [INFO] ADCParametersView:116 -                Rank 1 : false
2025-07-02 01:23:47,646 [INFO] ADCParametersView:116 -                Rank 1 : false
2025-07-02 01:23:47,646 [INFO] ADCParametersView:116 -                Rank 1 : false
2025-07-02 01:23:47,646 [INFO] ADCParametersView:116 -                Rank 1 : false
2025-07-02 01:23:47,646 [INFO] ADCParametersView:116 -                Rank 1 : false
2025-07-02 01:24:28,824 [INFO] UtilMem:75 - End SaveConfig() Used Memory: 771261776 Bytes (954204160)
2025-07-02 01:24:42,493 [INFO] UtilMem:75 - End SaveConfig() Used Memory: 378674400 Bytes (954204160)
2025-07-02 01:24:43,560 [INFO] BlockDiagram:2775 - set Specific Code input for plugin: SPI
2025-07-02 01:24:43,560 [INFO] BlockDiagram:2775 - set Specific Code input for plugin: NVIC
2025-07-02 01:24:43,560 [INFO] BlockDiagram:2775 - set Specific Code input for plugin: USART
2025-07-02 01:24:43,560 [INFO] BlockDiagram:2775 - set Specific Code input for plugin: USART
2025-07-02 01:24:43,560 [INFO] BlockDiagram:2775 - set Specific Code input for plugin: TIM1_8F1
2025-07-02 01:24:43,560 [INFO] BlockDiagram:2775 - set Specific Code input for plugin: SYS
2025-07-02 01:24:43,560 [INFO] BlockDiagram:2775 - set Specific Code input for plugin: GPIO
2025-07-02 01:24:43,560 [INFO] BlockDiagram:2775 - set Specific Code input for plugin: ADC
2025-07-02 01:24:43,560 [INFO] BlockDiagram:2775 - set Specific Code input for plugin: RCC
2025-07-02 01:24:43,562 [INFO] CodeGenerator:882 - code generatio: config db path: C:\ST\STM32CubeIDE_1.18.1\STM32CubeIDE\plugins\com.st.stm32cube.common.mx_6.14.1.202504091515\\db\
2025-07-02 01:24:43,648 [INFO] CodeEngine:263 - oldGeneratedFile, C:\Users\Luciano\Downloads\5to-Anio-main\5to-Anio-main\Tecnicas-Digitales-III\Tp_2\principal\Tp2-STM32-Sistema Embebido\MXTmpFiles\license.tmp_save
2025-07-02 01:24:43,723 [INFO] CodeEngine:287 - Generated code: C:\Users\Luciano\Downloads\5to-Anio-main\5to-Anio-main\Tecnicas-Digitales-III\Tp_2\principal\Tp2-STM32-Sistema Embebido\MXTmpFiles\license.tmp
2025-07-02 01:24:43,754 [INFO] CodeEngine:263 - oldGeneratedFile, C:\Users\Luciano\Downloads\5to-Anio-main\5to-Anio-main\Tecnicas-Digitales-III\Tp_2\principal\Tp2-STM32-Sistema Embebido\MXTmpFiles\gpio.tmp_save
2025-07-02 01:24:43,839 [INFO] CodeEngine:287 - Generated code: C:\Users\Luciano\Downloads\5to-Anio-main\5to-Anio-main\Tecnicas-Digitales-III\Tp_2\principal\Tp2-STM32-Sistema Embebido\MXTmpFiles\gpio.tmp
2025-07-02 01:24:44,036 [INFO] CodeEngine:263 - oldGeneratedFile, C:\Users\Luciano\Downloads\5to-Anio-main\5to-Anio-main\Tecnicas-Digitales-III\Tp_2\principal\Tp2-STM32-Sistema Embebido\Core\Src\stm32f1xx_it.c_save
2025-07-02 01:24:44,132 [INFO] CodeEngine:287 - Generated code: C:\Users\Luciano\Downloads\5to-Anio-main\5to-Anio-main\Tecnicas-Digitales-III\Tp_2\principal\Tp2-STM32-Sistema Embebido\Core\Src\stm32f1xx_it.c
2025-07-02 01:24:44,139 [INFO] CodeEngine:263 - oldGeneratedFile, C:\Users\Luciano\Downloads\5to-Anio-main\5to-Anio-main\Tecnicas-Digitales-III\Tp_2\principal\Tp2-STM32-Sistema Embebido\Core\Inc\stm32f1xx_it.h_save
2025-07-02 01:24:44,209 [INFO] CodeEngine:287 - Generated code: C:\Users\Luciano\Downloads\5to-Anio-main\5to-Anio-main\Tecnicas-Digitales-III\Tp_2\principal\Tp2-STM32-Sistema Embebido\Core\Inc\stm32f1xx_it.h
2025-07-02 01:24:44,223 [INFO] CodeEngine:263 - oldGeneratedFile, C:\Users\Luciano\Downloads\5to-Anio-main\5to-Anio-main\Tecnicas-Digitales-III\Tp_2\principal\Tp2-STM32-Sistema Embebido\Core\Src\stm32f1xx_hal_msp.c_save
2025-07-02 01:24:44,361 [INFO] CodeEngine:287 - Generated code: C:\Users\Luciano\Downloads\5to-Anio-main\5to-Anio-main\Tecnicas-Digitales-III\Tp_2\principal\Tp2-STM32-Sistema Embebido\Core\Src\stm32f1xx_hal_msp.c
2025-07-02 01:24:44,368 [INFO] CodeEngine:263 - oldGeneratedFile, C:\Users\Luciano\Downloads\5to-Anio-main\5to-Anio-main\Tecnicas-Digitales-III\Tp_2\principal\Tp2-STM32-Sistema Embebido\MXTmpFiles\system.tmp_save
2025-07-02 01:24:44,439 [INFO] CodeEngine:287 - Generated code: C:\Users\Luciano\Downloads\5to-Anio-main\5to-Anio-main\Tecnicas-Digitales-III\Tp_2\principal\Tp2-STM32-Sistema Embebido\MXTmpFiles\system.tmp
2025-07-02 01:24:44,453 [INFO] CodeEngine:319 - oldGeneratedFile, C:\Users\Luciano\Downloads\5to-Anio-main\5to-Anio-main\Tecnicas-Digitales-III\Tp_2\principal\Tp2-STM32-Sistema Embebido\Core\Inc\stm32f1xx_hal_conf.h_save
2025-07-02 01:24:44,535 [INFO] CodeEngine:343 - Generated code: C:\Users\Luciano\Downloads\5to-Anio-main\5to-Anio-main\Tecnicas-Digitales-III\Tp_2\principal\Tp2-STM32-Sistema Embebido\Core\Inc\stm32f1xx_hal_conf.h
2025-07-02 01:24:44,555 [INFO] ApiDbMcu:508 - Load IP Config File for ADC1
2025-07-02 01:24:44,557 [WARN] IPConfigManager:3790 - IP not found : TIM
2025-07-02 01:24:44,558 [WARN] CodeGenerator:4198 - IP not found : null
2025-07-02 01:24:44,570 [INFO] CodeEngine:263 - oldGeneratedFile, C:\Users\Luciano\Downloads\5to-Anio-main\5to-Anio-main\Tecnicas-Digitales-III\Tp_2\principal\Tp2-STM32-Sistema Embebido\Core\Inc\main.h_save
2025-07-02 01:24:44,654 [INFO] CodeEngine:287 - Generated code: C:\Users\Luciano\Downloads\5to-Anio-main\5to-Anio-main\Tecnicas-Digitales-III\Tp_2\principal\Tp2-STM32-Sistema Embebido\Core\Inc\main.h
2025-07-02 01:24:44,665 [INFO] CodeEngine:263 - oldGeneratedFile, C:\Users\Luciano\Downloads\5to-Anio-main\5to-Anio-main\Tecnicas-Digitales-III\Tp_2\principal\Tp2-STM32-Sistema Embebido\Core\Src\main.c_save
2025-07-02 01:24:44,818 [INFO] CodeEngine:287 - Generated code: C:\Users\Luciano\Downloads\5to-Anio-main\5to-Anio-main\Tecnicas-Digitales-III\Tp_2\principal\Tp2-STM32-Sistema Embebido\Core\Src\main.c
2025-07-02 01:24:45,215 [INFO] ProjectBuilder:3324 - Time for Copy HAL[1] : 215mS.
2025-07-02 01:24:45,223 [INFO] ProjectBuilder:4912 - Project Generator version: 4.6.0.1-B1
2025-07-02 01:24:45,321 [INFO] ConfigFileManager:1590 - The Die is : DIE410
2025-07-02 01:24:46,237 [INFO] ProjectBuilder:5191 - Time for Generating toolchain IDE Files: 1014mS.
2025-07-02 01:24:46,238 [INFO] ProjectBuilder:3181 - Time for Copy CMSIS : 1mS.
2025-07-02 01:24:46,241 [INFO] ProjectBuilder:3181 - Time for Copy CMSIS : 0mS.
2025-07-02 01:25:07,885 [INFO] RtosManager:967 - Current active RTOS is FREERTOS [Cortex-M3NS]
2025-07-02 01:25:08,118 [WARN] FreeRTOS:563 - Case being investigated as it may cause exception (when called to early by set config state
2025-07-02 01:25:08,265 [ERROR] RtosPanel:558 - Can not restore the selected Tab for FREERTOS(A reason can be that the tab is no more available.)
2025-07-02 01:25:08,351 [ERROR] RtosPanel:558 - Can not restore the selected Tab for FREERTOS(A reason can be that the tab is no more available.)
2025-07-02 01:33:51,627 [INFO] UtilMem:75 - End SaveConfig() Used Memory: 445515136 Bytes (959447040)
2025-07-02 01:34:43,187 [ERROR] LogOutputStream:75 - [STDERR_REDIRECT] Exception in thread "AWT-EventQueue-0" org.eclipse.swt.SWTException: Device is disposed
2025-07-02 01:34:43,190 [ERROR] LogOutputStream:75 - [STDERR_REDIRECT] 	at org.eclipse.swt.SWT.error(SWT.java:4922)
2025-07-02 01:34:43,193 [ERROR] LogOutputStream:75 - [STDERR_REDIRECT] 	at org.eclipse.swt.SWT.error(SWT.java:4837)
2025-07-02 01:34:43,195 [ERROR] LogOutputStream:75 - [STDERR_REDIRECT] 	at org.eclipse.swt.SWT.error(SWT.java:4808)
2025-07-02 01:34:43,197 [ERROR] LogOutputStream:75 - [STDERR_REDIRECT] 	at org.eclipse.swt.widgets.Display.error(Display.java:1311)
2025-07-02 01:34:43,199 [ERROR] LogOutputStream:75 - [STDERR_REDIRECT] 	at org.eclipse.swt.widgets.Display.asyncExec(Display.java:786)
2025-07-02 01:34:43,202 [ERROR] LogOutputStream:75 - [STDERR_REDIRECT] 	at com.st.stm32cube.common.mx.oss.core.awtswtbridge.AwtEnvironment$2.run(AwtEnvironment.java:168)
2025-07-02 01:34:43,205 [ERROR] LogOutputStream:75 - [STDERR_REDIRECT] 	at java.desktop/java.awt.event.InvocationEvent.dispatch(InvocationEvent.java:318)
2025-07-02 01:34:43,209 [ERROR] LogOutputStream:75 - [STDERR_REDIRECT] 	at java.desktop/java.awt.EventQueue.dispatchEventImpl(EventQueue.java:773)
2025-07-02 01:34:43,212 [ERROR] LogOutputStream:75 - [STDERR_REDIRECT] 	at java.desktop/java.awt.EventQueue$4.run(EventQueue.java:720)
2025-07-02 01:34:43,214 [ERROR] LogOutputStream:75 - [STDERR_REDIRECT] 	at java.desktop/java.awt.EventQueue$4.run(EventQueue.java:714)
2025-07-02 01:34:43,219 [ERROR] LogOutputStream:75 - [STDERR_REDIRECT] 	at java.base/java.security.AccessController.doPrivileged(AccessController.java:400)
2025-07-02 01:34:43,223 [ERROR] LogOutputStream:75 - [STDERR_REDIRECT] 	at java.base/java.security.ProtectionDomain$JavaSecurityAccessImpl.doIntersectionPrivilege(ProtectionDomain.java:87)
2025-07-02 01:34:43,227 [ERROR] LogOutputStream:75 - [STDERR_REDIRECT] 	at java.desktop/java.awt.EventQueue.dispatchEvent(EventQueue.java:742)
2025-07-02 01:34:43,232 [ERROR] LogOutputStream:75 - [STDERR_REDIRECT] 	at java.desktop/java.awt.EventDispatchThread.pumpOneEventForFilters(EventDispatchThread.java:203)
2025-07-02 01:34:43,238 [ERROR] LogOutputStream:75 - [STDERR_REDIRECT] 	at java.desktop/java.awt.EventDispatchThread.pumpEventsForFilter(EventDispatchThread.java:124)
2025-07-02 01:34:43,245 [ERROR] LogOutputStream:75 - [STDERR_REDIRECT] 	at java.desktop/java.awt.EventDispatchThread.pumpEventsForHierarchy(EventDispatchThread.java:113)
2025-07-02 01:34:43,250 [ERROR] LogOutputStream:75 - [STDERR_REDIRECT] 	at java.desktop/java.awt.EventDispatchThread.pumpEvents(EventDispatchThread.java:109)
2025-07-02 01:34:43,255 [ERROR] LogOutputStream:75 - [STDERR_REDIRECT] 	at java.desktop/java.awt.EventDispatchThread.pumpEvents(EventDispatchThread.java:101)
2025-07-02 01:34:43,259 [ERROR] LogOutputStream:75 - [STDERR_REDIRECT] 	at java.desktop/java.awt.EventDispatchThread.run(EventDispatchThread.java:90)
2025-07-02 01:34:43,467 [ERROR] LogOutputStream:75 - [STDERR_REDIRECT] 
2025-07-02 07:43:01,546 [INFO] Activator:176 - 


2025-07-02 07:43:01,549 [INFO] Activator:177 - !SESSION log4j initialized
2025-07-02 07:43:09,683 [INFO] LogOutputStream:77 - [STDOUT_REDIRECT] 
2025-07-02 07:43:11,711 [INFO] ApplicationProperties:184 - Using Application install path: C:\ST\STM32CubeIDE_1.18.1\STM32CubeIDE\plugins\com.st.stm32cube.common.mx_6.14.1.202504091515
2025-07-02 07:43:11,748 [INFO] DbMcusXml:78 - Set database path to: C:\ST\STM32CubeIDE_1.18.1\STM32CubeIDE\plugins\com.st.stm32cube.common.mx_6.14.1.202504091515\\db\/mcu/
2025-07-02 07:43:11,749 [INFO] ApiDb:274 - Set plugin database path to: C:\ST\STM32CubeIDE_1.18.1\STM32CubeIDE\plugins\com.st.stm32cube.common.mx_6.14.1.202504091515\\db\/plugins/boardmanager/
2025-07-02 07:43:11,750 [WARN] ApiDb:259 - Overriding images path with different value:  => C:\ST\STM32CubeIDE_1.18.1\STM32CubeIDE\plugins\com.st.stm32cube.common.mx_6.14.1.202504091515\\db\/plugins/mcufinder/images/
2025-07-02 07:43:11,762 [INFO] ApiDb:250 - Set database path to: C:\Users\Luciano\.stmcufinder\plugins\mcufinder//mcu/
2025-07-02 07:43:11,765 [INFO] DbMcusAds:125 - Set database path to: C:\Users\Luciano\.stmcufinder\plugins\mcufinder//mcu/
2025-07-02 07:43:11,770 [INFO] CrossReferenceDbSqlite:203 - Set database path to: C:\Users\Luciano\.stmcufinder\plugins\mcufinder//mcu/cs/
2025-07-02 07:43:12,065 [INFO] RulesReader:64 - Compatibility file has been processed (302 Rules)
2025-07-02 07:43:12,200 [INFO] DbMcusXml:78 - Set database path to: C:\ST\STM32CubeIDE_1.18.1\STM32CubeIDE\plugins\com.st.stm32cube.common.mx_6.14.1.202504091515\\db\/mcu/
2025-07-02 07:43:12,200 [INFO] ApiDb:274 - Set plugin database path to: C:\ST\STM32CubeIDE_1.18.1\STM32CubeIDE\plugins\com.st.stm32cube.common.mx_6.14.1.202504091515\\db\/plugins/boardmanager/
2025-07-02 07:43:12,201 [INFO] ApiDb:261 - Set plugin images path to: C:\ST\STM32CubeIDE_1.18.1\STM32CubeIDE\plugins\com.st.stm32cube.common.mx_6.14.1.202504091515\\db\/plugins/mcufinder/images/
2025-07-02 07:43:12,201 [WARN] DbFile:41 - Overriding database path with different value: C:\Users\Luciano\.stmcufinder\plugins\mcufinder/ => C:\Users\Luciano\.stmcufinder\plugins\mcufinder
2025-07-02 07:43:12,201 [INFO] ApiDb:250 - Set database path to: C:\Users\Luciano\.stmcufinder\plugins\mcufinder//mcu/
2025-07-02 07:43:12,201 [WARN] DbFile:41 - Overriding database path with different value: C:\Users\Luciano\.stmcufinder\plugins\mcufinder/ => C:\Users\Luciano\.stmcufinder\plugins\mcufinder
2025-07-02 07:43:12,201 [INFO] DbMcusAds:125 - Set database path to: C:\Users\Luciano\.stmcufinder\plugins\mcufinder//mcu/
2025-07-02 07:43:12,201 [WARN] DbFile:41 - Overriding database path with different value: C:\Users\Luciano\.stmcufinder\plugins\mcufinder/ => C:\Users\Luciano\.stmcufinder\plugins\mcufinder
2025-07-02 07:43:12,201 [WARN] DbFile:41 - Overriding database path with different value: C:\Users\Luciano\.stmcufinder\plugins\mcufinder/ => C:\Users\Luciano\.stmcufinder\plugins\mcufinder
2025-07-02 07:43:12,202 [INFO] CrossReferenceDbSqlite:203 - Set database path to: C:\Users\Luciano\.stmcufinder\plugins\mcufinder//mcu/cs/
2025-07-02 07:43:12,370 [INFO] MainPanel:272 - HeapMemory: 268435456
2025-07-02 07:43:12,599 [INFO] DbMcusXml:78 - Set database path to: C:\ST\STM32CubeIDE_1.18.1\STM32CubeIDE\plugins\com.st.stm32cube.common.mx_6.14.1.202504091515\\db\/mcu/
2025-07-02 07:43:12,599 [INFO] ApiDb:274 - Set plugin database path to: C:\ST\STM32CubeIDE_1.18.1\STM32CubeIDE\plugins\com.st.stm32cube.common.mx_6.14.1.202504091515\\db\/plugins/boardmanager/
2025-07-02 07:43:12,600 [INFO] ApiDb:261 - Set plugin images path to: C:\ST\STM32CubeIDE_1.18.1\STM32CubeIDE\plugins\com.st.stm32cube.common.mx_6.14.1.202504091515\\db\/plugins/mcufinder/images/
2025-07-02 07:43:12,600 [WARN] DbFile:41 - Overriding database path with different value: C:\Users\Luciano\.stmcufinder\plugins\mcufinder/ => C:\Users\Luciano\.stmcufinder\plugins\mcufinder
2025-07-02 07:43:12,601 [INFO] ApiDb:250 - Set database path to: C:\Users\Luciano\.stmcufinder\plugins\mcufinder//mcu/
2025-07-02 07:43:12,601 [WARN] DbFile:41 - Overriding database path with different value: C:\Users\Luciano\.stmcufinder\plugins\mcufinder/ => C:\Users\Luciano\.stmcufinder\plugins\mcufinder
2025-07-02 07:43:12,601 [INFO] DbMcusAds:125 - Set database path to: C:\Users\Luciano\.stmcufinder\plugins\mcufinder//mcu/
2025-07-02 07:43:12,601 [WARN] DbFile:41 - Overriding database path with different value: C:\Users\Luciano\.stmcufinder\plugins\mcufinder/ => C:\Users\Luciano\.stmcufinder\plugins\mcufinder
2025-07-02 07:43:12,601 [WARN] DbFile:41 - Overriding database path with different value: C:\Users\Luciano\.stmcufinder\plugins\mcufinder/ => C:\Users\Luciano\.stmcufinder\plugins\mcufinder
2025-07-02 07:43:12,601 [INFO] CrossReferenceDbSqlite:203 - Set database path to: C:\Users\Luciano\.stmcufinder\plugins\mcufinder//mcu/cs/
2025-07-02 07:43:12,641 [INFO] ApplicationProperties:184 - Using Application install path: C:\ST\STM32CubeIDE_1.18.1\STM32CubeIDE\plugins\com.st.stm32cube.common.mx_6.14.1.202504091515
2025-07-02 07:43:12,643 [INFO] PluginManage:196 - Search for loadable plugins [exclusion list=, ]
2025-07-02 07:43:12,645 [INFO] PluginManage:310 - Check plugin analytics
2025-07-02 07:43:13,024 [INFO] AnalyticsPlugin:253 - Accepted Software Licenses: 
2025-07-02 07:43:13,025 [INFO] AnalyticsPlugin:255 - Accepted CMSIS Pack Licenses: 
2025-07-02 07:43:13,025 [INFO] AnalyticsPlugin:257 - Accepted Firmware Licenses: 
2025-07-02 07:43:13,030 [INFO] PluginManage:359 - Loaded plugin analytics (category:tool,tabindex:-1)
2025-07-02 07:43:13,030 [INFO] PluginManage:310 - Check plugin cadmodel
2025-07-02 07:43:13,040 [INFO] CADModel:105 - Init CAD model plugin
2025-07-02 07:43:13,040 [INFO] PluginManage:359 - Loaded plugin cadmodel (category:power,tabindex:5)
2025-07-02 07:43:13,040 [INFO] PluginManage:310 - Check plugin clock
2025-07-02 07:43:13,058 [INFO] PluginManage:359 - Loaded plugin clock (category:base,tabindex:2)
2025-07-02 07:43:13,059 [INFO] PluginManage:310 - Check plugin ddr
2025-07-02 07:43:13,063 [INFO] PluginManage:359 - Loaded plugin ddr (category:tool,tabindex:6)
2025-07-02 07:43:13,063 [INFO] PluginManage:310 - Check plugin filemanager
2025-07-02 07:43:13,389 [INFO] PluginManage:359 - Loaded plugin filemanager (category:base,tabindex:10)
2025-07-02 07:43:13,389 [INFO] PluginManage:310 - Check plugin ipmanager
2025-07-02 07:43:13,402 [INFO] PluginManage:359 - Loaded plugin ipmanager (category:base,tabindex:5)
2025-07-02 07:43:13,403 [INFO] PluginManage:310 - Check plugin lpbam
2025-07-02 07:43:13,419 [INFO] PluginManage:359 - Loaded plugin lpbam (category:base,tabindex:0)
2025-07-02 07:43:13,420 [INFO] PluginManage:310 - Check plugin memorymap
2025-07-02 07:43:13,452 [INFO] PluginManage:359 - Loaded plugin memorymap (category:base,tabindex:4)
2025-07-02 07:43:13,453 [INFO] PluginManage:310 - Check plugin pinoutandconfiguration
2025-07-02 07:43:13,477 [INFO] PluginManage:359 - Loaded plugin pinoutandconfiguration (category:base,tabindex:1)
2025-07-02 07:43:13,477 [INFO] PluginManage:310 - Check plugin pinoutconfig
2025-07-02 07:43:13,643 [WARN] SupportedApi:132 - Cannot load RTOS API schema: s4s-elt-must-match.1: The content of 'definitions' must match (annotation?, (simpleType | complexType)?, (unique | key | keyref)*)). A problem was found starting at: attribute.
2025-07-02 07:43:13,828 [INFO] PluginManage:359 - Loaded plugin pinoutconfig (category:base,tabindex:0)
2025-07-02 07:43:13,828 [INFO] PluginManage:310 - Check plugin power
2025-07-02 07:43:13,859 [INFO] PluginManage:359 - Loaded plugin power (category:power,tabindex:4)
2025-07-02 07:43:13,860 [INFO] PluginManage:310 - Check plugin projectmanager
2025-07-02 07:43:13,883 [INFO] PluginManage:359 - Loaded plugin projectmanager (category:projectmanager,tabindex:4)
2025-07-02 07:43:13,884 [INFO] PluginManage:310 - Check plugin rif
2025-07-02 07:43:13,895 [INFO] PluginManage:359 - Loaded plugin rif (category:base,tabindex:3)
2025-07-02 07:43:13,895 [INFO] PluginManage:310 - Check plugin thirdparty
2025-07-02 07:43:14,118 [INFO] PluginManage:359 - Loaded plugin thirdparty (category:base,tabindex:-1)
2025-07-02 07:43:14,118 [INFO] PluginManage:310 - Check plugin tools
2025-07-02 07:43:14,118 [WARN] IntegrityCheckThread:84 - waiting for thirdparty lock release [integrity check]
2025-07-02 07:43:14,119 [INFO] IntegrityCheckThread:86 - entering critical section [integrity check]
2025-07-02 07:43:14,120 [INFO] ThirdPartyUpdaterWithRetryManager:70 - Updater plugin not ready yet. [1/15]
2025-07-02 07:43:14,122 [INFO] PluginManage:359 - Loaded plugin tools (category:base,tabindex:7)
2025-07-02 07:43:14,123 [INFO] PluginManage:310 - Check plugin tutovideos
2025-07-02 07:43:14,391 [INFO] PluginManage:359 - Loaded plugin tutovideos (category:base,tabindex:-1)
2025-07-02 07:43:14,392 [INFO] PluginManage:310 - Check plugin updater
2025-07-02 07:43:14,426 [INFO] PluginManage:359 - Loaded plugin updater (category:base,tabindex:12)
2025-07-02 07:43:14,426 [INFO] PluginManage:310 - Check plugin userauth
2025-07-02 07:43:14,433 [INFO] UserAuth:118 - Init User Auth plugin
2025-07-02 07:43:14,434 [INFO] PluginManage:359 - Loaded plugin userauth (category:base,tabindex:14)
2025-07-02 07:43:14,436 [INFO] PluginManage:283 - PluginManage : Loaded plugins [18]
2025-07-02 07:43:14,725 [INFO] PinOutPanel:1589 - setPackage(No Configuration,No Configuration)
2025-07-02 07:43:14,836 [INFO] CADModel:165 - CPN selected for project level
2025-07-02 07:43:14,837 [INFO] CADModel:114 - Register for checkConnection events
2025-07-02 07:43:14,870 [INFO] IPUIPlugin:80 - create IPUIPlugin
2025-07-02 07:43:14,870 [INFO] PluginManager:220 - loadIPPluginJar : add adc
2025-07-02 07:43:14,877 [INFO] IPUIPlugin:80 - create IPUIPlugin
2025-07-02 07:43:14,877 [INFO] PluginManager:220 - loadIPPluginJar : add aes
2025-07-02 07:43:14,885 [INFO] IPUIPlugin:80 - create IPUIPlugin
2025-07-02 07:43:14,885 [INFO] PluginManager:220 - loadIPPluginJar : add can
2025-07-02 07:43:14,890 [INFO] IPUIPlugin:80 - create IPUIPlugin
2025-07-02 07:43:14,890 [INFO] PluginManager:220 - loadIPPluginJar : add comp
2025-07-02 07:43:14,896 [INFO] IPUIPlugin:80 - create IPUIPlugin
2025-07-02 07:43:14,896 [INFO] PluginManager:220 - loadIPPluginJar : add cryp
2025-07-02 07:43:14,918 [INFO] IPUIPlugin:80 - create IPUIPlugin
2025-07-02 07:43:14,919 [INFO] PluginManager:220 - loadIPPluginJar : add ddr_ctrl_phy
2025-07-02 07:43:14,924 [INFO] IPUIPlugin:80 - create IPUIPlugin
2025-07-02 07:43:14,924 [INFO] PluginManager:220 - loadIPPluginJar : add dfsdm
2025-07-02 07:43:14,933 [INFO] IPUIPlugin:80 - create IPUIPlugin
2025-07-02 07:43:14,934 [INFO] PluginManager:220 - loadIPPluginJar : add dma
2025-07-02 07:43:14,938 [INFO] IPUIPlugin:80 - create IPUIPlugin
2025-07-02 07:43:14,939 [INFO] PluginManager:220 - loadIPPluginJar : add dma3
2025-07-02 07:43:14,944 [INFO] IPUIPlugin:80 - create IPUIPlugin
2025-07-02 07:43:14,944 [INFO] PluginManager:220 - loadIPPluginJar : add extmemmanager
2025-07-02 07:43:14,947 [INFO] IPUIPlugin:80 - create IPUIPlugin
2025-07-02 07:43:14,947 [INFO] PluginManager:220 - loadIPPluginJar : add fatfs
2025-07-02 07:43:14,955 [INFO] IPUIPlugin:80 - create IPUIPlugin
2025-07-02 07:43:14,955 [INFO] PluginManager:220 - loadIPPluginJar : add fmc
2025-07-02 07:43:14,963 [INFO] IPUIPlugin:80 - create IPUIPlugin
2025-07-02 07:43:14,964 [INFO] PluginManager:220 - loadIPPluginJar : add freertos
2025-07-02 07:43:14,966 [INFO] IPUIPlugin:80 - create IPUIPlugin
2025-07-02 07:43:14,966 [INFO] PluginManager:220 - loadIPPluginJar : add genericplugin
2025-07-02 07:43:14,971 [INFO] IPUIPlugin:80 - create IPUIPlugin
2025-07-02 07:43:14,971 [INFO] PluginManager:220 - loadIPPluginJar : add gfxmmu
2025-07-02 07:43:14,978 [INFO] IPUIPlugin:80 - create IPUIPlugin
2025-07-02 07:43:14,978 [INFO] PluginManager:220 - loadIPPluginJar : add gic
2025-07-02 07:43:14,986 [INFO] IPUIPlugin:80 - create IPUIPlugin
2025-07-02 07:43:14,986 [INFO] PluginManager:220 - loadIPPluginJar : add gpio
2025-07-02 07:43:14,992 [INFO] IPUIPlugin:80 - create IPUIPlugin
2025-07-02 07:43:14,992 [INFO] PluginManager:220 - loadIPPluginJar : add gtzc
2025-07-02 07:43:14,996 [INFO] IPUIPlugin:80 - create IPUIPlugin
2025-07-02 07:43:14,997 [INFO] PluginManager:220 - loadIPPluginJar : add hash
2025-07-02 07:43:15,003 [INFO] IPUIPlugin:80 - create IPUIPlugin
2025-07-02 07:43:15,003 [INFO] PluginManager:220 - loadIPPluginJar : add i2c
2025-07-02 07:43:15,008 [INFO] IPUIPlugin:80 - create IPUIPlugin
2025-07-02 07:43:15,008 [INFO] PluginManager:220 - loadIPPluginJar : add i2s
2025-07-02 07:43:15,014 [INFO] IPUIPlugin:80 - create IPUIPlugin
2025-07-02 07:43:15,014 [INFO] PluginManager:220 - loadIPPluginJar : add i3c
2025-07-02 07:43:15,020 [INFO] IPUIPlugin:80 - create IPUIPlugin
2025-07-02 07:43:15,020 [INFO] PluginManager:220 - loadIPPluginJar : add ipddr
2025-07-02 07:43:15,032 [INFO] IPUIPlugin:80 - create IPUIPlugin
2025-07-02 07:43:15,033 [INFO] PluginManager:220 - loadIPPluginJar : add linkedlist
2025-07-02 07:43:15,037 [INFO] IPUIPlugin:80 - create IPUIPlugin
2025-07-02 07:43:15,037 [INFO] PluginManager:220 - loadIPPluginJar : add lorawan
2025-07-02 07:43:15,040 [INFO] IPUIPlugin:80 - create IPUIPlugin
2025-07-02 07:43:15,040 [INFO] PluginManager:220 - loadIPPluginJar : add ltdc
2025-07-02 07:43:15,047 [INFO] IPUIPlugin:80 - create IPUIPlugin
2025-07-02 07:43:15,048 [INFO] PluginManager:220 - loadIPPluginJar : add mdma
2025-07-02 07:43:15,054 [INFO] IPUIPlugin:80 - create IPUIPlugin
2025-07-02 07:43:15,054 [INFO] PluginManager:220 - loadIPPluginJar : add nvic
2025-07-02 07:43:15,060 [INFO] IPUIPlugin:80 - create IPUIPlugin
2025-07-02 07:43:15,060 [INFO] PluginManager:220 - loadIPPluginJar : add opamp
2025-07-02 07:43:15,066 [INFO] IPUIPlugin:80 - create IPUIPlugin
2025-07-02 07:43:15,066 [INFO] PluginManager:220 - loadIPPluginJar : add openamp
2025-07-02 07:43:15,071 [INFO] IPUIPlugin:80 - create IPUIPlugin
2025-07-02 07:43:15,071 [INFO] PluginManager:220 - loadIPPluginJar : add pdm2pcm
2025-07-02 07:43:15,081 [INFO] IPUIPlugin:80 - create IPUIPlugin
2025-07-02 07:43:15,085 [INFO] PluginManager:220 - loadIPPluginJar : add plateformsettings
2025-07-02 07:43:15,090 [INFO] IPUIPlugin:80 - create IPUIPlugin
2025-07-02 07:43:15,090 [INFO] PluginManager:220 - loadIPPluginJar : add quadspi
2025-07-02 07:43:15,093 [INFO] IPUIPlugin:80 - create IPUIPlugin
2025-07-02 07:43:15,095 [INFO] PluginManager:220 - loadIPPluginJar : add radio
2025-07-02 07:43:15,102 [INFO] IPUIPlugin:80 - create IPUIPlugin
2025-07-02 07:43:15,102 [INFO] PluginManager:220 - loadIPPluginJar : add resmgrutility
2025-07-02 07:43:15,108 [INFO] IPUIPlugin:80 - create IPUIPlugin
2025-07-02 07:43:15,108 [INFO] PluginManager:220 - loadIPPluginJar : add sai
2025-07-02 07:43:15,112 [INFO] IPUIPlugin:80 - create IPUIPlugin
2025-07-02 07:43:15,112 [INFO] PluginManager:220 - loadIPPluginJar : add spi
2025-07-02 07:43:15,119 [INFO] IPUIPlugin:80 - create IPUIPlugin
2025-07-02 07:43:15,119 [INFO] PluginManager:220 - loadIPPluginJar : add stm32_wpan
2025-07-02 07:43:15,121 [INFO] IPUIPlugin:80 - create IPUIPlugin
2025-07-02 07:43:15,121 [INFO] PluginManager:220 - loadIPPluginJar : add tim
2025-07-02 07:43:15,125 [INFO] IPUIPlugin:80 - create IPUIPlugin
2025-07-02 07:43:15,125 [INFO] PluginManager:220 - loadIPPluginJar : add touchsensing
2025-07-02 07:43:15,129 [INFO] IPUIPlugin:80 - create IPUIPlugin
2025-07-02 07:43:15,129 [INFO] PluginManager:220 - loadIPPluginJar : add tracer_emb
2025-07-02 07:43:15,131 [INFO] IPUIPlugin:80 - create IPUIPlugin
2025-07-02 07:43:15,131 [INFO] PluginManager:220 - loadIPPluginJar : add ts
2025-07-02 07:43:15,133 [INFO] IPUIPlugin:80 - create IPUIPlugin
2025-07-02 07:43:15,133 [INFO] PluginManager:220 - loadIPPluginJar : add tsc
2025-07-02 07:43:15,136 [INFO] IPUIPlugin:80 - create IPUIPlugin
2025-07-02 07:43:15,136 [INFO] PluginManager:220 - loadIPPluginJar : add ucpd
2025-07-02 07:43:15,139 [INFO] IPUIPlugin:80 - create IPUIPlugin
2025-07-02 07:43:15,139 [INFO] PluginManager:220 - loadIPPluginJar : add usart
2025-07-02 07:43:15,142 [INFO] IPUIPlugin:80 - create IPUIPlugin
2025-07-02 07:43:15,142 [INFO] PluginManager:220 - loadIPPluginJar : add usbx
2025-07-02 07:43:15,281 [FATAL] Updater:351 - Updater called before beeing initialized
2025-07-02 07:43:15,330 [INFO] RulesReader:64 - Compatibility file has been processed (302 Rules)
2025-07-02 07:43:15,343 [INFO] RulesReader:64 - Compatibility file has been processed (302 Rules)
2025-07-02 07:43:15,356 [INFO] CADModel:165 - CPN selected for project level
2025-07-02 07:43:15,356 [INFO] CADModel:114 - Register for checkConnection events
2025-07-02 07:43:15,356 [FATAL] Updater:351 - Updater called before beeing initialized
2025-07-02 07:43:15,356 [ERROR] CADModel:125 - Updater not yet initialized, retry later 
2025-07-02 07:43:15,594 [FATAL] Updater:351 - Updater called before beeing initialized
2025-07-02 07:43:15,597 [INFO] CADModel:165 - CPN selected for project level
2025-07-02 07:43:15,597 [INFO] CADModel:114 - Register for checkConnection events
2025-07-02 07:43:15,597 [FATAL] Updater:351 - Updater called before beeing initialized
2025-07-02 07:43:15,597 [ERROR] CADModel:125 - Updater not yet initialized, retry later 
2025-07-02 07:43:15,603 [FATAL] Updater:351 - Updater called before beeing initialized
2025-07-02 07:43:15,722 [FATAL] Updater:351 - Updater called before beeing initialized
2025-07-02 07:43:15,731 [INFO] DbMcusAds:53 - JSON generation date=Thu Jun 19 05:32:37 ART 2025 (1750321957418)
2025-07-02 07:43:15,731 [FATAL] Updater:351 - Updater called before beeing initialized
2025-07-02 07:43:15,811 [WARN] DetailPanel:346 - Failed to get advertising image, set to default
2025-07-02 07:43:16,149 [FATAL] Updater:351 - Updater called before beeing initialized
2025-07-02 07:43:16,151 [FATAL] Updater:351 - Updater called before beeing initialized
2025-07-02 07:43:16,151 [FATAL] Updater:351 - Updater called before beeing initialized
2025-07-02 07:43:16,151 [WARN] DetailPanel:346 - Failed to get advertising image, set to default
2025-07-02 07:43:16,152 [FATAL] Updater:351 - Updater called before beeing initialized
2025-07-02 07:43:16,214 [ERROR] Updater:1198 - MainUpdater not yet initialized. External WinMGr cannot be set.
2025-07-02 07:43:16,217 [INFO] Updater:1134 - Updater Version found : 6.14.1
2025-07-02 07:43:16,246 [INFO] ApplicationProperties:184 - Using Application install path: C:\ST\STM32CubeIDE_1.18.1\STM32CubeIDE\plugins\com.st.stm32cube.common.mx_6.14.1.202504091515
2025-07-02 07:43:16,597 [INFO] MainUpdater:2872 - connection check result : 10
2025-07-02 07:43:16,598 [INFO] MainUpdater:289 - Updater Check For Update Now.
2025-07-02 07:43:16,599 [INFO] MicroXplorer:498 - Change Database Version : DB.6.0.141
2025-07-02 07:43:16,616 [INFO] McuFinderGlobals:63 - Set McuFinder mode to 2 (CubeIDE integrated)
2025-07-02 07:43:16,618 [INFO] UserAuth:484 - Internet connection configuration mode: 1
2025-07-02 07:43:16,677 [INFO] JxBrowserEngine:152 - Initiate JxBrowser Engine with user profile folder
2025-07-02 07:43:16,843 [INFO] CheckServerUpdateThread:120 - End of CheckServer Thread
2025-07-02 07:43:17,769 [INFO] McuFinderGlobals:63 - Set McuFinder mode to 2 (CubeIDE integrated)
2025-07-02 07:43:17,771 [WARN] PackLoader:240 - Cannot read IP mode file for STMicroelectronics.FP-SNS-MOTENVWB1.1.4.0
2025-07-02 07:43:17,789 [INFO] MainUpdater:2872 - connection check result : 10
2025-07-02 07:43:17,789 [WARN] PackLoader:240 - Cannot read IP mode file for STMicroelectronics.FP-ATR-ASTRA1.2.0.2
2025-07-02 07:43:17,793 [INFO] MainUpdater:2872 - connection check result : 10
2025-07-02 07:43:17,805 [WARN] PackLoader:240 - Cannot read IP mode file for STMicroelectronics.X-CUBE-SMBUS.2.1.0
2025-07-02 07:43:17,817 [WARN] PackLoader:240 - Cannot read IP mode file for STMicroelectronics.X-CUBE-ST60.1.0.0
2025-07-02 07:43:17,893 [WARN] PackLoader:240 - Cannot read IP mode file for STMicroelectronics.X-CUBE-AZRTOS-F7.1.1.0
2025-07-02 07:43:17,957 [WARN] PackLoader:240 - Cannot read IP mode file for Infineon.AIROC-Wi-Fi-Bluetooth-STM32.1.7.0
2025-07-02 07:43:18,018 [INFO] MicroXplorer:468 - Change Database Path : 
2025-07-02 07:43:18,019 [INFO] MicroXplorer:498 - Change Database Version : DB.6.0.141
2025-07-02 07:43:18,022 [WARN] PackLoader:240 - Cannot read IP mode file for STMicroelectronics.X-CUBE-DISPLAY.3.0.0
2025-07-02 07:43:18,054 [WARN] PackLoader:240 - Cannot read IP mode file for STMicroelectronics.X-CUBE-NFC10.1.0.0
2025-07-02 07:43:18,077 [WARN] PackLoader:240 - Cannot read IP mode file for STMicroelectronics.X-CUBE-BLEMGR.4.0.0
2025-07-02 07:43:18,079 [WARN] ThirdParty:871 - waiting for thirdparty lock release [close project]
2025-07-02 07:43:18,094 [WARN] PackLoader:240 - Cannot read IP mode file for emotas.I-CUBE-CANOPEN.1.3.0
2025-07-02 07:43:18,104 [WARN] ConditionMgr:438 - getConditionDescription Invalid condition id : Cortex-A Device cause : null
2025-07-02 07:43:18,127 [WARN] ConditionMgr:1044 - genDependencies : Invalid condition id : Cortex-A Device cause : null
2025-07-02 07:43:18,127 [WARN] ConditionMgr:1044 - genDependencies : Invalid condition id : Cortex-A Device cause : null
2025-07-02 07:43:18,127 [WARN] ConditionMgr:1044 - genDependencies : Invalid condition id : Cortex-A Device cause : null
2025-07-02 07:43:18,137 [WARN] PackLoader:240 - Cannot read IP mode file for STMicroelectronics.FP-SNS-SMARTAG2.1.2.0
2025-07-02 07:43:18,145 [WARN] PackLoader:240 - Cannot read IP mode file for STMicroelectronics.FP-SNS-FLIGHT1.5.1.0
2025-07-02 07:43:18,169 [INFO] LogOutputStream:77 - [STDOUT_REDIRECT] 1 : Invalid condition id : UX_CORESTACK_Condition cause : null
2025-07-02 07:43:18,170 [INFO] LogOutputStream:77 - [STDOUT_REDIRECT] 1 : Invalid condition id : UX_CORESTACK_Condition cause : null
2025-07-02 07:43:18,173 [INFO] LogOutputStream:77 - [STDOUT_REDIRECT] 1 : Invalid condition id : UX_CORESTACK_Condition cause : null
2025-07-02 07:43:18,174 [INFO] LogOutputStream:77 - [STDOUT_REDIRECT] 1 : Invalid condition id : UX_CORESTACK_Condition cause : null
2025-07-02 07:43:18,176 [INFO] LogOutputStream:77 - [STDOUT_REDIRECT] 1 : Invalid condition id : UX_CORESTACK_Condition cause : null
2025-07-02 07:43:18,181 [WARN] PackLoader:240 - Cannot read IP mode file for STMicroelectronics.X-CUBE-AZRTOS-WL.2.0.0
2025-07-02 07:43:18,194 [WARN] PackLoader:240 - Cannot read IP mode file for STMicroelectronics.FP-SNS-MOTENV1.5.0.0
2025-07-02 07:43:18,217 [WARN] PackLoader:240 - Cannot read IP mode file for WES.I-CUBE-Cesium.1.3.0
2025-07-02 07:43:18,229 [WARN] PackLoader:240 - Cannot read IP mode file for STMicroelectronics.X-CUBE-BLE2.3.3.0
2025-07-02 07:43:18,239 [WARN] PackLoader:240 - Cannot read IP mode file for STMicroelectronics.X-CUBE-NFC9.1.0.0
2025-07-02 07:43:18,250 [WARN] PackLoader:240 - Cannot read IP mode file for wolfSSL.I-CUBE-wolfSSL.5.8.0
2025-07-02 07:43:18,259 [WARN] PackLoader:240 - Cannot read IP mode file for STMicroelectronics.X-CUBE-BLE1.7.1.0
2025-07-02 07:43:18,267 [WARN] PackLoader:240 - Cannot read IP mode file for wolfSSL.I-CUBE-wolfMQTT.1.19.2
2025-07-02 07:43:18,275 [WARN] PackLoader:240 - Cannot read IP mode file for STMicroelectronics.X-CUBE-AI.10.1.0
2025-07-02 07:43:18,341 [WARN] PackLoader:240 - Cannot read IP mode file for STMicroelectronics.X-CUBE-MEMS1.11.2.0
2025-07-02 07:43:18,517 [WARN] PackLoader:240 - Cannot read IP mode file for STMicroelectronics.X-CUBE-AZRTOS-G0.1.1.0
2025-07-02 07:43:18,528 [WARN] PackLoader:240 - Cannot read IP mode file for STMicroelectronics.X-CUBE-SAFEA1.1.2.2
2025-07-02 07:43:18,537 [WARN] PackLoader:240 - Cannot read IP mode file for STMicroelectronics.X-CUBE-NFC4.3.0.0
2025-07-02 07:43:18,551 [WARN] PackLoader:240 - Cannot read IP mode file for EmbeddedOffice.I-CUBE-FS-RTOS.1.0.1
2025-07-02 07:43:18,551 [INFO] WebApp:169 - Instantiating new browser for Auth
2025-07-02 07:43:18,561 [WARN] PackLoader:240 - Cannot read IP mode file for STMicroelectronics.X-CUBE-WB05N.2.0.0
2025-07-02 07:43:18,569 [WARN] PackLoader:240 - Cannot read IP mode file for wolfSSL.I-CUBE-wolfTPM.3.8.0
2025-07-02 07:43:18,582 [WARN] PackLoader:240 - Cannot read IP mode file for STMicroelectronics.X-CUBE-TCPP.4.2.0
2025-07-02 07:43:18,599 [WARN] PackLoader:240 - Cannot read IP mode file for RealThread.X-CUBE-RT-Thread_Nano.4.1.1
2025-07-02 07:43:18,611 [WARN] PackLoader:240 - Cannot read IP mode file for STMicroelectronics.FP-ATR-SIGFOX1.3.2.0
2025-07-02 07:43:18,633 [WARN] PackLoader:240 - Cannot read IP mode file for STMicroelectronics.X-CUBE-EEPRMA1.5.1.0
2025-07-02 07:43:18,649 [WARN] PackLoader:240 - Cannot read IP mode file for ITTIA_DB.I-CUBE-ITTIADB.8.9.0
2025-07-02 07:43:18,659 [WARN] PackLoader:240 - Cannot read IP mode file for STMicroelectronics.X-CUBE-ST67W61.1.0.0
2025-07-02 07:43:18,702 [WARN] PackLoader:240 - Cannot read IP mode file for SEGGER.I-CUBE-embOS.1.3.1
2025-07-02 07:43:18,772 [WARN] PackLoader:240 - Cannot read IP mode file for STMicroelectronics.X-CUBE-ALGOBUILD.1.4.0
2025-07-02 07:43:18,836 [WARN] PackLoader:240 - Cannot read IP mode file for STMicroelectronics.X-CUBE-MEMS1.11.3.0
2025-07-02 07:43:18,964 [WARN] PackLoader:240 - Cannot read IP mode file for STMicroelectronics.X-CUBE-PM33A1.1.0.0
2025-07-02 07:43:19,021 [WARN] PackLoader:240 - Cannot read IP mode file for STMicroelectronics.X-CUBE-AZRTOS-F4.1.1.0
2025-07-02 07:43:19,036 [WARN] PackLoader:240 - Cannot read IP mode file for Avnet-IotConnect.X-CUBE-IoTC-DA16k-PMOD.1.0.0
2025-07-02 07:43:19,044 [WARN] PackLoader:240 - Cannot read IP mode file for STMicroelectronics.X-CUBE-ISPU.2.1.0
2025-07-02 07:43:19,066 [WARN] PackLoader:240 - Cannot read IP mode file for STMicroelectronics.X-CUBE-AZRTOS-L5.2.0.0
2025-07-02 07:43:19,100 [WARN] PackLoader:240 - Cannot read IP mode file for STMicroelectronics.X-CUBE-NFC6.3.1.0
2025-07-02 07:43:19,106 [WARN] PackLoader:240 - Cannot read IP mode file for STMicroelectronics.X-CUBE-FREERTOS.1.3.1
2025-07-02 07:43:19,118 [WARN] PackLoader:240 - Cannot read IP mode file for STMicroelectronics.FP-SNS-STAIOTCFT.1.0.0
2025-07-02 07:43:19,127 [WARN] PackLoader:240 - Cannot read IP mode file for STMicroelectronics.X-CUBE-DPower.1.3.0
2025-07-02 07:43:19,146 [WARN] ConditionMgr:438 - getConditionDescription Invalid condition id : LAN8742 Phy interface Condition cause : null
2025-07-02 07:43:19,152 [WARN] PackLoader:240 - Cannot read IP mode file for STMicroelectronics.X-CUBE-AZRTOS-L4.2.0.0
2025-07-02 07:43:19,152 [WARN] ConditionMgr:1044 - genDependencies : Invalid condition id : LAN8742 Phy interface Condition cause : null
2025-07-02 07:43:19,152 [WARN] ConditionMgr:1044 - genDependencies : Invalid condition id : LAN8742 Phy interface Condition cause : null
2025-07-02 07:43:19,155 [WARN] ConditionMgr:1044 - genDependencies : Invalid condition id : LAN8742 Phy interface Condition cause : null
2025-07-02 07:43:19,171 [WARN] PackLoader:240 - Cannot read IP mode file for STMicroelectronics.X-CUBE-SFXS2LP1.4.0.0
2025-07-02 07:43:19,191 [WARN] PackLoader:240 - Cannot read IP mode file for STMicroelectronics.X-CUBE-AZRTOS-H7.3.3.0
2025-07-02 07:43:19,207 [WARN] ConditionMgr:438 - getConditionDescription Invalid condition id : UX DEVICE CLASS RTOS Condition cause : null
2025-07-02 07:43:19,207 [WARN] ConditionMgr:438 - getConditionDescription Invalid condition id : UX DEVICE CLASS RTOS Condition cause : null
2025-07-02 07:43:19,207 [WARN] PackLoader:240 - Cannot read IP mode file for STMicroelectronics.X-CUBE-AZRTOS-WB.2.0.0
2025-07-02 07:43:19,216 [WARN] ConditionMgr:1044 - genDependencies : Invalid condition id : UX DEVICE CLASS RTOS Condition cause : null
2025-07-02 07:43:19,216 [WARN] ConditionMgr:1044 - genDependencies : Invalid condition id : UX DEVICE CLASS RTOS Condition cause : null
2025-07-02 07:43:19,217 [WARN] ConditionMgr:1044 - genDependencies : Invalid condition id : UX DEVICE CLASS RTOS Condition cause : null
2025-07-02 07:43:19,217 [WARN] ConditionMgr:1044 - genDependencies : Invalid condition id : UX DEVICE CLASS RTOS Condition cause : null
2025-07-02 07:43:19,217 [WARN] ConditionMgr:1044 - genDependencies : Invalid condition id : UX DEVICE CLASS RTOS Condition cause : null
2025-07-02 07:43:19,223 [WARN] PackLoader:240 - Cannot read IP mode file for STMicroelectronics.X-CUBE-GNSS1.7.0.1
2025-07-02 07:43:19,231 [WARN] PackLoader:240 - Cannot read IP mode file for STMicroelectronics.X-CUBE-TOUCHGFX.4.25.0
2025-07-02 07:43:19,239 [WARN] PackLoader:240 - Cannot read IP mode file for STMicroelectronics.FP-SNS-STBOX1.2.0.0
2025-07-02 07:43:19,261 [WARN] PackLoader:240 - Cannot read IP mode file for STMicroelectronics.X-CUBE-SUBG2.5.0.0
2025-07-02 07:43:19,297 [WARN] PackLoader:240 - Cannot read IP mode file for STMicroelectronics.X-CUBE-AZRTOS-H7RS.1.1.0
2025-07-02 07:43:19,305 [WARN] PackLoader:240 - Cannot read IP mode file for Cesanta.I-CUBE-Mongoose.7.13.0
2025-07-02 07:43:19,316 [WARN] PackLoader:240 - Cannot read IP mode file for STMicroelectronics.X-CUBE-AZRTOS-G4.2.0.0
2025-07-02 07:43:19,332 [WARN] PackLoader:240 - Cannot read IP mode file for wolfSSL.I-CUBE-wolfSSH.1.4.20
2025-07-02 07:43:19,340 [WARN] PackLoader:240 - Cannot read IP mode file for STMicroelectronics.X-CUBE-NFC7.2.0.0
2025-07-02 07:43:19,359 [WARN] PackLoader:240 - Cannot read IP mode file for STMicroelectronics.X-CUBE-IPS.3.1.0
2025-07-02 07:43:19,367 [WARN] PackLoader:240 - Cannot read IP mode file for STMicroelectronics.X-CUBE-ALS.1.0.2
2025-07-02 07:43:19,379 [WARN] PackLoader:240 - Cannot read IP mode file for portGmbH.I-Cube-SoM-uGOAL.1.1.0
2025-07-02 07:43:19,391 [WARN] PackLoader:240 - Cannot read IP mode file for STMicroelectronics.X-CUBE-TOF1.3.4.3
2025-07-02 07:43:19,398 [INFO] ThirdParty:978 - Integrity check success = true
2025-07-02 07:43:19,398 [INFO] IntegrityCheckThread:100 - exiting critical section [integrity check]
2025-07-02 07:43:19,398 [INFO] IntegrityCheckThread:103 - End integrity checks thread
2025-07-02 07:43:19,398 [INFO] ThirdParty:873 - entering critical section [close project]
2025-07-02 07:43:19,407 [INFO] ThirdParty:883 - exiting critical section [close project]
2025-07-02 07:43:19,411 [INFO] PinOutPanel:1589 - setPackage(No Configuration,No Configuration)
2025-07-02 07:43:19,420 [INFO] UtilMem:75 - Begin LoadConfig() Used Memory: 230959096 Bytes (342884352)
2025-07-02 07:43:19,423 [INFO] MicroXplorer:468 - Change Database Path : 
2025-07-02 07:43:19,423 [INFO] MicroXplorer:498 - Change Database Version : DB.6.0.141
2025-07-02 07:43:19,423 [INFO] OpenFileManager:354 - Change cursor
2025-07-02 07:43:19,464 [INFO] Mcu:2011 - Initializing MCU STM32F103C(8-B)Tx STM32F103C8Tx STM32F103C8T6
2025-07-02 07:43:20,405 [INFO] WebApp:463 - Apply proxy settings
2025-07-02 07:43:20,406 [INFO] WebApp:548 - Chromium requires no authentication
2025-07-02 07:43:20,431 [INFO] WebApp:491 - Direct internet connection detected
2025-07-02 07:43:20,492 [INFO] WebApp:894 - Register for checkConnection events
2025-07-02 07:43:20,492 [INFO] WebApp:463 - Apply proxy settings
2025-07-02 07:43:20,492 [INFO] WebApp:548 - Chromium requires no authentication
2025-07-02 07:43:20,492 [INFO] WebApp:491 - Direct internet connection detected
2025-07-02 07:43:20,701 [INFO] WebApp:191 - Connection restablished
2025-07-02 07:43:20,895 [INFO] Context:756 - Trying to add GPIOservice into a context  which must be forbidden
2025-07-02 07:43:21,004 [INFO] WebApp:225 - Starting web application
2025-07-02 07:43:21,004 [INFO] WebApp:593 - Web application path used C:\ST\STM32CubeIDE_1.18.1\STM32CubeIDE\plugins\com.st.stm32cube.common.mx_6.14.1.202504091515\db\plugins\mcufinder\reactClient1\index.html
2025-07-02 07:43:21,198 [INFO] UserAuth:484 - Internet connection configuration mode: 1
2025-07-02 07:43:21,325 [INFO] ImportTextPane:218 - (OptionalMessage_ERROR) Pin26 (VP_RIF_VS_RIF1) cannot be retrieved for this MCU
2025-07-02 07:43:21,581 [INFO] RtosManager:558 - Registered RTOS mode: class=CMSIS, group=RTOS, mode=CMSIS_V1, owner=FREERTOS
2025-07-02 07:43:21,581 [INFO] RtosManager:558 - Registered RTOS mode: class=CMSIS, group=RTOS2, mode=CMSIS_V2, owner=FREERTOS
2025-07-02 07:43:21,581 [INFO] RtosManager:558 - Registered RTOS mode: class=RTOS, group=Core, mode=CMSIS_V1, owner=FREERTOS
2025-07-02 07:43:21,582 [INFO] RtosManager:558 - Registered RTOS mode: class=RTOS, group=Core, mode=CMSIS_V2, owner=FREERTOS
2025-07-02 07:43:21,582 [WARN] ModelIntegratedComponent:184 - Missing modes for component STMicroelectronics:FreeRTOS:0.0.1:STMicroelectronics:RTOS:FreeRTOS:Core:::10.2.0:
2025-07-02 07:43:21,624 [WARN] ModelIntegratedComponent:63 - No mode defined for component null
2025-07-02 07:43:21,625 [WARN] ModelIntegratedComponent:63 - No mode defined for component null
2025-07-02 07:43:21,625 [WARN] ModelIntegratedComponent:63 - No mode defined for component null
2025-07-02 07:43:21,625 [WARN] ModelIntegratedComponent:63 - No mode defined for component null
2025-07-02 07:43:21,625 [WARN] ModelIntegratedComponent:63 - No mode defined for component null
2025-07-02 07:43:21,625 [WARN] ModelIntegratedComponent:63 - No mode defined for component null
2025-07-02 07:43:21,625 [WARN] ModelIntegratedComponent:63 - No mode defined for component null
2025-07-02 07:43:21,625 [WARN] ModelIntegratedComponent:63 - No mode defined for component null
2025-07-02 07:43:21,625 [WARN] ModelIntegratedComponent:63 - No mode defined for component null
2025-07-02 07:43:21,626 [WARN] ModelIntegratedComponent:63 - No mode defined for component null
2025-07-02 07:43:21,626 [WARN] ModelIntegratedComponent:63 - No mode defined for component null
2025-07-02 07:43:21,626 [WARN] ModelIntegratedComponent:63 - No mode defined for component null
2025-07-02 07:43:21,627 [WARN] ModelIntegratedComponent:63 - No mode defined for component null
2025-07-02 07:43:21,627 [WARN] ModelIntegratedComponent:63 - No mode defined for component null
2025-07-02 07:43:21,627 [WARN] ModelIntegratedComponent:63 - No mode defined for component null
2025-07-02 07:43:21,627 [WARN] ModelIntegratedComponent:63 - No mode defined for component null
2025-07-02 07:43:21,627 [WARN] ModelIntegratedComponent:63 - No mode defined for component null
2025-07-02 07:43:21,627 [WARN] ModelIntegratedComponent:63 - No mode defined for component null
2025-07-02 07:43:21,627 [WARN] ModelIntegratedComponent:63 - No mode defined for component null
2025-07-02 07:43:21,627 [WARN] ModelIntegratedComponent:63 - No mode defined for component null
2025-07-02 07:43:21,628 [WARN] ModelIntegratedComponent:63 - No mode defined for component null
2025-07-02 07:43:21,628 [WARN] ModelIntegratedComponent:63 - No mode defined for component null
2025-07-02 07:43:21,628 [WARN] ModelIntegratedComponent:63 - No mode defined for component null
2025-07-02 07:43:21,628 [WARN] ModelIntegratedComponent:63 - No mode defined for component null
2025-07-02 07:43:21,628 [WARN] ModelIntegratedComponent:63 - No mode defined for component null
2025-07-02 07:43:21,628 [WARN] ModelIntegratedComponent:63 - No mode defined for component null
2025-07-02 07:43:21,629 [WARN] ModelIntegratedComponent:63 - No mode defined for component null
2025-07-02 07:43:21,629 [WARN] ModelIntegratedComponent:63 - No mode defined for component null
2025-07-02 07:43:21,629 [WARN] ModelIntegratedComponent:63 - No mode defined for component null
2025-07-02 07:43:21,629 [WARN] ModelIntegratedComponent:63 - No mode defined for component null
2025-07-02 07:43:21,629 [WARN] ModelIntegratedComponent:63 - No mode defined for component null
2025-07-02 07:43:21,629 [WARN] ModelIntegratedComponent:63 - No mode defined for component null
2025-07-02 07:43:21,629 [WARN] ModelIntegratedComponent:63 - No mode defined for component null
2025-07-02 07:43:21,629 [WARN] ModelIntegratedComponent:63 - No mode defined for component null
2025-07-02 07:43:21,630 [WARN] ModelIntegratedComponent:63 - No mode defined for component null
2025-07-02 07:43:21,630 [WARN] ModelPack:524 - Component already loaded: STMicroelectronics:HAL Drivers:0.0.0:STMicroelectronics:Device:STMicro_Driver:XSPI:HAL::0.0.1:HAL_XSPI
2025-07-02 07:43:21,735 [INFO] ThirdPartyModel:298 - Start build external matchings
2025-07-02 07:43:22,304 [INFO] ThirdPartyModel:316 - End build external matchings
2025-07-02 07:43:22,347 [INFO] RtosManager:967 - Current active RTOS is FREERTOS [Cortex-M3NS]
2025-07-02 07:43:22,362 [INFO] ImportTextPane:218 - (OptionalMessage_ERROR) IP (RCC) : Invalid parameter (FamilyName)
2025-07-02 07:43:22,363 [INFO] ImportTextPane:218 - (OptionalMessage_ERROR) IP (RCC) : Parameter (MCOFreq_Value) has invalid value (72000000)
2025-07-02 07:43:22,364 [INFO] ImportTextPane:218 - (OptionalMessage_ERROR) IP (RCC) : Parameter (USBFreq_Value) has invalid value (72000000)
2025-07-02 07:43:23,314 [INFO] ApiDb:581 - Connected to CubeFinder SQLite database (C:\Users\Luciano\.stmcufinder\plugins\mcufinder\mcu\cube-finder-db.db)
2025-07-02 07:43:23,514 [INFO] ApiDb:668 - CubeFinder database Data Model version=2.1
2025-07-02 07:43:23,514 [INFO] ApiDb:669 - CubeFinder database Configuration version=3.0.39
2025-07-02 07:43:23,514 [INFO] ApiDb:670 - CubeFinder database generation date=2025-06-16 (1750072209)
2025-07-02 07:43:23,515 [INFO] ApiDb:671 - CubeFinder database FW Pack versions=[FP-ATR-ASTRA1_V2.0.0, FP-SNS-FLIGHT1_V5.1.0, FP-SNS-MOTENV1_V5.0.0, FP-SNS-MOTENVWB1_V1.4.0, FP-SNS-SMARTAG2_V1.2.0, FP-SNS-STBOX1_V2.0.0, STM32Cube_FW_C0_V1.4.0, STM32Cube_FW_F4_V1.28.2, STM32Cube_FW_F7_V1.17.3, STM32Cube_FW_G0_V1.6.2, STM32Cube_FW_G4_V1.6.1, STM32Cube_FW_H5_V1.5.0, STM32Cube_FW_H7RS_V1.2.0, STM32Cube_FW_H7_V1.12.1, STM32Cube_FW_L0_V1.12.2, STM32Cube_FW_L4_V1.18.1, STM32Cube_FW_L5_V1.5.1, STM32Cube_FW_N6_V1.1.1, STM32Cube_FW_U0_V1.2.0, STM32Cube_FW_U3_V1.1.0, STM32Cube_FW_U5_V1.7.0, STM32Cube_FW_WB0_V1.2.0, STM32Cube_FW_WBA_V1.6.0, STM32Cube_FW_WB_V1.22.0, STM32Cube_FW_WL3_V1.1.0, STM32Cube_FW_WL_V1.3.1, X-CUBE-ALGOBUILD_V1.4.0, X-CUBE-ALS_V1.0.2, X-CUBE-AZRTOS-F4_V1.1.0, X-CUBE-AZRTOS-F7_V1.1.0, X-CUBE-AZRTOS-G0_V1.1.0, X-CUBE-AZRTOS-G4_V2.0.0, X-CUBE-AZRTOS-H7RS_V1.1.0, X-CUBE-AZRTOS-H7_V3.3.0, X-CUBE-AZRTOS-L4_V2.0.0, X-CUBE-AZRTOS-L5_V2.0.0, X-CUBE-AZRTOS-WB_V2.0.0, X-CUBE-AZRTOS-WL_V2.0.0, X-CUBE-BLE1_V7.1.0, X-CUBE-BLE2_V3.3.0, X-CUBE-BLEMGR_V4.0.0, X-CUBE-EEPRMA1_V5.1.0, X-CUBE-FREERTOS_V1.3.1, X-CUBE-GNSS1_V6.0.0, X-CUBE-MEMS1_V11.3.0, X-CUBE-NFC4_V3.0.0, X-CUBE-NFC7_V2.0.0, X-CUBE-SFXS2LP1_V4.0.0, X-CUBE-SUBG2_V5.0.0, X-CUBE-TOF1_V3.4.3]
2025-07-02 07:43:23,775 [INFO] DbBoardsSqlite:226 - include board P-NUCLEO-WB55-NUCLEO as a kit item of type 'Nucleo-64'
2025-07-02 07:43:23,776 [INFO] DbBoardsSqlite:226 - include board P-NUCLEO-WB55-USBDONGLE as a kit item of type 'Nucleo USB Dongle'
2025-07-02 07:43:23,779 [INFO] DbBoardsSqlite:226 - include board STEVAL-IDP005V1 as a kit item of type 'Evaluation Board'
2025-07-02 07:43:23,780 [INFO] DbBoardsSqlite:226 - include board STEVAL-IDP005V2 as a kit item of type 'Evaluation Board'
2025-07-02 07:43:24,611 [INFO] ApiDb:240 - Found 895 in-development CPN: [B-G473E-ZEST1S, B-WB1M-WPAN1, B-WBA5M-WPAN, B-WL5M-SUBG1, NUCLEO-C031C6, NUCLEO-C051C8, NUCLEO-C071RB, NUCLEO-C092RC, NUCLEO-H503RB, NUCLEO-H533RE, NUCLEO-H563ZI, NUCLEO-H7S3L8, NUCLEO-N657X0-Q, NUCLEO-U031R8, NUCLEO-U083RC, NUCLEO-U385RG-Q, NUCLEO-U545RE-Q, NUCLEO-U5A5ZJ-Q, NUCLEO-WB05KZ, NUCLEO-WB07CC, NUCLEO-WB09KE, NUCLEO-WBA52CG, NUCLEO-WBA55CG, NUCLEO-WBA65RI, NUCLEO-WL33CC1, NUCLEO-WL33CC2, STEVAL-PROTEUS1, STEVAL-SMARTAG2, STEVAL-STWINBX1, STM320518-EVAL, STM32C0116-DK, STM32C011D6Y3TR, STM32C011D6Y6TR, STM32C011F4P3, STM32C011F4P6, STM32C011F4U3, STM32C011F4U6TR, STM32C011F6P3, STM32C011F6P6, STM32C011F6U3, STM32C011F6U6TR, STM32C011J4M3, STM32C011J4M6, STM32C011J6M3, STM32C011J6M6, STM32C0316-DK, STM32C031C4T3, STM32C031C4T6, STM32C031C4U3, STM32C031C4U6, STM32C031C6T3, STM32C031C6T6, STM32C031C6U3, STM32C031C6U6, STM32C031F4P3, STM32C031F4P6, STM32C031F6P3, STM32C031F6P6, STM32C031G4U3, STM32C031G4U6, STM32C031G6U3, STM32C031G6U6, STM32C031K4T3, STM32C031K4T6, STM32C031K4U3, STM32C031K4U6, STM32C031K6T3, STM32C031K6T6, STM32C031K6U3, STM32C031K6U6, STM32C051C6T6, STM32C051C6U6, STM32C051C8T6, STM32C051C8U6, STM32C051D8Y6TR, STM32C051F6P6, STM32C051F8P6, STM32C051G6U6, STM32C051G8U6, STM32C051K6T6, STM32C051K6U6, STM32C051K8T6, STM32C071C8T6, STM32C071C8T6N, STM32C071C8U6, STM32C071C8U6N, STM32C071CBT6, STM32C071CBT6N, STM32C071CBU6, STM32C071CBU6N, STM32C071F8P6, STM32C071F8P6N, STM32C071FBP6, STM32C071FBP6N, STM32C071FBY6TR, STM32C071G8U6, STM32C071G8U6N, STM32C071GBU6, STM32C071GBU6N, STM32C071K8T6, STM32C071K8T6N, STM32C071K8U6, STM32C071K8U6N, STM32C071KBT6, STM32C071KBT6N, STM32C071KBU6, STM32C071KBU6N, STM32C071R8T6, STM32C071R8T6N, STM32C071RBI6N, STM32C071RBT6, STM32C071RBT6N, STM32C091CBT6, STM32C091CBU6, STM32C091CCT6, STM32C091CCU6, STM32C091ECY6TR, STM32C091FBP6, STM32C091FCP6, STM32C091GBU6, STM32C091GCU6, STM32C091KBT6, STM32C091KBU6, STM32C091KCT6, STM32C091KCU6, STM32C091RBT6, STM32C091RCI6, STM32C091RCT6, STM32C092CBT6, STM32C092CBU6, STM32C092CCT6, STM32C092CCU6, STM32C092ECY6TR, STM32C092FBP6, STM32C092FCP6, STM32C092GBU6, STM32C092GCU6, STM32C092KBT6, STM32C092KBU6, STM32C092KCT6, STM32C092KCU6, STM32C092RBT6, STM32C092RCI6, STM32C092RCT6, STM32G071K8TXN, STM32G071K8UXN, STM32G081GBU6N, STM32G081KBT6N, STM32G081KBUXN, STM32G0B1CCT6N, STM32G0B1KCT6, STM32G0B1NEY6TR, STM32G0B1RCT6N, STM32G0C1CCT6, STM32G0C1CCT6N, STM32G0C1CCU6N, STM32G0C1CET6N, STM32G0C1CEU6N, STM32G0C1KCT6, STM32G0C1NEY6TR, STM32G0C1RCI6N, STM32G0C1RCT6N, STM32G0C1REI6N, STM32G0C1RET6N, STM32G0C1VCI6, STM32G0C1VEI6, STM32G411C6T3, STM32G411C6T6, STM32G411C6U3, STM32G411C6U6, STM32G411C8T3, STM32G411C8T6, STM32G411C8U3, STM32G411C8U6, STM32G411CBT3, STM32G411CBT6, STM32G411CBU3, STM32G411CBU6, STM32G411CCT3, STM32G411CCT6, STM32G411CCU3, STM32G411CCU6, STM32G411K6T3, STM32G411K6T6, STM32G411K6U3, STM32G411K6U6, STM32G411K8T3, STM32G411K8T6, STM32G411K8U3, STM32G411K8U6, STM32G411KBT3, STM32G411KBT6, STM32G411KBU3, STM32G411KBU6, STM32G411M6T3, STM32G411M6T6, STM32G411M8T3, STM32G411M8T6, STM32G411MBT3, STM32G411MBT6, STM32G411MCT3, STM32G411MCT6, STM32G411R6T3, STM32G411R6T6, STM32G411R8T3, STM32G411R8T6, STM32G411RBT3, STM32G411RBT6, STM32G411RCT3, STM32G411RCT6, STM32G414CBT3, STM32G414CBT6, STM32G414CBU3, STM32G414CBU6, STM32G414CCT3, STM32G414CCT6, STM32G414CCU3, STM32G414CCU6, STM32G414MBT3, STM32G414MBT6, STM32G414MCT3, STM32G414MCT6, STM32G414RBT3, STM32G414RBT6, STM32G414RCT3, STM32G414RCT6, STM32G414VBT3, STM32G414VBT6, STM32G414VCT3, STM32G414VCT6, STM32G431CBT3Z, STM32G431RBT3Z, STM32G471CCT6, STM32G471CCU6, STM32G471CET3, STM32G471CET6, STM32G471CEU3, STM32G471CEU6, STM32G471MCT6, STM32G471MET3, STM32G471MET6, STM32G471MEY6TR, STM32G471QCT6, STM32G471QET3, STM32G471RCT6, STM32G471RET3, STM32G471RET6, STM32G471VCH6, STM32G471VCI6, STM32G471VCT6, STM32G471VEH3, STM32G471VEH6, STM32G471VEI3, STM32G471VEI6, STM32G471VET3, STM32G471VET6, STM32G473QET3Z, STM32G473RET3Z, STM32G474CCT6, STM32G491RET3Z, STM32H503CBT6, STM32H503CBU6, STM32H503EBY6TR, STM32H503KBU6, STM32H503RBT6, STM32H523CCT6, STM32H523CCU6, STM32H523CET6, STM32H523CEU6, STM32H523HEY6TR, STM32H523RCT6, STM32H523RET6, STM32H523VCI6, STM32H523VCT6, STM32H523VEI6, STM32H523VET6, STM32H523ZCJ6, STM32H523ZCT6, STM32H523ZEJ6, STM32H523ZET6, STM32H533CET6, STM32H533CEU6, STM32H533HEY6TR, STM32H533RET6, STM32H533VEI6, STM32H533VET6, STM32H533ZEJ6, STM32H533ZET6, STM32H562AGI6, STM32H562AII6, STM32H562IGK6, STM32H562IGT6, STM32H562IIK6, STM32H562IIT6, STM32H562RGT6, STM32H562RGV6, STM32H562RIT6, STM32H562RIV6, STM32H562VGT6, STM32H562VIT6, STM32H562ZGT6, STM32H562ZIT6, STM32H563AGI6, STM32H563AII3Q, STM32H563AII6, STM32H563IGK6, STM32H563IGT6, STM32H563IIK3Q, STM32H563IIK6, STM32H563IIT3Q, STM32H563IIT6, STM32H563MIY3QTR, STM32H563RGT6, STM32H563RGV6, STM32H563RIT6, STM32H563RIV6, STM32H563VGT6, STM32H563VIT3Q, STM32H563VIT6, STM32H563ZGT6, STM32H563ZIT3Q, STM32H563ZIT6, STM32H573AII3Q, STM32H573AII6, STM32H573I-DK, STM32H573IIK3Q, STM32H573IIK6, STM32H573IIT3Q, STM32H573IIT6, STM32H573MIY3QTR, STM32H573RIT6, STM32H573RIV6, STM32H573VIT3Q, STM32H573VIT6, STM32H573ZIT3Q, STM32H573ZIT6, STM32H7R3A8I6, STM32H7R3I8K6, STM32H7R3I8T6, STM32H7R3L8H6, STM32H7R3L8H6H, STM32H7R3R8V6, STM32H7R3V8H6, STM32H7R3V8T6, STM32H7R3V8Y6TR, STM32H7R3Z8J6, STM32H7R3Z8T6, STM32H7R7A8I6, STM32H7R7I8K6, STM32H7R7I8T6, STM32H7R7L8H6, STM32H7R7L8H6H, STM32H7R7Z8J6, STM32H7S3A8I6, STM32H7S3I8K6, STM32H7S3I8T6, STM32H7S3L8H6, STM32H7S3L8H6H, STM32H7S3R8V6, STM32H7S3V8H6, STM32H7S3V8T6, STM32H7S3V8Y6TR, STM32H7S3Z8J6, STM32H7S3Z8T6, STM32H7S78-DK, STM32H7S7A8I6, STM32H7S7I8K6, STM32H7S7I8T6, STM32H7S7L8H6, STM32H7S7L8H6H, STM32H7S7Z8J6, STM32L4R5QGI6STR, STM32MP131AAE3, STM32MP131AAF3, STM32MP131AAG3, STM32MP131CAE3, STM32MP131CAF3, STM32MP131CAG3, STM32MP131DAE7, STM32MP131DAF7, STM32MP131DAG7, STM32MP131FAE7, STM32MP131FAF7, STM32MP131FAG7, STM32MP133AAE3, STM32MP133AAF3, STM32MP133AAG3, STM32MP133CAE3, STM32MP133CAF3, STM32MP133CAG3, STM32MP133DAE7, STM32MP133DAF7, STM32MP133DAG7, STM32MP133FAE7, STM32MP133FAF7, STM32MP133FAG7, STM32MP135AAE3, STM32MP135AAF3, STM32MP135AAG3, STM32MP135CAE3, STM32MP135CAF3, STM32MP135CAG3, STM32MP135DAE7, STM32MP135DAF7, STM32MP135DAG7, STM32MP135F-DK, STM32MP135FAE7, STM32MP135FAF7, STM32MP135FAF7T, STM32MP135FAF7U, STM32MP135FAG7, STM32MP231AAJ3, STM32MP231AAK3, STM32MP231AAL3, STM32MP231CAJ3, STM32MP231CAK3, STM32MP231CAL3, STM32MP231DAJ3, STM32MP231DAK3, STM32MP231DAL3, STM32MP231FAJ3, STM32MP231FAK3, STM32MP231FAL3, STM32MP233AAJ3, STM32MP233AAK3, STM32MP233AAL3, STM32MP233CAJ3, STM32MP233CAK3, STM32MP233CAL3, STM32MP233DAJ3, STM32MP233DAK3, STM32MP233DAL3, STM32MP233FAJ3, STM32MP233FAK3, STM32MP233FAL3, STM32MP235AAJ3, STM32MP235AAK3, STM32MP235AAL3, STM32MP235CAJ3, STM32MP235CAK3, STM32MP235CAL3, STM32MP235DAJ3, STM32MP235DAK3, STM32MP235DAL3, STM32MP235FAJ3, STM32MP235FAK3, STM32MP235FAL3, STM32MP251AAI3, STM32MP251AAJ3, STM32MP251AAK3, STM32MP251AAL3, STM32MP251CAI3, STM32MP251CAJ3, STM32MP251CAK3, STM32MP251CAL3, STM32MP251DAI3, STM32MP251DAJ3, STM32MP251DAK3, STM32MP251DAL3, STM32MP251FAI3, STM32MP251FAJ3, STM32MP251FAK3, STM32MP251FAL3, STM32MP253AAI3, STM32MP253AAJ3, STM32MP253AAK3, STM32MP253AAL3, STM32MP253CAI3, STM32MP253CAJ3, STM32MP253CAK3, STM32MP253CAL3, STM32MP253DAI3, STM32MP253DAJ3, STM32MP253DAK3, STM32MP253DAL3, STM32MP253FAI3, STM32MP253FAJ3, STM32MP253FAK3, STM32MP253FAL3, STM32MP255AAI3, STM32MP255AAJ3, STM32MP255AAK3, STM32MP255AAL3, STM32MP255CAI3, STM32MP255CAJ3, STM32MP255CAK3, STM32MP255CAL3, STM32MP255DAI3, STM32MP255DAJ3, STM32MP255DAK3, STM32MP255DAL3, STM32MP255FAI3, STM32MP255FAJ3, STM32MP255FAK3, STM32MP255FAL3, STM32MP257AAI3, STM32MP257AAJ3, STM32MP257AAK3, STM32MP257AAL3, STM32MP257CAI3, STM32MP257CAJ3, STM32MP257CAK3, STM32MP257CAL3, STM32MP257DAI3, STM32MP257DAJ3, STM32MP257DAK3, STM32MP257DAL3, STM32MP257F-DK, STM32MP257F-EV1, STM32MP257FAI3, STM32MP257FAJ3, STM32MP257FAK3, STM32MP257FAL3, STM32N645A0H3Q, STM32N645B0H3Q, STM32N645I0H3Q, STM32N645L0H3Q, STM32N645X0H3Q, STM32N645Z0H3Q, STM32N647A0H3Q, STM32N647B0H3Q, STM32N647I0H3Q, STM32N647L0H3Q, STM32N647X0H3Q, STM32N647Z0H3Q, STM32N655A0H3Q, STM32N655B0H3Q, STM32N655I0H3Q, STM32N655L0H3Q, STM32N655X0H3Q, STM32N655Z0H3Q, STM32N6570-DK, STM32N657A0H3Q, STM32N657B0H3Q, STM32N657I0H3Q, STM32N657L0H3Q, STM32N657X0H3Q, STM32N657Z0H3Q, STM32U031C6T6, STM32U031C6U6, STM32U031C8T6, STM32U031C8U6, STM32U031F4P6, STM32U031F6P6, STM32U031F8P6, STM32U031G6Y6TR, STM32U031G8Y6TR, STM32U031K4U6, STM32U031K6U6, STM32U031K8U6, STM32U031R6I6, STM32U031R6T6, STM32U031R8I6, STM32U031R8T6, STM32U073C8T6, STM32U073C8U6, STM32U073CBT6, STM32U073CBU6, STM32U073CCT6, STM32U073CCU6, STM32U073H8Y6TR, STM32U073HBY6TR, STM32U073HCY6TR, STM32U073K8U6, STM32U073KBU6, STM32U073KCU6, STM32U073M8I6, STM32U073M8T6, STM32U073MBI6, STM32U073MBT6, STM32U073MCI6, STM32U073MCT6, STM32U073R8I6, STM32U073R8T6, STM32U073RBI6, STM32U073RBT6, STM32U073RCI6, STM32U073RCT6, STM32U083C-DK, STM32U083CCT6, STM32U083CCU6, STM32U083HCY6TR, STM32U083KCU6, STM32U083MCI6, STM32U083MCT6, STM32U083RCI6, STM32U083RCT6, STM32U375CET6, STM32U375CET6Q, STM32U375CEU6, STM32U375CEU6Q, STM32U375CEY6QTR, STM32U375CGT6, STM32U375CGT6Q, STM32U375CGU6, STM32U375CGU6Q, STM32U375CGY6QTR, STM32U375KEU6, STM32U375KGU6, STM32U375REI6, STM32U375REI6Q, STM32U375RET6, STM32U375RET6Q, STM32U375REY6GTR, STM32U375REY6QTR, STM32U375RGI6, STM32U375RGI6Q, STM32U375RGT6, STM32U375RGT6Q, STM32U375RGY6GTR, STM32U375RGY6QTR, STM32U375VEI6, STM32U375VEI6Q, STM32U375VET6, STM32U375VET6Q, STM32U375VGI6, STM32U375VGI6Q, STM32U375VGT6, STM32U375VGT6Q, STM32U385CGT6, STM32U385CGT6Q, STM32U385CGU6, STM32U385CGU6Q, STM32U385CGY6QTR, STM32U385KGU6, STM32U385RGI6, STM32U385RGI6Q, STM32U385RGT6, STM32U385RGT6Q, STM32U385RGY6GTR, STM32U385RGY6QTR, STM32U385VGI6, STM32U385VGI6Q, STM32U385VGT6, STM32U385VGT6Q, STM32U535CBT6, STM32U535CBT6Q, STM32U535CBU6, STM32U535CBU6Q, STM32U535CCT6, STM32U535CCT6Q, STM32U535CCU6, STM32U535CCU6Q, STM32U535CET6, STM32U535CET6Q, STM32U535CEU6, STM32U535CEU6Q, STM32U535JEY6QTR, STM32U535NCY6QTR, STM32U535NEY6QTR, STM32U535RBI6, STM32U535RBI6Q, STM32U535RBT6, STM32U535RBT6Q, STM32U535RCI6, STM32U535RCI6Q, STM32U535RCT6, STM32U535RCT6Q, STM32U535REI6, STM32U535REI6Q, STM32U535RET6, STM32U535RET6Q, STM32U535VCI6, STM32U535VCI6Q, STM32U535VCT6, STM32U535VCT6Q, STM32U535VEI6, STM32U535VEI6Q, STM32U535VET6, STM32U535VET6Q, STM32U545CET6, STM32U545CET6Q, STM32U545CEU6, STM32U545CEU6Q, STM32U545JEY6QTR, STM32U545NEY6QTR, STM32U545REI6, STM32U545REI6Q, STM32U545RET6, STM32U545RET6Q, STM32U545VEI6, STM32U545VEI6Q, STM32U545VET6, STM32U545VET6Q, STM32U595AIH6, STM32U595AIH6Q, STM32U595AJH6, STM32U595AJH6Q, STM32U595QII6, STM32U595QII6Q, STM32U595QJI6, STM32U595QJI6Q, STM32U595RIT6, STM32U595RIT6Q, STM32U595RJT6, STM32U595RJT6Q, STM32U595VIT6, STM32U595VIT6Q, STM32U595VJT6, STM32U595VJT6Q, STM32U595ZIT6, STM32U595ZIT6Q, STM32U595ZIY6QTR, STM32U595ZJT6, STM32U595ZJT6Q, STM32U595ZJY6QTR, STM32U599BJY6QTR, STM32U599NIH6Q, STM32U599NJH6Q, STM32U599VIT6Q, STM32U599VJT6, STM32U599VJT6Q, STM32U599ZIT6Q, STM32U599ZIY6QTR, STM32U599ZJT6Q, STM32U599ZJY6QTR, STM32U5A5AJH6, STM32U5A5AJH6Q, STM32U5A5QII3Q , STM32U5A5QJI6, STM32U5A5QJI6Q, STM32U5A5RJT6, STM32U5A5RJT6Q, STM32U5A5VJT6, STM32U5A5VJT6Q, STM32U5A5ZJT6, STM32U5A5ZJT6Q, STM32U5A5ZJY6QTR, STM32U5A9BJY6QTR, STM32U5A9J-DK, STM32U5A9NJH6Q, STM32U5A9VJT6Q, STM32U5A9ZJT6Q, STM32U5A9ZJY6QTR, STM32U5F7VIT6, STM32U5F7VIT6Q, STM32U5F7VJT6, STM32U5F7VJT6Q, STM32U5F9BJY6QTR, STM32U5F9NJH6Q, STM32U5F9VIT6Q, STM32U5F9VJT6Q, STM32U5F9ZIJ6QTR, STM32U5F9ZIT6Q, STM32U5F9ZJJ6QTR, STM32U5F9ZJT6Q, STM32U5G7VJT6, STM32U5G7VJT6Q, STM32U5G9BJY6QTR, STM32U5G9J-DK1, STM32U5G9J-DK2, STM32U5G9NJH6Q, STM32U5G9VJT6Q, STM32U5G9ZJJ6QTR, STM32U5G9ZJT6Q, STM32WB05KZV6TR, STM32WB05KZV7TR, STM32WB05TZF6TR, STM32WB05TZF7TR, STM32WB06CCF6TR, STM32WB06CCF7TR, STM32WB06CCV6TR, STM32WB06CCV7TR, STM32WB06KCV6TR, STM32WB06KCV7TR, STM32WB07CCF6TR, STM32WB07CCF7TR, STM32WB07CCV6TR, STM32WB07CCV7TR, STM32WB07KCV6TR, STM32WB07KCV7TR, STM32WB09KEV6TR, STM32WB09KEV7TR, STM32WB09TEF6TR, STM32WB09TEF7TR, STM32WB1MMCH6, STM32WBA50KGU6, STM32WBA50KGU6TR, STM32WBA52CEU6, STM32WBA52CEU6TR, STM32WBA52CEU7, STM32WBA52CEU7TR, STM32WBA52CGU6, STM32WBA52CGU6TR, STM32WBA52CGU6U, STM32WBA52CGU7, STM32WBA52CGU7TR, STM32WBA52KEU6, STM32WBA52KEU6TR, STM32WBA52KGU6, STM32WBA52KGU6TR, STM32WBA54CEU6, STM32WBA54CEU6TR, STM32WBA54CEU7, STM32WBA54CEU7TR, STM32WBA54CGU6, STM32WBA54CGU6TR, STM32WBA54CGU7, STM32WBA54CGU7TR, STM32WBA54KEU6, STM32WBA54KEU6TR, STM32WBA54KEU7, STM32WBA54KEU7TR, STM32WBA54KGU6, STM32WBA54KGU6TR, STM32WBA54KGU7, STM32WBA54KGU7TR, STM32WBA55CEU6, STM32WBA55CEU6TR, STM32WBA55CEU7, STM32WBA55CEU7TR, STM32WBA55CGU6, STM32WBA55CGU6TR, STM32WBA55CGU6U, STM32WBA55CGU7, STM32WBA55CGU7TR, STM32WBA55G-DK1, STM32WBA55HEF6, STM32WBA55HEF7, STM32WBA55HGF6, STM32WBA55HGF7, STM32WBA55UEI6, STM32WBA55UEI6TR, STM32WBA55UEI7, STM32WBA55UEI7TR, STM32WBA55UGI6, STM32WBA55UGI6TR, STM32WBA55UGI7, STM32WBA55UGI7TR, STM32WBA5MJGH6TR, STM32WBA62CGU6, STM32WBA62CIU6, STM32WBA62MGF6, STM32WBA62MIF6, STM32WBA62PGI6, STM32WBA62PII6, STM32WBA63CGU6, STM32WBA63CGU7, STM32WBA63CIU6, STM32WBA63CIU7, STM32WBA64CGU6, STM32WBA64CGU7, STM32WBA64CIU6, STM32WBA64CIU7, STM32WBA65CGU6, STM32WBA65CGU7, STM32WBA65CIU6, STM32WBA65CIU7, STM32WBA65I-DK1, STM32WBA65MGF6, STM32WBA65MGF7, STM32WBA65MIF6, STM32WBA65MIF7, STM32WBA65PGI6, STM32WBA65PGI7, STM32WBA65PII6, STM32WBA65PII7, STM32WBA65RGV6, STM32WBA65RGV7, STM32WBA65RIV6, STM32WBA65RIV7, STM32WL30K8V6, STM32WL30KBV6, STM32WL31C8V6, STM32WL31CBV6, STM32WL31K8V6, STM32WL31KBV6, STM32WL33C8V6, STM32WL33C8V6TR, STM32WL33C8V7, STM32WL33C8V7TR, STM32WL33CBV6, STM32WL33CBV6TR, STM32WL33CBV7, STM32WL33CBV7TR, STM32WL33CCV6, STM32WL33CCV6TR, STM32WL33CCV7, STM32WL33CCV7A, STM32WL33CCV7ATR, STM32WL33CCV7TR, STM32WL33K8V6, STM32WL33K8V6TR, STM32WL33K8V7, STM32WL33K8V7TR, STM32WL33KBV6, STM32WL33KBV6TR, STM32WL33KBV7, STM32WL33KBV7TR, STM32WL33KCV6, STM32WL33KCV6TR, STM32WL33KCV7, STM32WL33KCV7TR, STM32WL5MOCH6, STM32WL5MOCH6TR]
2025-07-02 07:43:25,078 [INFO] BoardInfo:889 - No configuration file found for board P-NUCLEO-WB55
2025-07-02 07:43:25,080 [INFO] DbBoards:161 - Kit is not supported: P-NUCLEO-WB55
2025-07-02 07:43:25,092 [INFO] BoardInfo:889 - No configuration file found for board STEVAL-BFA001V1B
2025-07-02 07:43:25,095 [INFO] DbBoards:161 - Kit is not supported: STEVAL-BFA001V1B
2025-07-02 07:43:25,097 [INFO] BoardInfo:889 - No configuration file found for board STEVAL-BFA001V2B
2025-07-02 07:43:25,099 [INFO] DbBoards:161 - Kit is not supported: STEVAL-BFA001V2B
2025-07-02 07:43:25,593 [INFO] DbBoards:168 - Found 211 boards, 208 are supported
2025-07-02 07:43:25,593 [INFO] DbBoards:169 - Found 211 boards, 43 of them is supported for  Bsp
2025-07-02 07:43:25,602 [INFO] ApiDb:668 - CubeFinder database Data Model version=2.1
2025-07-02 07:43:25,602 [INFO] ApiDb:669 - CubeFinder database Configuration version=3.0.39
2025-07-02 07:43:25,602 [INFO] ApiDb:670 - CubeFinder database generation date=2025-06-16 (1750072209)
2025-07-02 07:43:25,602 [INFO] ApiDb:671 - CubeFinder database FW Pack versions=[FP-ATR-ASTRA1_V2.0.0, FP-SNS-FLIGHT1_V5.1.0, FP-SNS-MOTENV1_V5.0.0, FP-SNS-MOTENVWB1_V1.4.0, FP-SNS-SMARTAG2_V1.2.0, FP-SNS-STBOX1_V2.0.0, STM32Cube_FW_C0_V1.4.0, STM32Cube_FW_F4_V1.28.2, STM32Cube_FW_F7_V1.17.3, STM32Cube_FW_G0_V1.6.2, STM32Cube_FW_G4_V1.6.1, STM32Cube_FW_H5_V1.5.0, STM32Cube_FW_H7RS_V1.2.0, STM32Cube_FW_H7_V1.12.1, STM32Cube_FW_L0_V1.12.2, STM32Cube_FW_L4_V1.18.1, STM32Cube_FW_L5_V1.5.1, STM32Cube_FW_N6_V1.1.1, STM32Cube_FW_U0_V1.2.0, STM32Cube_FW_U3_V1.1.0, STM32Cube_FW_U5_V1.7.0, STM32Cube_FW_WB0_V1.2.0, STM32Cube_FW_WBA_V1.6.0, STM32Cube_FW_WB_V1.22.0, STM32Cube_FW_WL3_V1.1.0, STM32Cube_FW_WL_V1.3.1, X-CUBE-ALGOBUILD_V1.4.0, X-CUBE-ALS_V1.0.2, X-CUBE-AZRTOS-F4_V1.1.0, X-CUBE-AZRTOS-F7_V1.1.0, X-CUBE-AZRTOS-G0_V1.1.0, X-CUBE-AZRTOS-G4_V2.0.0, X-CUBE-AZRTOS-H7RS_V1.1.0, X-CUBE-AZRTOS-H7_V3.3.0, X-CUBE-AZRTOS-L4_V2.0.0, X-CUBE-AZRTOS-L5_V2.0.0, X-CUBE-AZRTOS-WB_V2.0.0, X-CUBE-AZRTOS-WL_V2.0.0, X-CUBE-BLE1_V7.1.0, X-CUBE-BLE2_V3.3.0, X-CUBE-BLEMGR_V4.0.0, X-CUBE-EEPRMA1_V5.1.0, X-CUBE-FREERTOS_V1.3.1, X-CUBE-GNSS1_V6.0.0, X-CUBE-MEMS1_V11.3.0, X-CUBE-NFC4_V3.0.0, X-CUBE-NFC7_V2.0.0, X-CUBE-SFXS2LP1_V4.0.0, X-CUBE-SUBG2_V5.0.0, X-CUBE-TOF1_V3.4.3]
2025-07-02 07:43:29,211 [INFO] ApiDb:240 - Found 895 in-development CPN: [B-G473E-ZEST1S, B-WB1M-WPAN1, B-WBA5M-WPAN, B-WL5M-SUBG1, NUCLEO-C031C6, NUCLEO-C051C8, NUCLEO-C071RB, NUCLEO-C092RC, NUCLEO-H503RB, NUCLEO-H533RE, NUCLEO-H563ZI, NUCLEO-H7S3L8, NUCLEO-N657X0-Q, NUCLEO-U031R8, NUCLEO-U083RC, NUCLEO-U385RG-Q, NUCLEO-U545RE-Q, NUCLEO-U5A5ZJ-Q, NUCLEO-WB05KZ, NUCLEO-WB07CC, NUCLEO-WB09KE, NUCLEO-WBA52CG, NUCLEO-WBA55CG, NUCLEO-WBA65RI, NUCLEO-WL33CC1, NUCLEO-WL33CC2, STEVAL-PROTEUS1, STEVAL-SMARTAG2, STEVAL-STWINBX1, STM320518-EVAL, STM32C0116-DK, STM32C011D6Y3TR, STM32C011D6Y6TR, STM32C011F4P3, STM32C011F4P6, STM32C011F4U3, STM32C011F4U6TR, STM32C011F6P3, STM32C011F6P6, STM32C011F6U3, STM32C011F6U6TR, STM32C011J4M3, STM32C011J4M6, STM32C011J6M3, STM32C011J6M6, STM32C0316-DK, STM32C031C4T3, STM32C031C4T6, STM32C031C4U3, STM32C031C4U6, STM32C031C6T3, STM32C031C6T6, STM32C031C6U3, STM32C031C6U6, STM32C031F4P3, STM32C031F4P6, STM32C031F6P3, STM32C031F6P6, STM32C031G4U3, STM32C031G4U6, STM32C031G6U3, STM32C031G6U6, STM32C031K4T3, STM32C031K4T6, STM32C031K4U3, STM32C031K4U6, STM32C031K6T3, STM32C031K6T6, STM32C031K6U3, STM32C031K6U6, STM32C051C6T6, STM32C051C6U6, STM32C051C8T6, STM32C051C8U6, STM32C051D8Y6TR, STM32C051F6P6, STM32C051F8P6, STM32C051G6U6, STM32C051G8U6, STM32C051K6T6, STM32C051K6U6, STM32C051K8T6, STM32C071C8T6, STM32C071C8T6N, STM32C071C8U6, STM32C071C8U6N, STM32C071CBT6, STM32C071CBT6N, STM32C071CBU6, STM32C071CBU6N, STM32C071F8P6, STM32C071F8P6N, STM32C071FBP6, STM32C071FBP6N, STM32C071FBY6TR, STM32C071G8U6, STM32C071G8U6N, STM32C071GBU6, STM32C071GBU6N, STM32C071K8T6, STM32C071K8T6N, STM32C071K8U6, STM32C071K8U6N, STM32C071KBT6, STM32C071KBT6N, STM32C071KBU6, STM32C071KBU6N, STM32C071R8T6, STM32C071R8T6N, STM32C071RBI6N, STM32C071RBT6, STM32C071RBT6N, STM32C091CBT6, STM32C091CBU6, STM32C091CCT6, STM32C091CCU6, STM32C091ECY6TR, STM32C091FBP6, STM32C091FCP6, STM32C091GBU6, STM32C091GCU6, STM32C091KBT6, STM32C091KBU6, STM32C091KCT6, STM32C091KCU6, STM32C091RBT6, STM32C091RCI6, STM32C091RCT6, STM32C092CBT6, STM32C092CBU6, STM32C092CCT6, STM32C092CCU6, STM32C092ECY6TR, STM32C092FBP6, STM32C092FCP6, STM32C092GBU6, STM32C092GCU6, STM32C092KBT6, STM32C092KBU6, STM32C092KCT6, STM32C092KCU6, STM32C092RBT6, STM32C092RCI6, STM32C092RCT6, STM32G071K8TXN, STM32G071K8UXN, STM32G081GBU6N, STM32G081KBT6N, STM32G081KBUXN, STM32G0B1CCT6N, STM32G0B1KCT6, STM32G0B1NEY6TR, STM32G0B1RCT6N, STM32G0C1CCT6, STM32G0C1CCT6N, STM32G0C1CCU6N, STM32G0C1CET6N, STM32G0C1CEU6N, STM32G0C1KCT6, STM32G0C1NEY6TR, STM32G0C1RCI6N, STM32G0C1RCT6N, STM32G0C1REI6N, STM32G0C1RET6N, STM32G0C1VCI6, STM32G0C1VEI6, STM32G411C6T3, STM32G411C6T6, STM32G411C6U3, STM32G411C6U6, STM32G411C8T3, STM32G411C8T6, STM32G411C8U3, STM32G411C8U6, STM32G411CBT3, STM32G411CBT6, STM32G411CBU3, STM32G411CBU6, STM32G411CCT3, STM32G411CCT6, STM32G411CCU3, STM32G411CCU6, STM32G411K6T3, STM32G411K6T6, STM32G411K6U3, STM32G411K6U6, STM32G411K8T3, STM32G411K8T6, STM32G411K8U3, STM32G411K8U6, STM32G411KBT3, STM32G411KBT6, STM32G411KBU3, STM32G411KBU6, STM32G411M6T3, STM32G411M6T6, STM32G411M8T3, STM32G411M8T6, STM32G411MBT3, STM32G411MBT6, STM32G411MCT3, STM32G411MCT6, STM32G411R6T3, STM32G411R6T6, STM32G411R8T3, STM32G411R8T6, STM32G411RBT3, STM32G411RBT6, STM32G411RCT3, STM32G411RCT6, STM32G414CBT3, STM32G414CBT6, STM32G414CBU3, STM32G414CBU6, STM32G414CCT3, STM32G414CCT6, STM32G414CCU3, STM32G414CCU6, STM32G414MBT3, STM32G414MBT6, STM32G414MCT3, STM32G414MCT6, STM32G414RBT3, STM32G414RBT6, STM32G414RCT3, STM32G414RCT6, STM32G414VBT3, STM32G414VBT6, STM32G414VCT3, STM32G414VCT6, STM32G431CBT3Z, STM32G431RBT3Z, STM32G471CCT6, STM32G471CCU6, STM32G471CET3, STM32G471CET6, STM32G471CEU3, STM32G471CEU6, STM32G471MCT6, STM32G471MET3, STM32G471MET6, STM32G471MEY6TR, STM32G471QCT6, STM32G471QET3, STM32G471RCT6, STM32G471RET3, STM32G471RET6, STM32G471VCH6, STM32G471VCI6, STM32G471VCT6, STM32G471VEH3, STM32G471VEH6, STM32G471VEI3, STM32G471VEI6, STM32G471VET3, STM32G471VET6, STM32G473QET3Z, STM32G473RET3Z, STM32G474CCT6, STM32G491RET3Z, STM32H503CBT6, STM32H503CBU6, STM32H503EBY6TR, STM32H503KBU6, STM32H503RBT6, STM32H523CCT6, STM32H523CCU6, STM32H523CET6, STM32H523CEU6, STM32H523HEY6TR, STM32H523RCT6, STM32H523RET6, STM32H523VCI6, STM32H523VCT6, STM32H523VEI6, STM32H523VET6, STM32H523ZCJ6, STM32H523ZCT6, STM32H523ZEJ6, STM32H523ZET6, STM32H533CET6, STM32H533CEU6, STM32H533HEY6TR, STM32H533RET6, STM32H533VEI6, STM32H533VET6, STM32H533ZEJ6, STM32H533ZET6, STM32H562AGI6, STM32H562AII6, STM32H562IGK6, STM32H562IGT6, STM32H562IIK6, STM32H562IIT6, STM32H562RGT6, STM32H562RGV6, STM32H562RIT6, STM32H562RIV6, STM32H562VGT6, STM32H562VIT6, STM32H562ZGT6, STM32H562ZIT6, STM32H563AGI6, STM32H563AII3Q, STM32H563AII6, STM32H563IGK6, STM32H563IGT6, STM32H563IIK3Q, STM32H563IIK6, STM32H563IIT3Q, STM32H563IIT6, STM32H563MIY3QTR, STM32H563RGT6, STM32H563RGV6, STM32H563RIT6, STM32H563RIV6, STM32H563VGT6, STM32H563VIT3Q, STM32H563VIT6, STM32H563ZGT6, STM32H563ZIT3Q, STM32H563ZIT6, STM32H573AII3Q, STM32H573AII6, STM32H573I-DK, STM32H573IIK3Q, STM32H573IIK6, STM32H573IIT3Q, STM32H573IIT6, STM32H573MIY3QTR, STM32H573RIT6, STM32H573RIV6, STM32H573VIT3Q, STM32H573VIT6, STM32H573ZIT3Q, STM32H573ZIT6, STM32H7R3A8I6, STM32H7R3I8K6, STM32H7R3I8T6, STM32H7R3L8H6, STM32H7R3L8H6H, STM32H7R3R8V6, STM32H7R3V8H6, STM32H7R3V8T6, STM32H7R3V8Y6TR, STM32H7R3Z8J6, STM32H7R3Z8T6, STM32H7R7A8I6, STM32H7R7I8K6, STM32H7R7I8T6, STM32H7R7L8H6, STM32H7R7L8H6H, STM32H7R7Z8J6, STM32H7S3A8I6, STM32H7S3I8K6, STM32H7S3I8T6, STM32H7S3L8H6, STM32H7S3L8H6H, STM32H7S3R8V6, STM32H7S3V8H6, STM32H7S3V8T6, STM32H7S3V8Y6TR, STM32H7S3Z8J6, STM32H7S3Z8T6, STM32H7S78-DK, STM32H7S7A8I6, STM32H7S7I8K6, STM32H7S7I8T6, STM32H7S7L8H6, STM32H7S7L8H6H, STM32H7S7Z8J6, STM32L4R5QGI6STR, STM32MP131AAE3, STM32MP131AAF3, STM32MP131AAG3, STM32MP131CAE3, STM32MP131CAF3, STM32MP131CAG3, STM32MP131DAE7, STM32MP131DAF7, STM32MP131DAG7, STM32MP131FAE7, STM32MP131FAF7, STM32MP131FAG7, STM32MP133AAE3, STM32MP133AAF3, STM32MP133AAG3, STM32MP133CAE3, STM32MP133CAF3, STM32MP133CAG3, STM32MP133DAE7, STM32MP133DAF7, STM32MP133DAG7, STM32MP133FAE7, STM32MP133FAF7, STM32MP133FAG7, STM32MP135AAE3, STM32MP135AAF3, STM32MP135AAG3, STM32MP135CAE3, STM32MP135CAF3, STM32MP135CAG3, STM32MP135DAE7, STM32MP135DAF7, STM32MP135DAG7, STM32MP135F-DK, STM32MP135FAE7, STM32MP135FAF7, STM32MP135FAF7T, STM32MP135FAF7U, STM32MP135FAG7, STM32MP231AAJ3, STM32MP231AAK3, STM32MP231AAL3, STM32MP231CAJ3, STM32MP231CAK3, STM32MP231CAL3, STM32MP231DAJ3, STM32MP231DAK3, STM32MP231DAL3, STM32MP231FAJ3, STM32MP231FAK3, STM32MP231FAL3, STM32MP233AAJ3, STM32MP233AAK3, STM32MP233AAL3, STM32MP233CAJ3, STM32MP233CAK3, STM32MP233CAL3, STM32MP233DAJ3, STM32MP233DAK3, STM32MP233DAL3, STM32MP233FAJ3, STM32MP233FAK3, STM32MP233FAL3, STM32MP235AAJ3, STM32MP235AAK3, STM32MP235AAL3, STM32MP235CAJ3, STM32MP235CAK3, STM32MP235CAL3, STM32MP235DAJ3, STM32MP235DAK3, STM32MP235DAL3, STM32MP235FAJ3, STM32MP235FAK3, STM32MP235FAL3, STM32MP251AAI3, STM32MP251AAJ3, STM32MP251AAK3, STM32MP251AAL3, STM32MP251CAI3, STM32MP251CAJ3, STM32MP251CAK3, STM32MP251CAL3, STM32MP251DAI3, STM32MP251DAJ3, STM32MP251DAK3, STM32MP251DAL3, STM32MP251FAI3, STM32MP251FAJ3, STM32MP251FAK3, STM32MP251FAL3, STM32MP253AAI3, STM32MP253AAJ3, STM32MP253AAK3, STM32MP253AAL3, STM32MP253CAI3, STM32MP253CAJ3, STM32MP253CAK3, STM32MP253CAL3, STM32MP253DAI3, STM32MP253DAJ3, STM32MP253DAK3, STM32MP253DAL3, STM32MP253FAI3, STM32MP253FAJ3, STM32MP253FAK3, STM32MP253FAL3, STM32MP255AAI3, STM32MP255AAJ3, STM32MP255AAK3, STM32MP255AAL3, STM32MP255CAI3, STM32MP255CAJ3, STM32MP255CAK3, STM32MP255CAL3, STM32MP255DAI3, STM32MP255DAJ3, STM32MP255DAK3, STM32MP255DAL3, STM32MP255FAI3, STM32MP255FAJ3, STM32MP255FAK3, STM32MP255FAL3, STM32MP257AAI3, STM32MP257AAJ3, STM32MP257AAK3, STM32MP257AAL3, STM32MP257CAI3, STM32MP257CAJ3, STM32MP257CAK3, STM32MP257CAL3, STM32MP257DAI3, STM32MP257DAJ3, STM32MP257DAK3, STM32MP257DAL3, STM32MP257F-DK, STM32MP257F-EV1, STM32MP257FAI3, STM32MP257FAJ3, STM32MP257FAK3, STM32MP257FAL3, STM32N645A0H3Q, STM32N645B0H3Q, STM32N645I0H3Q, STM32N645L0H3Q, STM32N645X0H3Q, STM32N645Z0H3Q, STM32N647A0H3Q, STM32N647B0H3Q, STM32N647I0H3Q, STM32N647L0H3Q, STM32N647X0H3Q, STM32N647Z0H3Q, STM32N655A0H3Q, STM32N655B0H3Q, STM32N655I0H3Q, STM32N655L0H3Q, STM32N655X0H3Q, STM32N655Z0H3Q, STM32N6570-DK, STM32N657A0H3Q, STM32N657B0H3Q, STM32N657I0H3Q, STM32N657L0H3Q, STM32N657X0H3Q, STM32N657Z0H3Q, STM32U031C6T6, STM32U031C6U6, STM32U031C8T6, STM32U031C8U6, STM32U031F4P6, STM32U031F6P6, STM32U031F8P6, STM32U031G6Y6TR, STM32U031G8Y6TR, STM32U031K4U6, STM32U031K6U6, STM32U031K8U6, STM32U031R6I6, STM32U031R6T6, STM32U031R8I6, STM32U031R8T6, STM32U073C8T6, STM32U073C8U6, STM32U073CBT6, STM32U073CBU6, STM32U073CCT6, STM32U073CCU6, STM32U073H8Y6TR, STM32U073HBY6TR, STM32U073HCY6TR, STM32U073K8U6, STM32U073KBU6, STM32U073KCU6, STM32U073M8I6, STM32U073M8T6, STM32U073MBI6, STM32U073MBT6, STM32U073MCI6, STM32U073MCT6, STM32U073R8I6, STM32U073R8T6, STM32U073RBI6, STM32U073RBT6, STM32U073RCI6, STM32U073RCT6, STM32U083C-DK, STM32U083CCT6, STM32U083CCU6, STM32U083HCY6TR, STM32U083KCU6, STM32U083MCI6, STM32U083MCT6, STM32U083RCI6, STM32U083RCT6, STM32U375CET6, STM32U375CET6Q, STM32U375CEU6, STM32U375CEU6Q, STM32U375CEY6QTR, STM32U375CGT6, STM32U375CGT6Q, STM32U375CGU6, STM32U375CGU6Q, STM32U375CGY6QTR, STM32U375KEU6, STM32U375KGU6, STM32U375REI6, STM32U375REI6Q, STM32U375RET6, STM32U375RET6Q, STM32U375REY6GTR, STM32U375REY6QTR, STM32U375RGI6, STM32U375RGI6Q, STM32U375RGT6, STM32U375RGT6Q, STM32U375RGY6GTR, STM32U375RGY6QTR, STM32U375VEI6, STM32U375VEI6Q, STM32U375VET6, STM32U375VET6Q, STM32U375VGI6, STM32U375VGI6Q, STM32U375VGT6, STM32U375VGT6Q, STM32U385CGT6, STM32U385CGT6Q, STM32U385CGU6, STM32U385CGU6Q, STM32U385CGY6QTR, STM32U385KGU6, STM32U385RGI6, STM32U385RGI6Q, STM32U385RGT6, STM32U385RGT6Q, STM32U385RGY6GTR, STM32U385RGY6QTR, STM32U385VGI6, STM32U385VGI6Q, STM32U385VGT6, STM32U385VGT6Q, STM32U535CBT6, STM32U535CBT6Q, STM32U535CBU6, STM32U535CBU6Q, STM32U535CCT6, STM32U535CCT6Q, STM32U535CCU6, STM32U535CCU6Q, STM32U535CET6, STM32U535CET6Q, STM32U535CEU6, STM32U535CEU6Q, STM32U535JEY6QTR, STM32U535NCY6QTR, STM32U535NEY6QTR, STM32U535RBI6, STM32U535RBI6Q, STM32U535RBT6, STM32U535RBT6Q, STM32U535RCI6, STM32U535RCI6Q, STM32U535RCT6, STM32U535RCT6Q, STM32U535REI6, STM32U535REI6Q, STM32U535RET6, STM32U535RET6Q, STM32U535VCI6, STM32U535VCI6Q, STM32U535VCT6, STM32U535VCT6Q, STM32U535VEI6, STM32U535VEI6Q, STM32U535VET6, STM32U535VET6Q, STM32U545CET6, STM32U545CET6Q, STM32U545CEU6, STM32U545CEU6Q, STM32U545JEY6QTR, STM32U545NEY6QTR, STM32U545REI6, STM32U545REI6Q, STM32U545RET6, STM32U545RET6Q, STM32U545VEI6, STM32U545VEI6Q, STM32U545VET6, STM32U545VET6Q, STM32U595AIH6, STM32U595AIH6Q, STM32U595AJH6, STM32U595AJH6Q, STM32U595QII6, STM32U595QII6Q, STM32U595QJI6, STM32U595QJI6Q, STM32U595RIT6, STM32U595RIT6Q, STM32U595RJT6, STM32U595RJT6Q, STM32U595VIT6, STM32U595VIT6Q, STM32U595VJT6, STM32U595VJT6Q, STM32U595ZIT6, STM32U595ZIT6Q, STM32U595ZIY6QTR, STM32U595ZJT6, STM32U595ZJT6Q, STM32U595ZJY6QTR, STM32U599BJY6QTR, STM32U599NIH6Q, STM32U599NJH6Q, STM32U599VIT6Q, STM32U599VJT6, STM32U599VJT6Q, STM32U599ZIT6Q, STM32U599ZIY6QTR, STM32U599ZJT6Q, STM32U599ZJY6QTR, STM32U5A5AJH6, STM32U5A5AJH6Q, STM32U5A5QII3Q , STM32U5A5QJI6, STM32U5A5QJI6Q, STM32U5A5RJT6, STM32U5A5RJT6Q, STM32U5A5VJT6, STM32U5A5VJT6Q, STM32U5A5ZJT6, STM32U5A5ZJT6Q, STM32U5A5ZJY6QTR, STM32U5A9BJY6QTR, STM32U5A9J-DK, STM32U5A9NJH6Q, STM32U5A9VJT6Q, STM32U5A9ZJT6Q, STM32U5A9ZJY6QTR, STM32U5F7VIT6, STM32U5F7VIT6Q, STM32U5F7VJT6, STM32U5F7VJT6Q, STM32U5F9BJY6QTR, STM32U5F9NJH6Q, STM32U5F9VIT6Q, STM32U5F9VJT6Q, STM32U5F9ZIJ6QTR, STM32U5F9ZIT6Q, STM32U5F9ZJJ6QTR, STM32U5F9ZJT6Q, STM32U5G7VJT6, STM32U5G7VJT6Q, STM32U5G9BJY6QTR, STM32U5G9J-DK1, STM32U5G9J-DK2, STM32U5G9NJH6Q, STM32U5G9VJT6Q, STM32U5G9ZJJ6QTR, STM32U5G9ZJT6Q, STM32WB05KZV6TR, STM32WB05KZV7TR, STM32WB05TZF6TR, STM32WB05TZF7TR, STM32WB06CCF6TR, STM32WB06CCF7TR, STM32WB06CCV6TR, STM32WB06CCV7TR, STM32WB06KCV6TR, STM32WB06KCV7TR, STM32WB07CCF6TR, STM32WB07CCF7TR, STM32WB07CCV6TR, STM32WB07CCV7TR, STM32WB07KCV6TR, STM32WB07KCV7TR, STM32WB09KEV6TR, STM32WB09KEV7TR, STM32WB09TEF6TR, STM32WB09TEF7TR, STM32WB1MMCH6, STM32WBA50KGU6, STM32WBA50KGU6TR, STM32WBA52CEU6, STM32WBA52CEU6TR, STM32WBA52CEU7, STM32WBA52CEU7TR, STM32WBA52CGU6, STM32WBA52CGU6TR, STM32WBA52CGU6U, STM32WBA52CGU7, STM32WBA52CGU7TR, STM32WBA52KEU6, STM32WBA52KEU6TR, STM32WBA52KGU6, STM32WBA52KGU6TR, STM32WBA54CEU6, STM32WBA54CEU6TR, STM32WBA54CEU7, STM32WBA54CEU7TR, STM32WBA54CGU6, STM32WBA54CGU6TR, STM32WBA54CGU7, STM32WBA54CGU7TR, STM32WBA54KEU6, STM32WBA54KEU6TR, STM32WBA54KEU7, STM32WBA54KEU7TR, STM32WBA54KGU6, STM32WBA54KGU6TR, STM32WBA54KGU7, STM32WBA54KGU7TR, STM32WBA55CEU6, STM32WBA55CEU6TR, STM32WBA55CEU7, STM32WBA55CEU7TR, STM32WBA55CGU6, STM32WBA55CGU6TR, STM32WBA55CGU6U, STM32WBA55CGU7, STM32WBA55CGU7TR, STM32WBA55G-DK1, STM32WBA55HEF6, STM32WBA55HEF7, STM32WBA55HGF6, STM32WBA55HGF7, STM32WBA55UEI6, STM32WBA55UEI6TR, STM32WBA55UEI7, STM32WBA55UEI7TR, STM32WBA55UGI6, STM32WBA55UGI6TR, STM32WBA55UGI7, STM32WBA55UGI7TR, STM32WBA5MJGH6TR, STM32WBA62CGU6, STM32WBA62CIU6, STM32WBA62MGF6, STM32WBA62MIF6, STM32WBA62PGI6, STM32WBA62PII6, STM32WBA63CGU6, STM32WBA63CGU7, STM32WBA63CIU6, STM32WBA63CIU7, STM32WBA64CGU6, STM32WBA64CGU7, STM32WBA64CIU6, STM32WBA64CIU7, STM32WBA65CGU6, STM32WBA65CGU7, STM32WBA65CIU6, STM32WBA65CIU7, STM32WBA65I-DK1, STM32WBA65MGF6, STM32WBA65MGF7, STM32WBA65MIF6, STM32WBA65MIF7, STM32WBA65PGI6, STM32WBA65PGI7, STM32WBA65PII6, STM32WBA65PII7, STM32WBA65RGV6, STM32WBA65RGV7, STM32WBA65RIV6, STM32WBA65RIV7, STM32WL30K8V6, STM32WL30KBV6, STM32WL31C8V6, STM32WL31CBV6, STM32WL31K8V6, STM32WL31KBV6, STM32WL33C8V6, STM32WL33C8V6TR, STM32WL33C8V7, STM32WL33C8V7TR, STM32WL33CBV6, STM32WL33CBV6TR, STM32WL33CBV7, STM32WL33CBV7TR, STM32WL33CCV6, STM32WL33CCV6TR, STM32WL33CCV7, STM32WL33CCV7A, STM32WL33CCV7ATR, STM32WL33CCV7TR, STM32WL33K8V6, STM32WL33K8V6TR, STM32WL33K8V7, STM32WL33K8V7TR, STM32WL33KBV6, STM32WL33KBV6TR, STM32WL33KBV7, STM32WL33KBV7TR, STM32WL33KCV6, STM32WL33KCV6TR, STM32WL33KCV7, STM32WL33KCV7TR, STM32WL5MOCH6, STM32WL5MOCH6TR]
2025-07-02 07:43:29,219 [INFO] DbMcus:218 - Found 4686 MCUs, 4686 are supported
2025-07-02 07:43:29,220 [INFO] ApiDb:423 - Load user favorites file C:\Users\Luciano/.stm32cubeide/favorites.mcus.txt: 0 item(s)
2025-07-02 07:43:29,221 [INFO] ApiDb:427 - User favorites MCUs=[]
2025-07-02 07:43:29,221 [INFO] DbMcus:224 - Set 0 / 0 favorites MCUs
2025-07-02 07:43:29,941 [INFO] ApiDb:423 - Load user favorites file C:\Users\Luciano/.stm32cubeide/favorites.boards.txt: 0 item(s)
2025-07-02 07:43:29,942 [INFO] ApiDb:427 - User favorites Boards=[]
2025-07-02 07:43:29,942 [INFO] DbBoards:198 - Set 0 / 0 favorites Boards
2025-07-02 07:43:29,988 [INFO] UtilMem:75 - End LoadConfig() Used Memory: 271881496 Bytes (342884352)
2025-07-02 07:43:30,264 [WARN] ThirdParty:833 - waiting for thirdparty lock release [change project]
2025-07-02 07:43:30,265 [INFO] ThirdParty:835 - entering critical section [change project]
2025-07-02 07:43:30,265 [INFO] ThirdParty:1030 - CMSIS Pack Vendor :STMicroelectronics X-CUBE-PM33A1 1.0.0
2025-07-02 07:43:30,265 [INFO] ThirdParty:1030 - CMSIS Pack Vendor :STMicroelectronics USBPD 4.1
2025-07-02 07:43:30,265 [INFO] ThirdParty:1030 - CMSIS Pack Vendor :STMicroelectronics X-CUBE-AZRTOS-H7 3.3.0
2025-07-02 07:43:30,266 [INFO] ThirdParty:1030 - CMSIS Pack Vendor :STMicroelectronics X-CUBE-NFC9 1.0.0
2025-07-02 07:43:30,266 [INFO] ThirdParty:1030 - CMSIS Pack Vendor :wolfSSL I-CUBE-wolfSSL 5.8.0
2025-07-02 07:43:30,266 [INFO] ThirdParty:1030 - CMSIS Pack Vendor :STMicroelectronics USB_HOST 2.0.0
2025-07-02 07:43:30,266 [INFO] ThirdParty:1030 - CMSIS Pack Vendor :STMicroelectronics FP-SNS-MOTENVWB1 1.4.0
2025-07-02 07:43:30,266 [INFO] ThirdParty:1030 - CMSIS Pack Vendor :STMicroelectronics X-CUBE-AZRTOS-F4 1.1.0
2025-07-02 07:43:30,266 [INFO] ThirdParty:1030 - CMSIS Pack Vendor :STMicroelectronics LIBJPEG 8.0.0
2025-07-02 07:43:30,266 [INFO] ThirdParty:1030 - CMSIS Pack Vendor :STMicroelectronics FP-ATR-ASTRA1 2.0.2
2025-07-02 07:43:30,266 [INFO] ThirdParty:1030 - CMSIS Pack Vendor :STMicroelectronics X-CUBE-BLE1 7.1.0
2025-07-02 07:43:30,266 [INFO] ThirdParty:1030 - CMSIS Pack Vendor :Avnet-IotConnect X-CUBE-IoTC-DA16k-PMOD 1.0.0
2025-07-02 07:43:30,266 [INFO] ThirdParty:1030 - CMSIS Pack Vendor :STMicroelectronics X-CUBE-SMBUS 2.1.0
2025-07-02 07:43:30,266 [INFO] ThirdParty:1030 - CMSIS Pack Vendor :wolfSSL I-CUBE-wolfMQTT 1.19.2
2025-07-02 07:43:30,266 [INFO] ThirdParty:1030 - CMSIS Pack Vendor :STMicroelectronics USB_DEVICE 3.0.0
2025-07-02 07:43:30,266 [INFO] ThirdParty:1030 - CMSIS Pack Vendor :STMicroelectronics X-CUBE-ISPU 2.1.0
2025-07-02 07:43:30,266 [INFO] ThirdParty:1030 - CMSIS Pack Vendor :STMicroelectronics X-CUBE-AZRTOS-WB 2.0.0
2025-07-02 07:43:30,266 [INFO] ThirdParty:1030 - CMSIS Pack Vendor :STMicroelectronics X-CUBE-ST60 1.0.0
2025-07-02 07:43:30,266 [INFO] ThirdParty:1030 - CMSIS Pack Vendor :STMicroelectronics X-CUBE-GNSS1 7.0.1
2025-07-02 07:43:30,267 [INFO] ThirdParty:1030 - CMSIS Pack Vendor :STMicroelectronics X-CUBE-AZRTOS-F7 1.1.0
2025-07-02 07:43:30,267 [INFO] ThirdParty:1030 - CMSIS Pack Vendor :STMicroelectronics X-CUBE-AZRTOS-L5 2.0.0
2025-07-02 07:43:30,267 [INFO] ThirdParty:1030 - CMSIS Pack Vendor :STMicroelectronics X-CUBE-TOUCHGFX 4.25.0
2025-07-02 07:43:30,267 [INFO] ThirdParty:1030 - CMSIS Pack Vendor :STMicroelectronics USB_DEVICE 2.0.0
2025-07-02 07:43:30,267 [INFO] ThirdParty:1030 - CMSIS Pack Vendor :STMicroelectronics X-CUBE-NFC6 3.1.0
2025-07-02 07:43:30,267 [INFO] ThirdParty:1030 - CMSIS Pack Vendor :STMicroelectronics X-CUBE-AI 10.1.0
2025-07-02 07:43:30,267 [INFO] ThirdParty:1030 - CMSIS Pack Vendor :STMicroelectronics FP-SNS-STBOX1 2.0.0
2025-07-02 07:43:30,267 [INFO] ThirdParty:1030 - CMSIS Pack Vendor :STMicroelectronics X-CUBE-MEMS1 11.2.0
2025-07-02 07:43:30,267 [INFO] ThirdParty:1030 - CMSIS Pack Vendor :STMicroelectronics FreeRTOS 0.0.1
2025-07-02 07:43:30,267 [INFO] ThirdParty:1030 - CMSIS Pack Vendor :STMicroelectronics X-CUBE-AZRTOS-G0 1.1.0
2025-07-02 07:43:30,267 [INFO] ThirdParty:1030 - CMSIS Pack Vendor :STMicroelectronics X-CUBE-SAFEA1 1.2.2
2025-07-02 07:43:30,267 [INFO] ThirdParty:1030 - CMSIS Pack Vendor :STMicroelectronics X-CUBE-NFC4 3.0.0
2025-07-02 07:43:30,267 [INFO] ThirdParty:1030 - CMSIS Pack Vendor :STMicroelectronics X-CUBE-SUBG2 5.0.0
2025-07-02 07:43:30,267 [INFO] ThirdParty:1030 - CMSIS Pack Vendor :STMicroelectronics X-CUBE-AZRTOS-H7RS 1.1.0
2025-07-02 07:43:30,268 [INFO] ThirdParty:1030 - CMSIS Pack Vendor :STMicroelectronics STM32_WPAN 1.0.0
2025-07-02 07:43:30,268 [INFO] ThirdParty:1030 - CMSIS Pack Vendor :EmbeddedOffice I-CUBE-FS-RTOS 1.0.1
2025-07-02 07:43:30,268 [INFO] ThirdParty:1030 - CMSIS Pack Vendor :STMicroelectronics lwIP 2.0.3
2025-07-02 07:43:30,268 [INFO] ThirdParty:1030 - CMSIS Pack Vendor :Cesanta I-CUBE-Mongoose 7.13.0
2025-07-02 07:43:30,268 [INFO] ThirdParty:1030 - CMSIS Pack Vendor :STMicroelectronics USB_HOST 1.0.0
2025-07-02 07:43:30,268 [INFO] ThirdParty:1030 - CMSIS Pack Vendor :Infineon AIROC-Wi-Fi-Bluetooth-STM32 1.7.0
2025-07-02 07:43:30,268 [INFO] ThirdParty:1030 - CMSIS Pack Vendor :STMicroelectronics X-CUBE-AZRTOS-G4 2.0.0
2025-07-02 07:43:30,268 [INFO] ThirdParty:1030 - CMSIS Pack Vendor :STMicroelectronics X-CUBE-WB05N 2.0.0
2025-07-02 07:43:30,268 [INFO] ThirdParty:1030 - CMSIS Pack Vendor :STMicroelectronics PDM2PCM 3.1.0
2025-07-02 07:43:30,268 [INFO] ThirdParty:1030 - CMSIS Pack Vendor :STMicroelectronics PDM2PCM 3.3.0
2025-07-02 07:43:30,268 [INFO] ThirdParty:1030 - CMSIS Pack Vendor :wolfSSL I-CUBE-wolfTPM 3.8.0
2025-07-02 07:43:30,268 [INFO] ThirdParty:1030 - CMSIS Pack Vendor :STMicroelectronics X-CUBE-DISPLAY 3.0.0
2025-07-02 07:43:30,268 [INFO] ThirdParty:1030 - CMSIS Pack Vendor :wolfSSL I-CUBE-wolfSSH 1.4.20
2025-07-02 07:43:30,268 [INFO] ThirdParty:1030 - CMSIS Pack Vendor :STMicroelectronics X-CUBE-NFC7 2.0.0
2025-07-02 07:43:30,268 [INFO] ThirdParty:1030 - CMSIS Pack Vendor :STMicroelectronics X-CUBE-TCPP 4.2.0
2025-07-02 07:43:30,268 [INFO] ThirdParty:1030 - CMSIS Pack Vendor :RealThread X-CUBE-RT-Thread_Nano 4.1.1
2025-07-02 07:43:30,268 [INFO] ThirdParty:1030 - CMSIS Pack Vendor :STMicroelectronics FP-ATR-SIGFOX1 3.2.0
2025-07-02 07:43:30,269 [INFO] ThirdParty:1030 - CMSIS Pack Vendor :STMicroelectronics X-CUBE-NFC10 1.0.0
2025-07-02 07:43:30,269 [INFO] ThirdParty:1030 - CMSIS Pack Vendor :STMicroelectronics X-CUBE-BLEMGR 4.0.0
2025-07-02 07:43:30,269 [INFO] ThirdParty:1030 - CMSIS Pack Vendor :STMicroelectronics X-CUBE-EEPRMA1 5.1.0
2025-07-02 07:43:30,269 [INFO] ThirdParty:1030 - CMSIS Pack Vendor :STMicroelectronics X-CUBE-FREERTOS 1.3.1
2025-07-02 07:43:30,269 [INFO] ThirdParty:1030 - CMSIS Pack Vendor :STMicroelectronics HAL Drivers 0.0.0
2025-07-02 07:43:30,269 [INFO] ThirdParty:1030 - CMSIS Pack Vendor :STMicroelectronics MBEDTLS 2.16.2
2025-07-02 07:43:30,269 [INFO] ThirdParty:1030 - CMSIS Pack Vendor :STMicroelectronics X-CUBE-IPS 3.1.0
2025-07-02 07:43:30,269 [INFO] ThirdParty:1030 - CMSIS Pack Vendor :STMicroelectronics X-CUBE-ALS 1.0.2
2025-07-02 07:43:30,269 [INFO] ThirdParty:1030 - CMSIS Pack Vendor :emotas I-CUBE-CANOPEN 1.3.0
2025-07-02 07:43:30,269 [INFO] ThirdParty:1030 - CMSIS Pack Vendor :STMicroelectronics MBEDTLS 2.14.1
2025-07-02 07:43:30,269 [INFO] ThirdParty:1030 - CMSIS Pack Vendor :ITTIA_DB I-CUBE-ITTIADB 8.9.0
2025-07-02 07:43:30,269 [INFO] ThirdParty:1030 - CMSIS Pack Vendor :portGmbH I-Cube-SoM-uGOAL 1.1.0
2025-07-02 07:43:30,269 [INFO] ThirdParty:1030 - CMSIS Pack Vendor :quantropi X-CUBE-qispace-sdk-base 2.0.0
2025-07-02 07:43:30,269 [INFO] ThirdParty:1030 - CMSIS Pack Vendor :STMicroelectronics X-CUBE-ST67W61 1.0.0
2025-07-02 07:43:30,269 [INFO] ThirdParty:1030 - CMSIS Pack Vendor :STMicroelectronics FP-SNS-STAIOTCFT 1.0.0
2025-07-02 07:43:30,269 [INFO] ThirdParty:1030 - CMSIS Pack Vendor :STMicroelectronics ThreadX 1.0.0
2025-07-02 07:43:30,269 [INFO] ThirdParty:1030 - CMSIS Pack Vendor :STMicroelectronics FP-SNS-SMARTAG2 1.2.0
2025-07-02 07:43:30,270 [INFO] ThirdParty:1030 - CMSIS Pack Vendor :STMicroelectronics FP-SNS-FLIGHT1 5.1.0
2025-07-02 07:43:30,270 [INFO] ThirdParty:1030 - CMSIS Pack Vendor :STMicroelectronics X-CUBE-AZRTOS-WL 2.0.0
2025-07-02 07:43:30,270 [INFO] ThirdParty:1030 - CMSIS Pack Vendor :SEGGER I-CUBE-embOS 1.3.1
2025-07-02 07:43:30,270 [INFO] ThirdParty:1030 - CMSIS Pack Vendor :STMicroelectronics X-CUBE-ALGOBUILD 1.4.0
2025-07-02 07:43:30,270 [INFO] ThirdParty:1030 - CMSIS Pack Vendor :STMicroelectronics X-CUBE-DPower 1.3.0
2025-07-02 07:43:30,270 [INFO] ThirdParty:1030 - CMSIS Pack Vendor :STMicroelectronics X-CUBE-MEMS1 11.3.0
2025-07-02 07:43:30,270 [INFO] ThirdParty:1030 - CMSIS Pack Vendor :STMicroelectronics FP-SNS-MOTENV1 5.0.0
2025-07-02 07:43:30,270 [INFO] ThirdParty:1030 - CMSIS Pack Vendor :STMicroelectronics USB_DEVICE 1.0.0
2025-07-02 07:43:30,270 [INFO] ThirdParty:1030 - CMSIS Pack Vendor :STMicroelectronics X-CUBE-AZRTOS-L4 2.0.0
2025-07-02 07:43:30,270 [INFO] ThirdParty:1030 - CMSIS Pack Vendor :STMicroelectronics ThreadX 0.0.2
2025-07-02 07:43:30,270 [INFO] ThirdParty:1030 - CMSIS Pack Vendor :WES I-CUBE-Cesium 1.3.0
2025-07-02 07:43:30,270 [INFO] ThirdParty:1030 - CMSIS Pack Vendor :STMicroelectronics lwIP 2.1.2
2025-07-02 07:43:30,270 [INFO] ThirdParty:1030 - CMSIS Pack Vendor :STMicroelectronics X-CUBE-SFXS2LP1 4.0.0
2025-07-02 07:43:30,270 [INFO] ThirdParty:1030 - CMSIS Pack Vendor :STMicroelectronics X-CUBE-BLE2 3.3.0
2025-07-02 07:43:30,270 [INFO] ThirdParty:1030 - CMSIS Pack Vendor :STMicroelectronics X-CUBE-TOF1 3.4.3
2025-07-02 07:43:30,270 [INFO] ThirdParty:1030 - CMSIS Pack Vendor :STMicroelectronics PDM2PCM 3.2.0
2025-07-02 07:43:30,271 [INFO] ThirdParty:841 - exiting critical section [change project]
2025-07-02 07:43:30,715 [INFO] PinOutPanel:1589 - setPackage(No Configuration,No Configuration)
2025-07-02 07:43:30,721 [INFO] PinOutPanel:1589 - setPackage(STM32F103C8Tx,LQFP48)
2025-07-02 07:43:31,363 [INFO] UtilMem:75 - Before build in PCC Used Memory: 260286136 Bytes (342884352)
2025-07-02 07:43:32,550 [INFO] UtilMem:75 - After build in PCC Used Memory: 208043152 Bytes (342884352)
2025-07-02 07:43:32,689 [INFO] ApiDbMcu:508 - Load IP Config File for FREERTOS
2025-07-02 07:43:32,730 [INFO] IPUIPlugin:80 - create IPUIPlugin
2025-07-02 07:43:32,730 [INFO] IPUIPlugin:80 - create IPUIPlugin
2025-07-02 07:43:32,730 [INFO] IPUIPlugin:80 - create IPUIPlugin
2025-07-02 07:43:32,730 [INFO] IPUIPlugin:80 - create IPUIPlugin
2025-07-02 07:43:32,730 [INFO] IPUIPlugin:80 - create IPUIPlugin
2025-07-02 07:43:32,731 [INFO] IPUIPlugin:80 - create IPUIPlugin
2025-07-02 07:43:32,731 [INFO] IPUIPlugin:80 - create IPUIPlugin
2025-07-02 07:43:32,731 [INFO] IPUIPlugin:80 - create IPUIPlugin
2025-07-02 07:43:32,731 [INFO] IPUIPlugin:80 - create IPUIPlugin
2025-07-02 07:43:32,731 [INFO] IPUIPlugin:80 - create IPUIPlugin
2025-07-02 07:43:32,731 [INFO] IPUIPlugin:80 - create IPUIPlugin
2025-07-02 07:43:32,731 [INFO] IPUIPlugin:80 - create IPUIPlugin
2025-07-02 07:43:32,732 [INFO] IPUIPlugin:80 - create IPUIPlugin
2025-07-02 07:43:32,732 [INFO] IPUIPlugin:80 - create IPUIPlugin
2025-07-02 07:43:32,732 [INFO] IPUIPlugin:80 - create IPUIPlugin
2025-07-02 07:43:32,732 [INFO] IPUIPlugin:80 - create IPUIPlugin
2025-07-02 07:43:32,732 [INFO] IPUIPlugin:80 - create IPUIPlugin
2025-07-02 07:43:32,732 [INFO] IPUIPlugin:80 - create IPUIPlugin
2025-07-02 07:43:32,733 [INFO] IPUIPlugin:80 - create IPUIPlugin
2025-07-02 07:43:32,733 [INFO] IPUIPlugin:80 - create IPUIPlugin
2025-07-02 07:43:32,733 [INFO] IPUIPlugin:80 - create IPUIPlugin
2025-07-02 07:43:32,733 [INFO] IPUIPlugin:80 - create IPUIPlugin
2025-07-02 07:43:32,733 [INFO] IPUIPlugin:80 - create IPUIPlugin
2025-07-02 07:43:32,734 [INFO] IPUIPlugin:80 - create IPUIPlugin
2025-07-02 07:43:32,734 [INFO] IPUIPlugin:80 - create IPUIPlugin
2025-07-02 07:43:32,734 [INFO] IPUIPlugin:80 - create IPUIPlugin
2025-07-02 07:43:32,734 [INFO] IPUIPlugin:80 - create IPUIPlugin
2025-07-02 07:43:32,824 [WARN] FreeRTOS:1023 - Null or empty value: should not occur! (nothing added to the table)
2025-07-02 07:43:33,143 [INFO] CADModel:165 - CPN selected for project levelSTM32F103C8T6
2025-07-02 07:43:33,143 [INFO] CADModel:114 - Register for checkConnection events
2025-07-02 07:43:33,146 [INFO] RtosManager:725 - Active RTOS found at IOC load: FREERTOS [Cortex-M3NS]
2025-07-02 07:43:33,220 [INFO] OpenFileManager:385 - Restore cursor
2025-07-02 07:43:46,067 [ERROR] RtosPanel:558 - Can not restore the selected Tab for FREERTOS(A reason can be that the tab is no more available.)
2025-07-02 07:43:58,344 [ERROR] RtosPanel:558 - Can not restore the selected Tab for FREERTOS(A reason can be that the tab is no more available.)
2025-07-02 07:43:58,624 [ERROR] RtosPanel:558 - Can not restore the selected Tab for FREERTOS(A reason can be that the tab is no more available.)
2025-07-02 07:45:46,860 [INFO] UtilMem:75 - End SaveConfig() Used Memory: 614130328 Bytes (1019215872)
2025-07-02 07:45:56,303 [INFO] UtilMem:75 - End SaveConfig() Used Memory: 747241704 Bytes (1019215872)
2025-07-02 07:46:36,034 [INFO] BlockDiagram:2775 - set Specific Code input for plugin: SPI
2025-07-02 07:46:36,034 [INFO] BlockDiagram:2775 - set Specific Code input for plugin: NVIC
2025-07-02 07:46:36,034 [INFO] BlockDiagram:2775 - set Specific Code input for plugin: FREERTOS
2025-07-02 07:46:36,034 [INFO] BlockDiagram:2775 - set Specific Code input for plugin: USART
2025-07-02 07:46:36,034 [INFO] BlockDiagram:2775 - set Specific Code input for plugin: USART
2025-07-02 07:46:36,034 [INFO] BlockDiagram:2775 - set Specific Code input for plugin: TIM1_8F1
2025-07-02 07:46:36,034 [INFO] BlockDiagram:2775 - set Specific Code input for plugin: SYS
2025-07-02 07:46:36,035 [INFO] BlockDiagram:2775 - set Specific Code input for plugin: GPIO
2025-07-02 07:46:36,035 [INFO] BlockDiagram:2775 - set Specific Code input for plugin: ADC
2025-07-02 07:46:36,035 [INFO] BlockDiagram:2775 - set Specific Code input for plugin: RCC
2025-07-02 07:46:36,037 [INFO] CodeGenerator:882 - code generatio: config db path: C:\ST\STM32CubeIDE_1.18.1\STM32CubeIDE\plugins\com.st.stm32cube.common.mx_6.14.1.202504091515\\db\
2025-07-02 07:46:36,239 [INFO] CodeEngine:263 - oldGeneratedFile, C:\Users\Luciano\Downloads\5to-Anio-main\5to-Anio-main\Tecnicas-Digitales-III\Tp_2\principal\Tp2-STM32-Sistema Embebido\MXTmpFiles\license.tmp_save
2025-07-02 07:46:36,749 [INFO] CodeEngine:287 - Generated code: C:\Users\Luciano\Downloads\5to-Anio-main\5to-Anio-main\Tecnicas-Digitales-III\Tp_2\principal\Tp2-STM32-Sistema Embebido\MXTmpFiles\license.tmp
2025-07-02 07:46:36,870 [INFO] CodeEngine:263 - oldGeneratedFile, C:\Users\Luciano\Downloads\5to-Anio-main\5to-Anio-main\Tecnicas-Digitales-III\Tp_2\principal\Tp2-STM32-Sistema Embebido\MXTmpFiles\gpio.tmp_save
2025-07-02 07:46:37,047 [INFO] CodeEngine:287 - Generated code: C:\Users\Luciano\Downloads\5to-Anio-main\5to-Anio-main\Tecnicas-Digitales-III\Tp_2\principal\Tp2-STM32-Sistema Embebido\MXTmpFiles\gpio.tmp
2025-07-02 07:46:37,505 [INFO] Middleware:1452 - No code input for Bsp Dependency
2025-07-02 07:46:37,515 [INFO] CodeEngine:263 - oldGeneratedFile, C:\Users\Luciano\Downloads\5to-Anio-main\5to-Anio-main\Tecnicas-Digitales-III\Tp_2\principal\Tp2-STM32-Sistema Embebido\MXTmpFiles\rtos_inc.tmp_save
2025-07-02 07:46:37,615 [INFO] CodeEngine:287 - Generated code: C:\Users\Luciano\Downloads\5to-Anio-main\5to-Anio-main\Tecnicas-Digitales-III\Tp_2\principal\Tp2-STM32-Sistema Embebido\MXTmpFiles\rtos_inc.tmp
2025-07-02 07:46:37,623 [INFO] CodeEngine:263 - oldGeneratedFile, C:\Users\Luciano\Downloads\5to-Anio-main\5to-Anio-main\Tecnicas-Digitales-III\Tp_2\principal\Tp2-STM32-Sistema Embebido\MXTmpFiles\rtos_vars.tmp_save
2025-07-02 07:46:37,724 [INFO] CodeEngine:287 - Generated code: C:\Users\Luciano\Downloads\5to-Anio-main\5to-Anio-main\Tecnicas-Digitales-III\Tp_2\principal\Tp2-STM32-Sistema Embebido\MXTmpFiles\rtos_vars.tmp
2025-07-02 07:46:37,734 [INFO] CodeEngine:263 - oldGeneratedFile, C:\Users\Luciano\Downloads\5to-Anio-main\5to-Anio-main\Tecnicas-Digitales-III\Tp_2\principal\Tp2-STM32-Sistema Embebido\MXTmpFiles\rtos_pfp.tmp_save
2025-07-02 07:46:37,820 [INFO] CodeEngine:287 - Generated code: C:\Users\Luciano\Downloads\5to-Anio-main\5to-Anio-main\Tecnicas-Digitales-III\Tp_2\principal\Tp2-STM32-Sistema Embebido\MXTmpFiles\rtos_pfp.tmp
2025-07-02 07:46:37,827 [INFO] CodeEngine:263 - oldGeneratedFile, C:\Users\Luciano\Downloads\5to-Anio-main\5to-Anio-main\Tecnicas-Digitales-III\Tp_2\principal\Tp2-STM32-Sistema Embebido\MXTmpFiles\rtos_obj_creat.tmp_save
2025-07-02 07:46:37,914 [INFO] CodeEngine:287 - Generated code: C:\Users\Luciano\Downloads\5to-Anio-main\5to-Anio-main\Tecnicas-Digitales-III\Tp_2\principal\Tp2-STM32-Sistema Embebido\MXTmpFiles\rtos_obj_creat.tmp
2025-07-02 07:46:37,919 [INFO] CodeEngine:263 - oldGeneratedFile, C:\Users\Luciano\Downloads\5to-Anio-main\5to-Anio-main\Tecnicas-Digitales-III\Tp_2\principal\Tp2-STM32-Sistema Embebido\MXTmpFiles\rtos_kernelStart.tmp_save
2025-07-02 07:46:37,998 [INFO] CodeEngine:287 - Generated code: C:\Users\Luciano\Downloads\5to-Anio-main\5to-Anio-main\Tecnicas-Digitales-III\Tp_2\principal\Tp2-STM32-Sistema Embebido\MXTmpFiles\rtos_kernelStart.tmp
2025-07-02 07:46:38,004 [INFO] CodeEngine:263 - oldGeneratedFile, C:\Users\Luciano\Downloads\5to-Anio-main\5to-Anio-main\Tecnicas-Digitales-III\Tp_2\principal\Tp2-STM32-Sistema Embebido\MXTmpFiles\rtos_default_thread.tmp_save
2025-07-02 07:46:38,097 [INFO] CodeEngine:287 - Generated code: C:\Users\Luciano\Downloads\5to-Anio-main\5to-Anio-main\Tecnicas-Digitales-III\Tp_2\principal\Tp2-STM32-Sistema Embebido\MXTmpFiles\rtos_default_thread.tmp
2025-07-02 07:46:38,102 [INFO] CodeEngine:263 - oldGeneratedFile, C:\Users\Luciano\Downloads\5to-Anio-main\5to-Anio-main\Tecnicas-Digitales-III\Tp_2\principal\Tp2-STM32-Sistema Embebido\MXTmpFiles\rtos_threads.tmp_save
2025-07-02 07:46:38,179 [INFO] CodeEngine:287 - Generated code: C:\Users\Luciano\Downloads\5to-Anio-main\5to-Anio-main\Tecnicas-Digitales-III\Tp_2\principal\Tp2-STM32-Sistema Embebido\MXTmpFiles\rtos_threads.tmp
2025-07-02 07:46:38,217 [INFO] Middleware:1452 - No code input for Bsp Dependency
2025-07-02 07:46:38,230 [INFO] CodeEngine:263 - oldGeneratedFile, C:\Users\Luciano\Downloads\5to-Anio-main\5to-Anio-main\Tecnicas-Digitales-III\Tp_2\principal\Tp2-STM32-Sistema Embebido\MXTmpFiles\rtos_inc.tmp_save
2025-07-02 07:46:38,317 [INFO] CodeEngine:287 - Generated code: C:\Users\Luciano\Downloads\5to-Anio-main\5to-Anio-main\Tecnicas-Digitales-III\Tp_2\principal\Tp2-STM32-Sistema Embebido\MXTmpFiles\rtos_inc.tmp
2025-07-02 07:46:38,325 [INFO] CodeEngine:263 - oldGeneratedFile, C:\Users\Luciano\Downloads\5to-Anio-main\5to-Anio-main\Tecnicas-Digitales-III\Tp_2\principal\Tp2-STM32-Sistema Embebido\MXTmpFiles\rtos_vars.tmp_save
2025-07-02 07:46:38,407 [INFO] CodeEngine:287 - Generated code: C:\Users\Luciano\Downloads\5to-Anio-main\5to-Anio-main\Tecnicas-Digitales-III\Tp_2\principal\Tp2-STM32-Sistema Embebido\MXTmpFiles\rtos_vars.tmp
2025-07-02 07:46:38,416 [INFO] CodeEngine:263 - oldGeneratedFile, C:\Users\Luciano\Downloads\5to-Anio-main\5to-Anio-main\Tecnicas-Digitales-III\Tp_2\principal\Tp2-STM32-Sistema Embebido\MXTmpFiles\rtos_pfp.tmp_save
2025-07-02 07:46:38,495 [INFO] CodeEngine:287 - Generated code: C:\Users\Luciano\Downloads\5to-Anio-main\5to-Anio-main\Tecnicas-Digitales-III\Tp_2\principal\Tp2-STM32-Sistema Embebido\MXTmpFiles\rtos_pfp.tmp
2025-07-02 07:46:38,503 [INFO] CodeEngine:263 - oldGeneratedFile, C:\Users\Luciano\Downloads\5to-Anio-main\5to-Anio-main\Tecnicas-Digitales-III\Tp_2\principal\Tp2-STM32-Sistema Embebido\MXTmpFiles\rtos_obj_creat.tmp_save
2025-07-02 07:46:38,580 [INFO] CodeEngine:287 - Generated code: C:\Users\Luciano\Downloads\5to-Anio-main\5to-Anio-main\Tecnicas-Digitales-III\Tp_2\principal\Tp2-STM32-Sistema Embebido\MXTmpFiles\rtos_obj_creat.tmp
2025-07-02 07:46:38,585 [INFO] CodeEngine:263 - oldGeneratedFile, C:\Users\Luciano\Downloads\5to-Anio-main\5to-Anio-main\Tecnicas-Digitales-III\Tp_2\principal\Tp2-STM32-Sistema Embebido\MXTmpFiles\rtos_kernelStart.tmp_save
2025-07-02 07:46:38,647 [INFO] CodeEngine:287 - Generated code: C:\Users\Luciano\Downloads\5to-Anio-main\5to-Anio-main\Tecnicas-Digitales-III\Tp_2\principal\Tp2-STM32-Sistema Embebido\MXTmpFiles\rtos_kernelStart.tmp
2025-07-02 07:46:38,659 [INFO] CodeEngine:263 - oldGeneratedFile, C:\Users\Luciano\Downloads\5to-Anio-main\5to-Anio-main\Tecnicas-Digitales-III\Tp_2\principal\Tp2-STM32-Sistema Embebido\MXTmpFiles\rtos_default_thread.tmp_save
2025-07-02 07:46:38,774 [INFO] CodeEngine:287 - Generated code: C:\Users\Luciano\Downloads\5to-Anio-main\5to-Anio-main\Tecnicas-Digitales-III\Tp_2\principal\Tp2-STM32-Sistema Embebido\MXTmpFiles\rtos_default_thread.tmp
2025-07-02 07:46:38,787 [INFO] CodeEngine:263 - oldGeneratedFile, C:\Users\Luciano\Downloads\5to-Anio-main\5to-Anio-main\Tecnicas-Digitales-III\Tp_2\principal\Tp2-STM32-Sistema Embebido\MXTmpFiles\rtos_threads.tmp_save
2025-07-02 07:46:38,931 [INFO] CodeEngine:287 - Generated code: C:\Users\Luciano\Downloads\5to-Anio-main\5to-Anio-main\Tecnicas-Digitales-III\Tp_2\principal\Tp2-STM32-Sistema Embebido\MXTmpFiles\rtos_threads.tmp
2025-07-02 07:46:38,938 [INFO] CodeEngine:263 - oldGeneratedFile, C:\Users\Luciano\Downloads\5to-Anio-main\5to-Anio-main\Tecnicas-Digitales-III\Tp_2\principal\Tp2-STM32-Sistema Embebido\Core\Inc\FreeRTOSConfig.h_save
2025-07-02 07:46:39,050 [INFO] CodeEngine:287 - Generated code: C:\Users\Luciano\Downloads\5to-Anio-main\5to-Anio-main\Tecnicas-Digitales-III\Tp_2\principal\Tp2-STM32-Sistema Embebido\Core\Inc\FreeRTOSConfig.h
2025-07-02 07:46:39,063 [INFO] CodeEngine:263 - oldGeneratedFile, C:\Users\Luciano\Downloads\5to-Anio-main\5to-Anio-main\Tecnicas-Digitales-III\Tp_2\principal\Tp2-STM32-Sistema Embebido\Core\Src\freertos.c_save
2025-07-02 07:46:39,148 [INFO] CodeEngine:287 - Generated code: C:\Users\Luciano\Downloads\5to-Anio-main\5to-Anio-main\Tecnicas-Digitales-III\Tp_2\principal\Tp2-STM32-Sistema Embebido\Core\Src\freertos.c
2025-07-02 07:46:39,177 [INFO] CodeEngine:263 - oldGeneratedFile, C:\Users\Luciano\Downloads\5to-Anio-main\5to-Anio-main\Tecnicas-Digitales-III\Tp_2\principal\Tp2-STM32-Sistema Embebido\Core\Src\stm32f1xx_it.c_save
2025-07-02 07:46:39,360 [INFO] CodeEngine:287 - Generated code: C:\Users\Luciano\Downloads\5to-Anio-main\5to-Anio-main\Tecnicas-Digitales-III\Tp_2\principal\Tp2-STM32-Sistema Embebido\Core\Src\stm32f1xx_it.c
2025-07-02 07:46:39,368 [INFO] CodeEngine:263 - oldGeneratedFile, C:\Users\Luciano\Downloads\5to-Anio-main\5to-Anio-main\Tecnicas-Digitales-III\Tp_2\principal\Tp2-STM32-Sistema Embebido\Core\Inc\stm32f1xx_it.h_save
2025-07-02 07:46:39,444 [INFO] CodeEngine:287 - Generated code: C:\Users\Luciano\Downloads\5to-Anio-main\5to-Anio-main\Tecnicas-Digitales-III\Tp_2\principal\Tp2-STM32-Sistema Embebido\Core\Inc\stm32f1xx_it.h
2025-07-02 07:46:39,466 [INFO] CodeEngine:263 - oldGeneratedFile, C:\Users\Luciano\Downloads\5to-Anio-main\5to-Anio-main\Tecnicas-Digitales-III\Tp_2\principal\Tp2-STM32-Sistema Embebido\Core\Src\stm32f1xx_hal_msp.c_save
2025-07-02 07:46:39,655 [INFO] CodeEngine:287 - Generated code: C:\Users\Luciano\Downloads\5to-Anio-main\5to-Anio-main\Tecnicas-Digitales-III\Tp_2\principal\Tp2-STM32-Sistema Embebido\Core\Src\stm32f1xx_hal_msp.c
2025-07-02 07:46:39,665 [INFO] CodeEngine:263 - oldGeneratedFile, C:\Users\Luciano\Downloads\5to-Anio-main\5to-Anio-main\Tecnicas-Digitales-III\Tp_2\principal\Tp2-STM32-Sistema Embebido\MXTmpFiles\system.tmp_save
2025-07-02 07:46:39,770 [INFO] CodeEngine:287 - Generated code: C:\Users\Luciano\Downloads\5to-Anio-main\5to-Anio-main\Tecnicas-Digitales-III\Tp_2\principal\Tp2-STM32-Sistema Embebido\MXTmpFiles\system.tmp
2025-07-02 07:46:39,799 [INFO] CodeEngine:319 - oldGeneratedFile, C:\Users\Luciano\Downloads\5to-Anio-main\5to-Anio-main\Tecnicas-Digitales-III\Tp_2\principal\Tp2-STM32-Sistema Embebido\Core\Inc\stm32f1xx_hal_conf.h_save
2025-07-02 07:46:39,891 [INFO] CodeEngine:343 - Generated code: C:\Users\Luciano\Downloads\5to-Anio-main\5to-Anio-main\Tecnicas-Digitales-III\Tp_2\principal\Tp2-STM32-Sistema Embebido\Core\Inc\stm32f1xx_hal_conf.h
2025-07-02 07:46:39,935 [INFO] ApiDbMcu:508 - Load IP Config File for ADC1
2025-07-02 07:46:39,938 [INFO] ApiDbMcu:508 - Load IP Config File for SPI2
2025-07-02 07:46:39,955 [INFO] ApiDbMcu:508 - Load IP Config File for TIM3
2025-07-02 07:46:39,961 [INFO] ApiDbMcu:508 - Load IP Config File for USART1
2025-07-02 07:46:39,966 [INFO] ApiDbMcu:508 - Load IP Config File for USART3
2025-07-02 07:46:39,969 [INFO] ApiDbMcu:508 - Load IP Config File for RCC
2025-07-02 07:46:39,974 [WARN] IPConfigManager:3790 - IP not found : TIM
2025-07-02 07:46:39,976 [WARN] CodeGenerator:4198 - IP not found : null
2025-07-02 07:46:39,989 [INFO] CodeEngine:263 - oldGeneratedFile, C:\Users\Luciano\Downloads\5to-Anio-main\5to-Anio-main\Tecnicas-Digitales-III\Tp_2\principal\Tp2-STM32-Sistema Embebido\Core\Inc\main.h_save
2025-07-02 07:46:40,109 [INFO] CodeEngine:287 - Generated code: C:\Users\Luciano\Downloads\5to-Anio-main\5to-Anio-main\Tecnicas-Digitales-III\Tp_2\principal\Tp2-STM32-Sistema Embebido\Core\Inc\main.h
2025-07-02 07:46:40,118 [INFO] CodeEngine:263 - oldGeneratedFile, C:\Users\Luciano\Downloads\5to-Anio-main\5to-Anio-main\Tecnicas-Digitales-III\Tp_2\principal\Tp2-STM32-Sistema Embebido\Core\Src\main.c_save
2025-07-02 07:46:40,314 [INFO] CodeEngine:287 - Generated code: C:\Users\Luciano\Downloads\5to-Anio-main\5to-Anio-main\Tecnicas-Digitales-III\Tp_2\principal\Tp2-STM32-Sistema Embebido\Core\Src\main.c
2025-07-02 07:46:41,078 [INFO] ProjectBuilder:3324 - Time for Copy HAL[1] : 453mS.
2025-07-02 07:46:41,095 [INFO] ProjectBuilder:4912 - Project Generator version: 4.6.0.1-B1
2025-07-02 07:46:41,195 [INFO] ConfigFileManager:1590 - The Die is : DIE410
2025-07-02 07:46:41,212 [INFO] ApiDbMcu:508 - Load IP Config File for FATFS
2025-07-02 07:46:41,227 [INFO] ApiDbMcu:508 - Load IP Config File for USB_DEVICE
2025-07-02 07:46:41,810 [INFO] LogOutputStream:77 - [STDOUT_REDIRECT] 
2025-07-02 07:46:43,238 [INFO] ProjectBuilder:5191 - Time for Generating toolchain IDE Files: 2142mS.
2025-07-02 07:46:43,240 [INFO] ProjectBuilder:3181 - Time for Copy CMSIS : 1mS.
2025-07-02 07:46:43,248 [INFO] ProjectBuilder:3181 - Time for Copy CMSIS : 0mS.
2025-07-02 07:46:50,870 [ERROR] RtosPanel:558 - Can not restore the selected Tab for FREERTOS(A reason can be that the tab is no more available.)
2025-07-02 07:46:51,022 [ERROR] RtosPanel:558 - Can not restore the selected Tab for FREERTOS(A reason can be that the tab is no more available.)
2025-07-02 08:03:01,921 [INFO] NvicIntPanel:101 - NVIC parent = com.st.microxplorer.plugins.ip.nvic.MultiNvicIntPanel[,0,0,0x0,invalid,layout=javax.swing.BoxLayout,alignmentX=0.0,alignmentY=0.0,border=,flags=9,maximumSize=,minimumSize=,preferredSize=]
2025-07-02 08:03:02,065 [INFO] NvicIntPanel:101 - NVIC parent = com.st.microxplorer.plugins.ip.nvic.MultiNvicIntPanel[,0,0,0x0,invalid,layout=javax.swing.BoxLayout,alignmentX=0.0,alignmentY=0.0,border=,flags=9,maximumSize=,minimumSize=,preferredSize=]
2025-07-02 08:03:05,762 [INFO] UtilMem:75 - End SaveConfig() Used Memory: 487415368 Bytes (982515712)
2025-07-02 08:03:17,909 [INFO] UtilMem:75 - End SaveConfig() Used Memory: 714427368 Bytes (982515712)
2025-07-02 08:03:21,804 [INFO] BlockDiagram:2775 - set Specific Code input for plugin: SPI
2025-07-02 08:03:21,804 [INFO] BlockDiagram:2775 - set Specific Code input for plugin: NVIC
2025-07-02 08:03:21,804 [INFO] BlockDiagram:2775 - set Specific Code input for plugin: FREERTOS
2025-07-02 08:03:21,804 [INFO] BlockDiagram:2775 - set Specific Code input for plugin: USART
2025-07-02 08:03:21,805 [INFO] BlockDiagram:2775 - set Specific Code input for plugin: USART
2025-07-02 08:03:21,805 [INFO] BlockDiagram:2775 - set Specific Code input for plugin: TIM1_8F1
2025-07-02 08:03:21,805 [INFO] BlockDiagram:2775 - set Specific Code input for plugin: SYS
2025-07-02 08:03:21,805 [INFO] BlockDiagram:2775 - set Specific Code input for plugin: GPIO
2025-07-02 08:03:21,805 [INFO] BlockDiagram:2775 - set Specific Code input for plugin: ADC
2025-07-02 08:03:21,805 [INFO] BlockDiagram:2775 - set Specific Code input for plugin: RCC
2025-07-02 08:03:21,808 [INFO] CodeGenerator:882 - code generatio: config db path: C:\ST\STM32CubeIDE_1.18.1\STM32CubeIDE\plugins\com.st.stm32cube.common.mx_6.14.1.202504091515\\db\
2025-07-02 08:03:21,926 [INFO] CodeEngine:263 - oldGeneratedFile, C:\Users\Luciano\Downloads\5to-Anio-main\5to-Anio-main\Tecnicas-Digitales-III\Tp_2\principal\Tp2-STM32-Sistema Embebido\MXTmpFiles\license.tmp_save
2025-07-02 08:03:22,151 [INFO] CodeEngine:287 - Generated code: C:\Users\Luciano\Downloads\5to-Anio-main\5to-Anio-main\Tecnicas-Digitales-III\Tp_2\principal\Tp2-STM32-Sistema Embebido\MXTmpFiles\license.tmp
2025-07-02 08:03:22,208 [INFO] CodeEngine:263 - oldGeneratedFile, C:\Users\Luciano\Downloads\5to-Anio-main\5to-Anio-main\Tecnicas-Digitales-III\Tp_2\principal\Tp2-STM32-Sistema Embebido\MXTmpFiles\gpio.tmp_save
2025-07-02 08:03:22,354 [INFO] CodeEngine:287 - Generated code: C:\Users\Luciano\Downloads\5to-Anio-main\5to-Anio-main\Tecnicas-Digitales-III\Tp_2\principal\Tp2-STM32-Sistema Embebido\MXTmpFiles\gpio.tmp
2025-07-02 08:03:22,776 [INFO] Middleware:1452 - No code input for Bsp Dependency
2025-07-02 08:03:22,786 [INFO] CodeEngine:263 - oldGeneratedFile, C:\Users\Luciano\Downloads\5to-Anio-main\5to-Anio-main\Tecnicas-Digitales-III\Tp_2\principal\Tp2-STM32-Sistema Embebido\MXTmpFiles\rtos_inc.tmp_save
2025-07-02 08:03:22,923 [INFO] CodeEngine:287 - Generated code: C:\Users\Luciano\Downloads\5to-Anio-main\5to-Anio-main\Tecnicas-Digitales-III\Tp_2\principal\Tp2-STM32-Sistema Embebido\MXTmpFiles\rtos_inc.tmp
2025-07-02 08:03:22,930 [INFO] CodeEngine:263 - oldGeneratedFile, C:\Users\Luciano\Downloads\5to-Anio-main\5to-Anio-main\Tecnicas-Digitales-III\Tp_2\principal\Tp2-STM32-Sistema Embebido\MXTmpFiles\rtos_vars.tmp_save
2025-07-02 08:03:23,036 [INFO] CodeEngine:287 - Generated code: C:\Users\Luciano\Downloads\5to-Anio-main\5to-Anio-main\Tecnicas-Digitales-III\Tp_2\principal\Tp2-STM32-Sistema Embebido\MXTmpFiles\rtos_vars.tmp
2025-07-02 08:03:23,042 [INFO] CodeEngine:263 - oldGeneratedFile, C:\Users\Luciano\Downloads\5to-Anio-main\5to-Anio-main\Tecnicas-Digitales-III\Tp_2\principal\Tp2-STM32-Sistema Embebido\MXTmpFiles\rtos_pfp.tmp_save
2025-07-02 08:03:23,126 [INFO] CodeEngine:287 - Generated code: C:\Users\Luciano\Downloads\5to-Anio-main\5to-Anio-main\Tecnicas-Digitales-III\Tp_2\principal\Tp2-STM32-Sistema Embebido\MXTmpFiles\rtos_pfp.tmp
2025-07-02 08:03:23,131 [INFO] CodeEngine:263 - oldGeneratedFile, C:\Users\Luciano\Downloads\5to-Anio-main\5to-Anio-main\Tecnicas-Digitales-III\Tp_2\principal\Tp2-STM32-Sistema Embebido\MXTmpFiles\rtos_obj_creat.tmp_save
2025-07-02 08:03:23,214 [INFO] CodeEngine:287 - Generated code: C:\Users\Luciano\Downloads\5to-Anio-main\5to-Anio-main\Tecnicas-Digitales-III\Tp_2\principal\Tp2-STM32-Sistema Embebido\MXTmpFiles\rtos_obj_creat.tmp
2025-07-02 08:03:23,219 [INFO] CodeEngine:263 - oldGeneratedFile, C:\Users\Luciano\Downloads\5to-Anio-main\5to-Anio-main\Tecnicas-Digitales-III\Tp_2\principal\Tp2-STM32-Sistema Embebido\MXTmpFiles\rtos_kernelStart.tmp_save
2025-07-02 08:03:23,292 [INFO] CodeEngine:287 - Generated code: C:\Users\Luciano\Downloads\5to-Anio-main\5to-Anio-main\Tecnicas-Digitales-III\Tp_2\principal\Tp2-STM32-Sistema Embebido\MXTmpFiles\rtos_kernelStart.tmp
2025-07-02 08:03:23,297 [INFO] CodeEngine:263 - oldGeneratedFile, C:\Users\Luciano\Downloads\5to-Anio-main\5to-Anio-main\Tecnicas-Digitales-III\Tp_2\principal\Tp2-STM32-Sistema Embebido\MXTmpFiles\rtos_default_thread.tmp_save
2025-07-02 08:03:23,369 [INFO] CodeEngine:287 - Generated code: C:\Users\Luciano\Downloads\5to-Anio-main\5to-Anio-main\Tecnicas-Digitales-III\Tp_2\principal\Tp2-STM32-Sistema Embebido\MXTmpFiles\rtos_default_thread.tmp
2025-07-02 08:03:23,376 [INFO] CodeEngine:263 - oldGeneratedFile, C:\Users\Luciano\Downloads\5to-Anio-main\5to-Anio-main\Tecnicas-Digitales-III\Tp_2\principal\Tp2-STM32-Sistema Embebido\MXTmpFiles\rtos_threads.tmp_save
2025-07-02 08:03:23,451 [INFO] CodeEngine:287 - Generated code: C:\Users\Luciano\Downloads\5to-Anio-main\5to-Anio-main\Tecnicas-Digitales-III\Tp_2\principal\Tp2-STM32-Sistema Embebido\MXTmpFiles\rtos_threads.tmp
2025-07-02 08:03:23,490 [INFO] Middleware:1452 - No code input for Bsp Dependency
2025-07-02 08:03:23,503 [INFO] CodeEngine:263 - oldGeneratedFile, C:\Users\Luciano\Downloads\5to-Anio-main\5to-Anio-main\Tecnicas-Digitales-III\Tp_2\principal\Tp2-STM32-Sistema Embebido\MXTmpFiles\rtos_inc.tmp_save
2025-07-02 08:03:23,583 [INFO] CodeEngine:287 - Generated code: C:\Users\Luciano\Downloads\5to-Anio-main\5to-Anio-main\Tecnicas-Digitales-III\Tp_2\principal\Tp2-STM32-Sistema Embebido\MXTmpFiles\rtos_inc.tmp
2025-07-02 08:03:23,594 [INFO] CodeEngine:263 - oldGeneratedFile, C:\Users\Luciano\Downloads\5to-Anio-main\5to-Anio-main\Tecnicas-Digitales-III\Tp_2\principal\Tp2-STM32-Sistema Embebido\MXTmpFiles\rtos_vars.tmp_save
2025-07-02 08:03:23,669 [INFO] CodeEngine:287 - Generated code: C:\Users\Luciano\Downloads\5to-Anio-main\5to-Anio-main\Tecnicas-Digitales-III\Tp_2\principal\Tp2-STM32-Sistema Embebido\MXTmpFiles\rtos_vars.tmp
2025-07-02 08:03:23,679 [INFO] CodeEngine:263 - oldGeneratedFile, C:\Users\Luciano\Downloads\5to-Anio-main\5to-Anio-main\Tecnicas-Digitales-III\Tp_2\principal\Tp2-STM32-Sistema Embebido\MXTmpFiles\rtos_pfp.tmp_save
2025-07-02 08:03:23,748 [INFO] CodeEngine:287 - Generated code: C:\Users\Luciano\Downloads\5to-Anio-main\5to-Anio-main\Tecnicas-Digitales-III\Tp_2\principal\Tp2-STM32-Sistema Embebido\MXTmpFiles\rtos_pfp.tmp
2025-07-02 08:03:23,755 [INFO] CodeEngine:263 - oldGeneratedFile, C:\Users\Luciano\Downloads\5to-Anio-main\5to-Anio-main\Tecnicas-Digitales-III\Tp_2\principal\Tp2-STM32-Sistema Embebido\MXTmpFiles\rtos_obj_creat.tmp_save
2025-07-02 08:03:23,837 [INFO] CodeEngine:287 - Generated code: C:\Users\Luciano\Downloads\5to-Anio-main\5to-Anio-main\Tecnicas-Digitales-III\Tp_2\principal\Tp2-STM32-Sistema Embebido\MXTmpFiles\rtos_obj_creat.tmp
2025-07-02 08:03:23,848 [INFO] CodeEngine:263 - oldGeneratedFile, C:\Users\Luciano\Downloads\5to-Anio-main\5to-Anio-main\Tecnicas-Digitales-III\Tp_2\principal\Tp2-STM32-Sistema Embebido\MXTmpFiles\rtos_kernelStart.tmp_save
2025-07-02 08:03:23,927 [INFO] CodeEngine:287 - Generated code: C:\Users\Luciano\Downloads\5to-Anio-main\5to-Anio-main\Tecnicas-Digitales-III\Tp_2\principal\Tp2-STM32-Sistema Embebido\MXTmpFiles\rtos_kernelStart.tmp
2025-07-02 08:03:23,935 [INFO] CodeEngine:263 - oldGeneratedFile, C:\Users\Luciano\Downloads\5to-Anio-main\5to-Anio-main\Tecnicas-Digitales-III\Tp_2\principal\Tp2-STM32-Sistema Embebido\MXTmpFiles\rtos_default_thread.tmp_save
2025-07-02 08:03:24,009 [INFO] CodeEngine:287 - Generated code: C:\Users\Luciano\Downloads\5to-Anio-main\5to-Anio-main\Tecnicas-Digitales-III\Tp_2\principal\Tp2-STM32-Sistema Embebido\MXTmpFiles\rtos_default_thread.tmp
2025-07-02 08:03:24,016 [INFO] CodeEngine:263 - oldGeneratedFile, C:\Users\Luciano\Downloads\5to-Anio-main\5to-Anio-main\Tecnicas-Digitales-III\Tp_2\principal\Tp2-STM32-Sistema Embebido\MXTmpFiles\rtos_threads.tmp_save
2025-07-02 08:03:24,088 [INFO] CodeEngine:287 - Generated code: C:\Users\Luciano\Downloads\5to-Anio-main\5to-Anio-main\Tecnicas-Digitales-III\Tp_2\principal\Tp2-STM32-Sistema Embebido\MXTmpFiles\rtos_threads.tmp
2025-07-02 08:03:24,096 [INFO] CodeEngine:263 - oldGeneratedFile, C:\Users\Luciano\Downloads\5to-Anio-main\5to-Anio-main\Tecnicas-Digitales-III\Tp_2\principal\Tp2-STM32-Sistema Embebido\Core\Inc\FreeRTOSConfig.h_save
2025-07-02 08:03:24,188 [INFO] CodeEngine:287 - Generated code: C:\Users\Luciano\Downloads\5to-Anio-main\5to-Anio-main\Tecnicas-Digitales-III\Tp_2\principal\Tp2-STM32-Sistema Embebido\Core\Inc\FreeRTOSConfig.h
2025-07-02 08:03:24,198 [INFO] CodeEngine:263 - oldGeneratedFile, C:\Users\Luciano\Downloads\5to-Anio-main\5to-Anio-main\Tecnicas-Digitales-III\Tp_2\principal\Tp2-STM32-Sistema Embebido\Core\Src\freertos.c_save
2025-07-02 08:03:24,268 [INFO] CodeEngine:287 - Generated code: C:\Users\Luciano\Downloads\5to-Anio-main\5to-Anio-main\Tecnicas-Digitales-III\Tp_2\principal\Tp2-STM32-Sistema Embebido\Core\Src\freertos.c
2025-07-02 08:03:24,288 [INFO] CodeEngine:263 - oldGeneratedFile, C:\Users\Luciano\Downloads\5to-Anio-main\5to-Anio-main\Tecnicas-Digitales-III\Tp_2\principal\Tp2-STM32-Sistema Embebido\Core\Src\stm32f1xx_it.c_save
2025-07-02 08:03:24,401 [INFO] CodeEngine:287 - Generated code: C:\Users\Luciano\Downloads\5to-Anio-main\5to-Anio-main\Tecnicas-Digitales-III\Tp_2\principal\Tp2-STM32-Sistema Embebido\Core\Src\stm32f1xx_it.c
2025-07-02 08:03:24,410 [INFO] CodeEngine:263 - oldGeneratedFile, C:\Users\Luciano\Downloads\5to-Anio-main\5to-Anio-main\Tecnicas-Digitales-III\Tp_2\principal\Tp2-STM32-Sistema Embebido\Core\Inc\stm32f1xx_it.h_save
2025-07-02 08:03:24,476 [INFO] CodeEngine:287 - Generated code: C:\Users\Luciano\Downloads\5to-Anio-main\5to-Anio-main\Tecnicas-Digitales-III\Tp_2\principal\Tp2-STM32-Sistema Embebido\Core\Inc\stm32f1xx_it.h
2025-07-02 08:03:24,495 [INFO] CodeEngine:263 - oldGeneratedFile, C:\Users\Luciano\Downloads\5to-Anio-main\5to-Anio-main\Tecnicas-Digitales-III\Tp_2\principal\Tp2-STM32-Sistema Embebido\Core\Src\stm32f1xx_hal_msp.c_save
2025-07-02 08:03:24,607 [INFO] CodeEngine:287 - Generated code: C:\Users\Luciano\Downloads\5to-Anio-main\5to-Anio-main\Tecnicas-Digitales-III\Tp_2\principal\Tp2-STM32-Sistema Embebido\Core\Src\stm32f1xx_hal_msp.c
2025-07-02 08:03:24,616 [INFO] CodeEngine:263 - oldGeneratedFile, C:\Users\Luciano\Downloads\5to-Anio-main\5to-Anio-main\Tecnicas-Digitales-III\Tp_2\principal\Tp2-STM32-Sistema Embebido\MXTmpFiles\system.tmp_save
2025-07-02 08:03:24,693 [INFO] CodeEngine:287 - Generated code: C:\Users\Luciano\Downloads\5to-Anio-main\5to-Anio-main\Tecnicas-Digitales-III\Tp_2\principal\Tp2-STM32-Sistema Embebido\MXTmpFiles\system.tmp
2025-07-02 08:03:24,709 [INFO] CodeEngine:319 - oldGeneratedFile, C:\Users\Luciano\Downloads\5to-Anio-main\5to-Anio-main\Tecnicas-Digitales-III\Tp_2\principal\Tp2-STM32-Sistema Embebido\Core\Inc\stm32f1xx_hal_conf.h_save
2025-07-02 08:03:24,784 [INFO] CodeEngine:343 - Generated code: C:\Users\Luciano\Downloads\5to-Anio-main\5to-Anio-main\Tecnicas-Digitales-III\Tp_2\principal\Tp2-STM32-Sistema Embebido\Core\Inc\stm32f1xx_hal_conf.h
2025-07-02 08:03:24,821 [WARN] IPConfigManager:3790 - IP not found : TIM
2025-07-02 08:03:24,823 [WARN] CodeGenerator:4198 - IP not found : null
2025-07-02 08:03:24,834 [INFO] CodeEngine:263 - oldGeneratedFile, C:\Users\Luciano\Downloads\5to-Anio-main\5to-Anio-main\Tecnicas-Digitales-III\Tp_2\principal\Tp2-STM32-Sistema Embebido\Core\Inc\main.h_save
2025-07-02 08:03:24,908 [INFO] CodeEngine:287 - Generated code: C:\Users\Luciano\Downloads\5to-Anio-main\5to-Anio-main\Tecnicas-Digitales-III\Tp_2\principal\Tp2-STM32-Sistema Embebido\Core\Inc\main.h
2025-07-02 08:03:24,920 [INFO] CodeEngine:263 - oldGeneratedFile, C:\Users\Luciano\Downloads\5to-Anio-main\5to-Anio-main\Tecnicas-Digitales-III\Tp_2\principal\Tp2-STM32-Sistema Embebido\Core\Src\main.c_save
2025-07-02 08:03:25,081 [INFO] CodeEngine:287 - Generated code: C:\Users\Luciano\Downloads\5to-Anio-main\5to-Anio-main\Tecnicas-Digitales-III\Tp_2\principal\Tp2-STM32-Sistema Embebido\Core\Src\main.c
2025-07-02 08:03:25,597 [INFO] ProjectBuilder:3324 - Time for Copy HAL[1] : 312mS.
2025-07-02 08:03:25,602 [INFO] ProjectBuilder:4912 - Project Generator version: 4.6.0.1-B1
2025-07-02 08:03:25,687 [INFO] ConfigFileManager:1590 - The Die is : DIE410
2025-07-02 08:03:26,989 [INFO] ProjectBuilder:5191 - Time for Generating toolchain IDE Files: 1387mS.
2025-07-02 08:03:26,990 [INFO] ProjectBuilder:3181 - Time for Copy CMSIS : 0mS.
2025-07-02 08:03:27,002 [INFO] ProjectBuilder:3181 - Time for Copy CMSIS : 0mS.
2025-07-02 08:04:48,972 [INFO] NvicIntPanel:101 - NVIC parent = com.st.microxplorer.plugins.ip.nvic.MultiNvicIntPanel[,0,0,0x0,invalid,layout=javax.swing.BoxLayout,alignmentX=0.0,alignmentY=0.0,border=,flags=9,maximumSize=,minimumSize=,preferredSize=]
2025-07-02 08:04:54,607 [INFO] NvicIntPanel:101 - NVIC parent = com.st.microxplorer.plugins.ip.nvic.MultiNvicIntPanel[,0,0,0x0,invalid,layout=javax.swing.BoxLayout,alignmentX=0.0,alignmentY=0.0,border=,flags=9,maximumSize=,minimumSize=,preferredSize=]
2025-07-02 08:05:02,301 [INFO] NvicIntPanel:101 - NVIC parent = com.st.microxplorer.plugins.ip.nvic.MultiNvicIntPanel[,0,0,0x0,invalid,layout=javax.swing.BoxLayout,alignmentX=0.0,alignmentY=0.0,border=,flags=9,maximumSize=,minimumSize=,preferredSize=]
2025-07-02 08:06:06,327 [INFO] UtilMem:75 - End SaveConfig() Used Memory: 747822112 Bytes (884998144)
2025-07-02 08:06:41,628 [INFO] UtilMem:75 - End SaveConfig() Used Memory: 412322768 Bytes (884998144)
2025-07-02 08:08:23,781 [INFO] NvicIntPanel:101 - NVIC parent = com.st.microxplorer.plugins.ip.nvic.MultiNvicIntPanel[,0,0,0x0,invalid,layout=javax.swing.BoxLayout,alignmentX=0.0,alignmentY=0.0,border=,flags=9,maximumSize=,minimumSize=,preferredSize=]
2025-07-02 08:08:26,485 [INFO] NvicIntPanel:101 - NVIC parent = com.st.microxplorer.plugins.ip.nvic.MultiNvicIntPanel[,0,0,0x0,invalid,layout=javax.swing.BoxLayout,alignmentX=0.0,alignmentY=0.0,border=,flags=9,maximumSize=,minimumSize=,preferredSize=]
2025-07-02 08:08:30,990 [INFO] UtilMem:75 - End SaveConfig() Used Memory: 539764912 Bytes (870318080)
2025-07-02 08:08:38,510 [INFO] UtilMem:75 - End SaveConfig() Used Memory: 633185544 Bytes (870318080)
2025-07-02 08:16:14,629 [INFO] Gpio:277 - dependency for GPIO [ADC1, RCC, SPI2, SYS, TIM3, USART1, USART3]
2025-07-02 08:24:42,704 [INFO] UtilMem:75 - End SaveConfig() Used Memory: 322049696 Bytes (801112064)
2025-07-02 08:24:48,291 [ERROR] LogOutputStream:75 - [STDERR_REDIRECT] 
