:020000040800F2
:1000000000500020A9280008892300089123000837
:1000100099230008A1230008A9230008000000007C
:10002000000000000000000000000000D18F000868
:10003000B123000800000000B1910008F991000808
:10004000F1280008F1280008F1280008F12800082C
:10005000F1280008F1280008F1280008F12800081C
:10006000F1280008F1280008F1280008BD23000845
:10007000F1280008F1280008F1280008F1280008FC
:10008000F1280008F1280008F1280008F1280008EC
:10009000F1280008F1280008F1280008F1280008DC
:1000A000F1280008F1280008F1280008F1280008CC
:1000B000F1280008F1280008D1230008F1280008E1
:1000C000F1280008F1280008F1280008F1280008AC
:1000D000F1280008E5230008F1280008F9230008AA
:1000E000F1280008F1280008F128000800000000AD
:1000F0000000000000000000000000000000000000
:0C01000000000000000000005FF808F1A3
:1001100010B5054C237833B9044B13B10448AFF341
:1001200000800123237010BD740000200000000037
:10013000B498000808B5034B1BB103490348AFF35B
:10014000008008BD0000000078000020B49800087E
:1001500080F0004002E000BF81F0004142001FBF7C
:100160005FEA410392EA030F7FEA226C7FEA236C85
:100170006AD04FEA1262D2EB1363C1BFD21841407A
:1001800048404140B8BF5B42192B88BF704710F010
:10019000004F40F4000020F07F4018BF404211F0B3
:1001A000004F41F4000121F07F4118BF494292EA1B
:1001B000030F3FD0A2F1010241FA03FC10EB0C0047
:1001C000C3F1200301FA03F100F0004302D54942D4
:1001D00060EB4000B0F5000F13D3B0F1807F06D381
:1001E00040084FEA310102F10102FE2A51D2B1F179
:1001F000004F40EBC25008BF20F0010040EA03006E
:100200007047490040EB0000013A28BFB0F5000FED
:10021000EDD2B0FA80FCACF1080CB2EB0C0200FAA3
:100220000CF0AABF00EBC25052421843BCBFD040F2
:100230001843704792F0000F81F4000106BF80F46C
:1002400000000132013BB5E74FEA41037FEA226C2F
:1002500018BF7FEA236C21D092EA030F04D092F0FA
:10026000000F08BF0846704790EA010F1CBF00202E
:10027000704712F07F4F04D1400028BF40F000408B
:10028000704712F100723CBF00F50000704700F0AB
:10029000004343F0FE4040F4000070477FEA2262D2
:1002A00016BF08467FEA23630146420206BF5FEAA3
:1002B000412390EA010F40F4800070474FF00003A3
:1002C00004E000BF10F0004348BF40425FEA000C6A
:1002D00008BF704743F0964301464FF000001CE012
:1002E00050EA010208BF70474FF000030AE000BF68
:1002F00050EA010208BF704711F0004302D54042A6
:1003000061EB41015FEA010C02BF84460146002017
:1003100043F0B64308BFA3F18053A3F50003BCFA32
:100320008CF2083AA3EBC25310DB01FA02FC6344DF
:1003300000FA02FCC2F12002BCF1004F20FA02F2E6
:1003400043EB020008BF20F00100704702F12002D9
:1003500001FA02FCC2F1200250EA4C0021FA02F23A
:1003600043EB020008BF20EADC7070474FF0FF0C3F
:100370001CEAD0521EBF1CEAD15392EA0C0F93EA3A
:100380000C0F6FD01A4480EA010C400218BF5FEADC
:1003900041211ED04FF0006343EA501043EA51114F
:1003A000A0FB01310CF00040B1F5000F3EBF490049
:1003B00041EAD3715B0040EA010062F17F02FD2A4D
:1003C0001DD8B3F1004F40EBC25008BF20F0010030
:1003D000704790F0000F0CF0004C08BF49024CEA47
:1003E000502040EA51207F3AC2BFD2F1FF0340EAD9
:1003F000C250704740F400004FF00003013A5DDC4A
:1004000012F1190FDCBF00F000407047C2F100028A
:10041000410021FA02F1C2F1200200FA02FC5FEA77
:10042000310040F1000053EA4C0308BF20EADC70C1
:10043000704792F0000F00F0004C02BF400010F433
:10044000000F013AF9D040EA0C0093F0000F01F0E0
:10045000004C02BF490011F4000F013BF9D041EA02
:100460000C018FE70CEAD15392EA0C0F18BF93EA04
:100470000C0F0AD030F0004C18BF31F0004CD8D12E
:1004800080EA010000F00040704790F0000F17BFB5
:1004900090F0004F084691F0000F91F0004F14D0FB
:1004A00092EA0C0F01D142020FD193EA0C0F03D153
:1004B0004B0218BF084608D180EA010000F0004056
:1004C00040F0FE4040F40000704740F0FE4040F431
:1004D000400070474FF0FF0C1CEAD0521EBF1CEAD0
:1004E000D15392EA0C0F93EA0C0F69D0A2EB0302EE
:1004F00080EA010C49024FEA402037D04FF0805388
:1005000043EA111143EA10130CF000408B4238BF4C
:100510005B0042F17D024FF4000C8B4224BF5B1A5A
:1005200040EA0C00B3EB510F24BFA3EB510340EAA8
:100530005C00B3EB910F24BFA3EB910340EA9C0056
:10054000B3EBD10F24BFA3EBD10340EADC001B01C6
:1005500018BF5FEA1C1CE0D1FD2A3FF650AF8B426A
:1005600040EBC25008BF20F0010070470CF0004C77
:100570004CEA50207F32C2BFD2F1FF0340EAC250A2
:10058000704740F400004FF00003013A37E792F063
:10059000000F00F0004C02BF400010F4000F013AC1
:1005A000F9D040EA0C0093F0000F01F0004C02BFBC
:1005B000490011F4000F013BF9D041EA0C0195E725
:1005C0000CEAD15392EA0C0F08D142027FF47DAFBE
:1005D00093EA0C0F7FF470AF084676E793EA0C0FAE
:1005E00004D14B023FF44CAF08466EE730F0004CAC
:1005F00018BF31F0004CCAD130F000427FF45CAF3C
:1006000031F000437FF43CAF5FE700BF42000ED201
:10061000B2F1FE4F0BD34FF09E03B3EB126209D43D
:100620004FEA002343F0004323FA02F070474FF0F3
:100630000000704712F1610F01D1420202D14FF068
:10064000FF3070474FF00000704700BF7BB972B9B0
:100650000029BEBF00204FF0004106E008BF00287F
:100660001CBF6FF000414FF0FF3000F0BFB9ADF19B
:10067000080C6DE904CE002909DB002B1ADB00F021
:1006800035F8DDF804E0DDE9022304B070474042AC
:1006900061EB4101002B1BDB00F028F8DDF804E0E2
:1006A000DDE9022304B0404261EB4101524263EBB9
:1006B00043037047524263EB430300F017F8DDF841
:1006C00004E0DDE9022304B0404261EB41017047E0
:1006D000524263EB430300F009F8DDF804E0DDE982
:1006E000022304B0524263EB430370472DE9F04705
:1006F000089D8E4604468846002B4AD18A421746FA
:1007000062D9B2FA82F64EB1C6F1200301FA06F8B8
:1007100020FA03F3B74043EA0808B4404FEA174E03
:10072000B8FBFEF11FFA87FC0EFB118801FB0CF2EF
:10073000230C43EA08439A4209D9FB1801F1FF3020
:1007400080F0EB809A4240F2E88002393B449A1AEA
:10075000B2FBFEF00EFB102200FB0CFCA3B243EA3E
:1007600002439C4509D9FB1800F1FF3280F0D78085
:100770009C4540F2D4803B44023840EA01400021CD
:10078000A3EB0C031DB10022F340C5E90032BDE824
:10079000F0878B4205D90DB1C5E90001002108465B
:1007A000F5E7B3FA83F1002946D1734502D38242BB
:1007B00000F20881841A6EEB030201209046002D9E
:1007C000E5D0C5E90048E2E7002A00F09180B2FADE
:1007D00082F6002E40F0A5808A1A0121030C4FEA10
:1007E000174E80B2BCB2B2FBFEFC0EFB1C2243EAE9
:1007F000024304FB0CF29A4207D9FB180CF1FF38B4
:1008000002D29A4200F2E380C4469B1AB3FBFEF286
:100810000EFB123302FB04F440EA03439C4207D967
:10082000FB1802F1FF3002D29C4200F2CD8002465A
:100830001B1B42EA0C40A5E7C1F120068B4022FABF
:1008400006F71F432EFA06FA4FEA1749BAFBF9F8E2
:100850000EFA01FE20FA06F309FB18AA1FFA87FC1C
:1008600043EA0E0300FA01FE08FB0CF01C0C44EAFC
:100870000A44A04202FA01F20AD93C1908F1FF3AEF
:1008800080F09E80A04240F29B80A8F102083C4488
:10089000241A98B2B4FBF9F309FB134403FB0CFCD4
:1008A00040EA0444A44509D93C1903F1FF3080F023
:1008B0008580A44540F28280023B3C4443EA0840E4
:1008C000A4EB0C04A0FB028C64454346E14664D3D0
:1008D00061D05DB1BEEB030264EB090404FA06F6D5
:1008E00022FA01F31E43CC40C5E9006400214EE723
:1008F000B1FBF2FC010C41EA0E4180B240EA014238
:100900003B46B1FBF7F138463C46B846BE4620268A
:10091000A2EB080241EA0C4165E7014617E71046E1
:100920002BE7C6F120012EFA01FCB7400EFA06FEB5
:1009300020FA01F141EA0E014FEA174EBCFBFEF826
:10094000BCB20EFB18CC08FB04F90A0C42EA0C42BC
:10095000B04091454FEA104380B23ED9BA1808F131
:10096000FF3C01D291451FD8A2EB0902B2FBFEF970
:1009700009FB04F80EFB192A8AB242EA0A424245F0
:1009800029D2BA1809F1FF31C2D24245C0D2A9F129
:1009900002013A44BCE7C6459BD2B8EB02036CEBBC
:1009A000070C0138E14694E7A7EB09094A44B2FB7A
:1009B000FEF9A8F1020C09FB04F8DBE703467DE72A
:1009C000D04665E70846FAE63B44023A30E7ACF128
:1009D000020C3B4419E749469AE7A2EB0902B2FB35
:1009E000FEF9C44609FB04F8C4E700BF704700BF26
:1009F00080B584B000AF3B1D00221A605A609A6037
:100A0000274B284A1A60264B4FF480729A60244B79
:100A100001221A73224B00221A75214B4FF46022D7
:100A2000DA611F4B00225A601D4B03221A611C48D9
:100A300001F0B6FF0346002B01D001F067FB002355
:100A40007B600123BB600723FB603B1D19461448F4
:100A500002F078F90346002B01D001F057FB012387
:100A60007B600223BB603B1D19460D4802F06AF90A
:100A70000346002B01D001F049FB02237B600323D6
:100A8000BB603B1D1946064802F05CF90346002B8B
:100A900001D001F03BFB00BF1037BD4680BD00BF59
:100AA000900000200024014080B588B000AF78603D
:100AB00007F1100300221A605A609A60DA607B68BE
:100AC0001B68284A934249D1274B9B69264A43F425
:100AD00000739361244B9B6903F40073FB60FB6814
:100AE000214B9B69204A43F0040393611E4B9B6991
:100AF00003F00403BB60BB6807233B6103237B61F6
:100B000007F110031946194802F098FE184B194ACC
:100B10001A60174B00225A60154B00229A60144B42
:100B20008022DA60124B4FF480721A61104B4FF43E
:100B300080625A610E4B20229A610D4B0022DA61CD
:100B40000B4802F0D9FB0346002B01D001F0DEFA7E
:100B50007B68074A1A62064A7B68536200BF2037E7
:100B6000BD4680BD00240140001002400008014045
:100B7000C00000200800024080B500AF044B1B6895
:100B8000044A11880022184602F0F3FF00BF80BD1E
:100B9000080100200C01002080B500AF044B1B6849
:100BA000044A11880122184602F0E3FF00BF80BD0D
:100BB000080100200C01002080B584B000AF03467E
:100BC0000A46FB711346BB71FB7903F07F03DBB26E
:100BD0003B73BB797B73FFF7CFFF084B186807F1B6
:100BE0000C016423022203F06FFD0346FB73FFF741
:100BF000D3FFFB7B18461037BD4680BD04010020A3
:100C000080B584B000AF03463960FB711346BB80EA
:100C1000FB7963F07F03DBB2FB71FFF7ADFF114B94
:100C20001868F91D6423012203F04EFD0346FB738F
:100C30000C4B1868BA886423396803F089FE0346B0
:100C4000BB73FFF7A9FFFB7B002B02D1BB7B002B03
:100C500001D0012300E00023DBB218461037BD4667
:100C600080BD00BF0401002080B586B000AF3B46C8
:100C7000182219468820FFF7C3FF0346002B01D036
:100C800000237AE07B781BB21B021AB23B781BB2BE
:100C900013431BB29AB23B4B1A80FB781BB21B0268
:100CA0001AB2BB781BB213431AB2364B5A807B7907
:100CB0001BB21B021AB23B791BB213431AB2314B5F
:100CC0009A80FB791BB21B021AB2BB791BB2134389
:100CD0001BB29AB22B4BDA807B7A1BB21B021AB280
:100CE0003B7A1BB213431AB2264B1A81FB7A1BB212
:100CF0001B021AB2BB7A1BB213431AB2214B5A81A0
:100D00007B7B1BB21B021AB23B7B1BB213431AB292
:100D10001C4B9A81FB7B1BB21B021AB2BB7B1BB222
:100D200013431AB2174BDA817B7C1BB21B021AB237
:100D30003B7C1BB213431AB2124B1A82FB7C1BB2D0
:100D40001B021AB2BB7C1BB213431AB20D4B5A8260
:100D50007B7D1BB21B021AB23B7D1BB213431AB23E
:100D6000084B9A82FB7D1BB21B021AB2BB7D1BB2E1
:100D700013431AB2034BDA82012318461837BD46D3
:100D800080BD00BF1001002080B586B000AFF860C4
:100D9000B9601346FB80264AFB681360254ABB688E
:100DA0001360254AFB881380FFF7F6FE642001F0EC
:100DB000D3FDB621E020FFF7FFFE0346002B01D054
:100DC000002330E0642001F0C7FD0023FB7507F12C
:100DD000170301221946D020FFF712FF0346002B0C
:100DE00002D1FB7D582B01D000231CE0FFF73CFF14
:100DF000034683F00103DBB2002B01D0002312E095
:100E00002721F420FFF7D8FE0346002B01D0002352
:100E100009E00021F520FFF7CFFE0346002B01D0AB
:100E2000002300E0012318461837BD4680BD00BFEF
:100E300004010020080100200C01002080B586B0CC
:100E400000AF3B1D03221946FA20FFF7D9FE0346E7
:100E5000002B01D0234B40E03B791A037B791B0127
:100E60001343BA791209D2B213437B617B69DA105A
:100E70001D4B1B885B00D31A1B4AB2F9022002FBF0
:100E800003F3DB123B617B691B11174A12889B1A23
:100E90007A69121114490988521A02FB03F31B13D1
:100EA000114AB2F9042002FB03F39B13FB603A6979
:100EB000FB6813440D4A13600C4B1A6813469B00E1
:100EC000134480331B121846FFF7FCF90346BB603E
:100ED0000749B868FFF7FEFA034618461837BD46BB
:100EE00080BD00BF00007AC410010020280100204E
:100EF0000000C8422DE9B04FCCB000AF07F58673B3
:100F000003221946F720FFF77BFE0346002B01D092
:100F1000B14BB5E297F80C311A0397F80D311B016C
:100F20001A4397F80E311B09DBB21343C7F82C3173
:100F3000AA4B1B68DA17C7F8C830C7F8CC20D7E926
:100F400032231146B1F5FA31B96443F1FF33FB6442
:100F5000D7E91223C7E94823D7F82421D7F820314D
:100F600003FB02F1D7F82421D7F8203102FB03F369
:100F7000CA18D7F82031A3FB034553191D46984BD7
:100F8000B3F910301BB2DA17C7F8C030C7F8C42065
:100F9000D7E93001034603FB05F20B4604FB03F3DC
:100FA00013440246A4FB02894B449946C7E946898B
:100FB000C7E946898A4BB3F90E301BB2DA17C7F876
:100FC000B830C7F8BC20D7F82031D7E92E452A46DB
:100FD00002FB03F2D7F82431214601FB03F31A4444
:100FE000D7F820312146A3FB01AB02EB0B039B4654
:100FF0004FF000004FF000014FEA4B4141EADA3177
:101000004FEA4A40D7E9462314183C644B417B64BD
:10101000D7E91034C7E94634714BB3F90C301BB231
:10102000DA17C7F8B030C7F8B4204FF000004FF01F
:101030000001D7F8B030D9000020D7E946231418B2
:10104000BC634B41FB63D7E90E34C7E94634D7F89C
:101050002421D7F8203103FB02F1D7F82421D7F857
:10106000203102FB03F3CA18D7F82031A3FB033168
:10107000C7F80411C7F80031D7F80431D318C7F8FE
:101080000431574BB3F90A301BB2DA17C7F8A8304E
:10109000C7F8AC20D7E940342246D7E92A8941462F
:1010A00001FB02F24D4618462146034603FB05F3B9
:1010B000134402464146A2FB0121C7F8FC10C7F8C1
:1010C000F820D7F8FC201344C7F8FC304FF000009C
:1010D0004FF00001D7E93E452346180A2A4640EA68
:1010E00002602B4619123E4BB3F908301BB2DA17D7
:1010F000C7F8A030C7F8A420D7F82031D7E928894D
:101100004A4602FB03F2D7F82431444604FB03F3BA
:101110001A44D7F820314446A3FB0434C7F8F440FE
:10112000C7F8F030D7F8F430D318C7F8F4304FF0E0
:1011300000024FF00003D7E93C894C462303C44624
:1011400043EA1C534446220384183C6341EB0303E7
:101150007B63D7E90C34C7E94834D7E9482303F562
:101160000041C7F89C10C7F898201D4BDB889BB244
:101170000022C7F89030C7F89420D7E926342246D9
:10118000D7E92489414601FB02F24D461846214623
:10119000034603FB05F3134402464146A2FB01212B
:1011A000C7F8EC10C7F8E820D7F8EC201344C7F8CC
:1011B000EC304FF000024FF00003D7E93A452946E2
:1011C0004A102946CB17C7E94823D7E948231343D8
:1011D00008D14FF0000353E1000080BF2801002038
:1011E00010010020D7F82C31C3F58013DA17BB6249
:1011F000FA62D7E90A34C7E94434D7F810315B10F2
:10120000C7F88C30D7F81031DB07C7F88830D7E93A
:101210004623D7E922010446A41AC7F8804061EBAF
:101220000303C7F88430D7E9204522462B4691189E
:1012300039625B417B62D7E9082321465118B961C5
:1012400029464B41FB614FF000024FF00003D7E904
:10125000068949468B01414643EA916341468A012A
:10126000414689183961494643EB010179614FF0E4
:1012700000024FF00003D7E9048949468B00C446B9
:1012800043EA9C7341468A001046194603462246AB
:101290009B18BB600B462A4642EB0303FB604FF0F2
:1012A00000024FF00003D7E9028949468B00C4468B
:1012B00043EA9C7341468A0010461946034622467B
:1012C0009B18BB672B460A4642EB0303FB67D7E933
:1012D0004823D7E91E01FFF7B9F902460B46C7E9D3
:1012E00044236A4BB3F916301BB2DA173B677A67AF
:1012F000D7E944234FF000004FF00001500B40EAC3
:10130000C3405913D7E91C452B4600FB03F2234683
:1013100003FB01F313442246A2FB0021C7F8E410AB
:10132000C7F8E020D7F8E4201344C7F8E430D7E941
:1013300044234FF000004FF00001500B40EAC3403F
:101340005913D7E938452B4600FB03F2234603FB2C
:1013500001F313442246A2FB0021C7F8DC10C7F8B2
:10136000D820D7F8DC201344C7F8DC304FF0000257
:101370004FF00003D7E9364521464A0E204629465C
:101380000C4642EAC4124B16C7E948233F4BB3F957
:1013900014301BB2DA17BB66FA66D7F81031D7E9FA
:1013A0001A452A4602FB03F2D7F81431214601FB05
:1013B00003F31344D7F810212146A2FB0121C7F8FB
:1013C000D410C7F8D020D7F8D4201344C7F8D430AD
:1013D0004FF000024FF00003D7E934452146CA0C14
:1013E000204629460C4642EA4432CB14C7E946233C
:1013F000D7E94401D7E9482384183C6641EB03034D
:101400007B66D7E94623D7E9184521468918B9658F
:10141000294643EB0101F9654FF000004FF0000150
:10142000D7E916452346180A2A4640EA02602B46A9
:101430001912164BB3F912301BB2DA173B657A65F5
:101440004FF000024FF00003D7E914894C46230106
:10145000C44643EA1C734446220184183C6041EBB5
:1014600003037B60D7E90034C7E94434D7E944017A
:10147000FEF73EFF034606491846FFF72BF80346E2
:10148000184607F59877BD46BDE8B08F10010020DB
:101490000000C84680B588B000AF786000237B614B
:1014A0007B681B68414A934226D1414B1B78002B35
:1014B00022D1404BFB61FB693B610822F9693E4840
:1014C00004F047FEFB691B78DBB2022B66D13B4B75
:1014D000186807F1140207F11001002306F02CF838
:1014E0007B69002B5AD0364B4FF080521A60BFF305
:1014F0004F8FBFF36F8F51E07B681B68314A934277
:101500004ED12B4B1B78012B4AD12F4B1B78DB0084
:101510002E4A1344FB612C4B1B7801335A4203F0D3
:10152000030302F0030258BF5342DAB2264B1A708B
:10153000FB693B610822F969254804F00AFEFB6952
:101540001B78DBB2022B2DD11C4B186807F114025B
:1015500007F11001002305F0EFFFB861BB69002B14
:1015600010D1164B1B6807F10C010022184606F03B
:1015700003FB124B186807F1140207F11001002356
:1015800005F0DAFF7B69002B0CD00D4B4FF0805239
:101590001A60BFF34F8FBFF36F8F03E000BF02E00D
:1015A00000BF00E000BF2037BD4680BD00380140CD
:1015B0005D0100202C010020600500206C0100204E
:1015C00004ED00E0004800405C0100203C010020E8
:1015D000A805002080B586B000AF78607B681B68E6
:1015E000384A93424DD17B681B681B6803F008039F
:1015F000082B0AD100237B617B681B681B687B6119
:101600007B681B685B687B617B697B681B681B6808
:1016100003F00203022B0AD100233B617B681B68A5
:101620001B683B617B681B685B683B613B697B684F
:101630001B681B6803F00103012B0AD10023FB6028
:101640007B681B681B68FB607B681B685B68FB60D2
:10165000FB681D4B1B78DB001C4A1344082219460B
:101660001B4804F076FD184B1B7801335A4203F0F7
:10167000030302F0030258BF5342DAB2124B1A704E
:101680001BE07B681B68134A934216D17B681B687A
:101690001B6803F00803082B0AD10023BB607B689A
:1016A0001B681B68BB607B681B685B68BB60BB68B2
:1016B00008220949094804F04CFD00BF1837BD460F
:1016C00080BD00BF004800405C0100203C010020BC
:1016D000A8050020003801402C01002060050020F2
:1016E00080B485B000AF78600B46FB704FF6FF7397
:1016F000FB8100237B7322E07B7B7A6813441B7899
:101700001A46FB895340FB8100233B7311E0FB89A0
:1017100003F00103002B06D0FB895B089AB20D4B46
:101720005340FB8102E0FB895B08FB813B7B01337B
:101730003B733B7B072BEAD97B7B01337B737A7B43
:10174000FB789A42D8D3FB8918461437BD4680BC33
:10175000704700BF01A0FFFF80B582B000AF0C4B07
:101760005B690B4A43F001035361094B5B6903F06A
:1017700001037B607B68002205210B2001F091FDB5
:101780000B2001F0AAFD00BF0837BD4680BD00BF99
:101790000010024080B485B000AFF860B9607A6094
:1017A000FB68064A1A60BB68054A1A607B6880229B
:1017B0001A6000BF1437BD4680BC70478801002006
:1017C00028020020B0B5AEB000AF0023C7F8B0309B
:1017D0000023C7F8B43007F1B003184605F0CFFA7C
:1017E00003464E4A13604E4805F0C9FA03464D4A77
:1017F00013600023C7F8A8300023C7F8AC3007F106
:10180000A803184605F0BBFA0346474A13600022B6
:101810000421402005F0E7FC0346444A1360434B93
:101820001B68002B05D100224FF40051404802F004
:10183000A0F9404B07F18C041D460FCD0FC495E86D
:10184000070084E8070007F18C030021184605F023
:1018500036FA0346384A1360384B07F170041D46C8
:101860000FCD0FC495E8070084E8070007F1700367
:101870000021184605F023FA0346314A1360314B24
:1018800007F154041D460FCD0FC495E8070084E806
:10189000070007F154030021184605F010FA03462B
:1018A000294A1360294B07F138041D460FCD0FC498
:1018B00095E8070084E8070007F13803002118467F
:1018C00005F0FDF90346224A1360224B07F11C0480
:1018D0001D460FCD0FC495E8070084E8070007F107
:1018E0001C030021184605F0EAF903461A4A136062
:1018F0001A4B3C461D460FCD0FC495E8070084E8FF
:1019000007003B460021184605F0D9F90346144A62
:10191000136000BFB837BD46B0BD00BF60010020F6
:10192000C499000864010020680100206C010020B7
:1019300000100140D89800087001002000990008AC
:10194000740100202C9900087801002050990008AB
:101950007C0100207899000880010020A0990008EF
:101960008401002080B582B000AF7860012005F0CE
:10197000F2F9FBE780B58CB000AF7860012387F8FF
:101980002D30012387F82C3007F1080300221A605C
:101990005A609A601A73002387F82E300A23BB62BC
:1019A00005237B62654B1B684FF0FF31184605F03D
:1019B000FFF9002387F82F300EE097F82F2097F8D3
:1019C0002F305F498A5C30333B4403F8282C97F86A
:1019D0002F30013387F82F3097F82F300A2BECD9AE
:1019E00007F108030B211846FFF77AFE03467B84B4
:1019F0007B8CDBB2FB747B8C1B0A9BB2DBB23B752E
:101A00004E4B1B68184605F021FA4E4B1B684FF0F1
:101A1000FF31184605F0CCF94B4B1B78002B1BD13E
:101A2000002387F82E3012E007F1080164230D220D
:101A3000464804F003FB034687F82D3097F82D3015
:101A4000002B6AD097F82E30013387F82E3097F8A4
:101A50002E30092BE8D961E03D4B1B686FF0400246
:101A60001A6000F06FFFF86102E0012005F073F9E1
:101A7000384B1B78DBB283F00103DBB2002B07D0BD
:101A800000F060FF0246FB69D31A7A6A9A42ECD8EA
:101A9000304B00221A70002387F82E3038E00122E4
:101AA00002212D4802F065F807F1080132230D22CA
:101AB000274804F0C3FA034687F82C3097F82C30F7
:101AC000002B1AD100F03EFFB86107E000F03AFFAA
:101AD0000246BB69D31ABA6A9A4207D91C4B1B68E3
:101AE0001B6803F04003402BF0D100E000BF002250
:101AF0000221194802F03DF810E0154B1B681B68E5
:101B0000134B1B685B6897F82E30013387F82E3033
:101B100097F82E30042BC2D900E000BF012387F8CC
:101B20002C3097F82C3087F82D30064B1B68184660
:101B300005F08CF9C82005F00EF933E764010020A8
:101B400004000020600100205D01002060050020ED
:101B5000A805002000000020000C014080B582B0E4
:101B600000AF7860264B1B684FF0FF31184605F038
:101B70001FF9244B0022DA710821234801F0E2FF0B
:101B80000346002B0CBF01230023DBB219461D4B7B
:101B9000DB795AB24BB213435BB2DAB2194BDA714A
:101BA0001021194801F0CEFF0346002B01D102217C
:101BB00000E00021134BDB795AB24BB213435BB206
:101BC000DAB2104BDA7140210F4801F0BBFF034637
:101BD000002B01D1042100E000210A4BDB795AB22D
:101BE0004BB213435BB2DAB2064BDA71044B1B689B
:101BF000184605F02BF9FA2005F0ADF8B2E700BF62
:101C00006401002004000020000C014080B584B075
:101C100000AF7860184B1B684FF0FF31184605F095
:101C2000C7F80023FB601AE0144AFB6832F813304F
:101C30009AB2FB685B000133D1B2114AD1540F4A0A
:101C4000FB6832F813309BB21B0A9AB2FB6801336F
:101C50005B00D1B20A4AD154FB680133FB60FB68D8
:101C6000022BE1DD044B1B68184605F0EFF832202B
:101C700005F071F8CEE700BF6401002028040020C1
:101C80000400002080B586B000AF78600023FB75AB
:101C90004FF4805218491948FFF776F8FFF7CEF84D
:101CA0003861FFF727F9F860F868FEF7AFFC0346E4
:101CB000BB60134B1B684FF0FF31184605F078F8F6
:101CC0003869FEF7A3FC0346FB750E4AFB7D1372D1
:101CD000BB681B0ADAB20B4B5A72BB68DAB2094B0B
:101CE0009A72074B1B68184605F0B0F84FF47A70EB
:101CF00005F031F800BFD1E7000C014030040020AE
:101D0000640100200400002080B586B000AF786038
:101D10006FE0BB687B617B6906331B781AB27B6915
:101D200007331B781BB21B021BB213431BB27B820F
:101D300006217869FFF7D4FC03463B827A8A3B8A06
:101D40009A4256D1334B7A691168526819605A60C9
:101D5000304BFB604FF400512F4801F022FFFB682D
:101D600001331B7803F00103DBB21A4608212B482C
:101D700001F0FFFEFB6801331B785B10DBB203F060
:101D80000103DBB21A461021244801F0F2FEFB6881
:101D900001331B789B10DBB203F00103DBB21A4660
:101DA00020211E4801F0E5FEFB6802331B781A462D
:101DB000FB6803331B781B021A43194B1B685A63D9
:101DC000FB6804331B781A46FB6805331B781B023B
:101DD0001A43134B1B689A6300BF124B1B6807F131
:101DE00008010022184605F0D5FC0346012BF4D06B
:101DF0000BE00C4B1B6807F108014FF0FF3218464F
:101E000005F0C8FC0346012B83D0012004F0A3FF9A
:101E1000EFE700BF3401002000100140000801403E
:101E2000180500206C01002080B588B000AF07F1D4
:101E3000100300221A605A609A60DA60474B9B696F
:101E4000464A43F010039361444B9B6903F010032F
:101E5000FB60FB68414B9B69404A43F02003936160
:101E60003E4B9B6903F02003BB60BB683B4B9B6907
:101E70003A4A43F004039361384B9B6903F004032F
:101E80007B607B68354B9B69344A43F00803936160
:101E9000324B9B6903F008033B603B6800224FF420
:101EA00000512F4801F065FE002238212D4801F035
:101EB00060FE002202212C4801F05BFE01224FF45B
:101EC0008051294801F055FE4FF400533B61012336
:101ED0007B610023BB610223FB6107F110031946FC
:101EE0001F4801F0ABFC38233B6101237B610023D9
:101EF000BB610123FB6107F110031946194801F08A
:101F00009DFC59233B6100237B610123BB6107F1E9
:101F100010031946144801F091FC02233B61012390
:101F20007B610223BB610323FB6107F110031946A8
:101F30000D4801F083FC4FF480533B6101237B612A
:101F40000223BB610123FB6107F110031946064818
:101F500001F074FC00BF2037BD4680BD0010024078
:101F60000010014000080140000C014080B500AFA6
:101F700000F0C0FC00F05CF8FFF756FFFFF7ECFB49
:101F800000F094FB00F0AEFA00F060FAFEF730FDCE
:101F900000F0C2F800F0B4FB01211B4801F0D2FDB3
:101FA0000346012B03D1194B00221A7002E0174B94
:101FB00001221A70154B1B78002B05D108221449F9
:101FC000144804F0C6F804E008221349134804F04A
:101FD000C0F8134B01221A700021124803F07EF959
:101FE0000421104803F07AF903220F490F4800F04A
:101FF000AFFD00220221044801F0BBFDFFF7E2FB28
:1020000004F056FE00BFFDE7000C01405D0100201A
:102010002C010020600500203C010020A8050020C4
:102020005C010020180500202804002090000020FA
:1020300080B594B000AF07F128032822002118468C
:1020400007F04AFB07F1140300221A605A609A60F5
:10205000DA601A613B1D00221A605A609A60DA60E9
:102060000123BB624FF48033FB6200233B630123F7
:10207000BB6302237B644FF48033BB644FF4E013F3
:10208000FB6407F12803184601F0A4FD0346002B6A
:1020900001D000F03BF80F237B610223BB610023DA
:1020A000FB614FF480633B6200237B6207F1140302
:1020B0000221184602F010F80346002B01D000F070
:1020C00025F802237B604FF40043FB603B1D18465C
:1020D00002F0C0F90346002B01D000F017F800BF52
:1020E0005037BD4680BD000080B582B000AF78603B
:1020F0007B681B68044A934201D100F011FC00BFC9
:102100000837BD4680BD00BF0008004080B400AF66
:1021100072B600BF00BFFDE780B500AF174B184A8D
:102120001A60164B4FF482725A60144B00229A6068
:10213000124B0022DA60114B00221A610F4B002271
:102140005A610E4B4FF400729A610C4B1022DA6107
:102150000A4B00221A62094B00225A62074B0022E6
:102160009A62064B0A22DA62044802F029FA034610
:10217000002B01D0FFF7CAFF00BF80BD3004002054
:102180000038004080B588B000AF786007F11003D8
:1021900000221A605A609A60DA607B681B681C4AE9
:1021A000934231D11B4BDB691A4A43F48043D3611C
:1021B000184BDB6903F48043FB60FB68154B9B699C
:1021C000144A43F008039361124B9B6903F0080320
:1021D000BB60BB684FF420433B6102237B61032358
:1021E000FB6107F1100319460B4801F027FB4FF480
:1021F00080433B6100237B610023BB6107F1100337
:102200001946054801F01AFB00BF2037BD4680BDC6
:102210000038004000100240000C014080B584B03E
:1022200000AF184B9B69174A43F001039361154BAC
:102230009B6903F00103BB60BB68124BDB69114A69
:1022400043F08053D3610F4BDB6903F080537B6015
:102250007B6800220F216FF0010001F022F80A4B89
:102260005B68FB60FB6823F0E063FB60FB6843F0A6
:102270000073FB60044AFB68536000BF1037BD4623
:1022800080BD00BF001002400000014080B58EB04C
:1022900000AF78600023FB620023BB62002387F855
:1022A0003330344BDB69334A43F00403D361314BA1
:1022B000DB6903F00403FB60FB6807F1100207F120
:1022C00014031146184602F077F83B6AFB62FB6A7A
:1022D000002B03D102F048F8786304E002F044F8E0
:1022E00003465B007B637B6B234AA2FB03239B0CAF
:1022F000013BBB62214B224A1A60204B40F2E7327D
:10230000DA601E4ABB6A53601C4B00221A611B4BE9
:1023100000229A60194B00229A61184802F0E5FEEB
:10232000034687F8333097F83330002B1BD113481E
:1023300002F02AFF034687F8333097F83330002B3A
:1023400011D11E2000F0C9FF7B680F2B08D8002296
:1023500079681E2000F0A5FF0A4A7B68136002E03E
:10236000012387F8333097F8333018463837BD46A5
:1023700080BD00BF0010024083DE1B4388040020A4
:10238000000800401800002080B400AF00BFFDE747
:1023900080B400AF00BFFDE780B400AF00BFFDE731
:1023A00080B400AF00BFFDE780B400AF00BFFDE721
:1023B00080B400AF00BFBD4680BC704780B500AFA1
:1023C000024801F007F900BF80BD00BFC000002037
:1023D00080B500AF024803F023F800BF80BD00BF06
:1023E0008804002080B500AF024803F0D7FE00BF8C
:1023F00080BD00BF6005002080B582B000AF0E4BED
:102400001B681B6803F01003102B0DD100237B60A9
:10241000094B1B681B687B60074B1B685B687B6014
:102420007B68064B01221A70034803F0B7FE00BF19
:102430000837BD4680BD00BFA80500200000002071
:1024400080B400AF00BFBD4680BC704780B586B089
:1024500000AF07F1080300221A605A609A60DA6040
:102460003B4600221A605A601D4B4FF080421A60B2
:102470001B4B47225A601A4B00229A60184B63226A
:10248000DA60174B00221A61154B00229A6114483A
:1024900002F02BFE0346002B01D0FFF737FE4FF46E
:1024A0008053BB6007F1080319460D4803F06AF931
:1024B0000346002B01D0FFF729FE20233B600023B9
:1024C0007B603B461946064803F0F8FC0346002BA8
:1024D00001D0FFF71BFE00BF1837BD4680BD00BF0F
:1024E000D004002080B58EB000AF07F12803002291
:1024F0001A605A609A60DA6007F1200300221A60BD
:102500005A603B1D00221A605A609A60DA601A61B4
:102510005A619A61324B334A1A60314B02225A6037
:102520002F4B00229A602E4B40F2FF32DA602C4B88
:1025300000221A612A4B80229A61294802F0D5FDB7
:102540000346002B01D0FFF7E1FD4FF48053BB623F
:1025500007F128031946224803F014F90346002B1B
:1025600001D0FFF7D3FD1E4802F060FE0346002BAA
:1025700001D0FFF7CBFD00233B6200237B6207F114
:1025800020031946164803F099FC0346002B01D09E
:10259000FFF7BCFD60237B600023BB600023FB6072
:1025A00000237B613B1D002219460D4803F028F8EB
:1025B0000346002B01D0FFF7A9FD3B1D042219465D
:1025C000074803F01DF80346002B01D0FFF79EFDDE
:1025D000034800F039F800BF3837BD4680BD00BF62
:1025E000180500200004004080B485B000AF78607A
:1025F0007B681B68B3F1804F0CD1114BDB69104A2B
:1026000043F00103D3610E4BDB6903F00103FB6070
:10261000FB6810E07B681B680A4A93420BD1084BA9
:10262000DB69074A43F00203D361054BDB6903F022
:102630000203BB60BB6800BF1437BD4680BC704757
:10264000001002400004004080B588B000AF786000
:1026500007F1100300221A605A609A60DA607B6802
:102660001B680F4A934217D10E4B9B690D4A43F0EA
:10267000040393610B4B9B6903F00403FB60FB684D
:10268000C0233B6102237B610123FB6107F110033F
:102690001946054801F0D2F800BF2037BD4680BD7D
:1026A00000040040001002400008014080B500AF67
:1026B000114B124A1A60104B4FF4E1325A600E4B24
:1026C00000229A600C4B0022DA600B4B00221A6148
:1026D000094B0C225A61084B00229A61064B0022DA
:1026E000DA61054803F05AFC0346002B01D0FFF7DE
:1026F0000DFD00BF80BD00BF600500200038014017
:1027000080B500AF114B124A1A60104B4FF4E13202
:102710005A600E4B00229A600C4B0022DA600B4B81
:1027200000221A61094B0C225A61084B00229A615F
:10273000064B0022DA61054803F030FC0346002B0B
:1027400001D0FFF7E3FC00BF80BD00BFA80500205B
:102750000048004080B58AB000AF786007F11803E8
:1027600000221A605A609A60DA607B681B68484AE7
:1027700093423AD1474B9B69464A43F48043936165
:10278000444B9B6903F480437B617B69414B9B69AC
:10279000404A43F0040393613E4B9B6903F00403FA
:1027A0003B613B694FF40073BB610223FB61032370
:1027B0007B6207F118031946374801F03FF84FF4E0
:1027C0008063BB610023FB6100233B6207F11803B8
:1027D0001946314801F032F800220521252000F089
:1027E00060FD252000F079FD4EE07B681B682B4AD8
:1027F000934249D1274BDB69264A43F48023D361B6
:10280000244BDB6903F48023FB60FB68214B9B694D
:10281000204A43F0080393611E4B9B6903F00803B1
:10282000BB60BB684FF48063BB610223FB61032381
:102830007B6207F118031946194800F0FFFF4FF4B7
:102840000063BB610023FB6100233B6207F11803B7
:102850001946134800F0F2FF00220521272000F05E
:1028600020FD272000F039FD0E4B1B685A690D4BE7
:102870001B6842F001025A610A4B1B68DA68094B77
:102880001B6842F01002DA6000BF2837BD4680BDE9
:10289000003801400010024000080140004800409C
:1028A000000C0140A8050020FFF7CAFD0B480C49A9
:1028B0000C4A002302E0D458C4500433C4188C429C
:1028C000F9D3094A094C002301E013600432A24203
:1028D000FBD306F067FFFFF749FB704700000020BD
:1028E00074000020089A000874000020882C002042
:1028F000FEE7000080B500AF084B1B68074A43F0B5
:1029000010031360032000F0C1FC0F20FFF7BEFC92
:10291000FFF784FC0023184680BD00BF0020024062
:1029200080B400AF054B1B781A46054B1B68134457
:10293000034A136000BFBD4680BC70471C000020E6
:10294000F005002080B400AF024B1B681846BD465E
:1029500080BC7047F005002080B584B000AF78607F
:10296000FFF7F0FFB8607B68FB60FB68B3F1FF3FE7
:1029700005D00A4B1B781A46FB681344FB6000BF66
:10298000FFF7E0FF0246BB68D31AFA689A42F7D80D
:1029900000BF00BF1037BD4680BD00BF1C00002037
:1029A00080B586B000AF78600023FB7500233B61E3
:1029B0000023BB600023FB607B68002B01D1012357
:1029C000BEE07B689B68002B7B689B6A002B09D16B
:1029D0007B680022DA627B68002283F82420786812
:1029E000FEF762F8786800F0FFFA0346FB757B6833
:1029F0009B6A03F01003002B40F09980FB7D002BB5
:102A000040F095807B689B6A23F4885323F002038F
:102A100043F002027B689A627B685A687B68DB69D4
:102A20001A437B681B7B5B001343BA681343BB608C
:102A30007B689B68B3F5807F03D07B689B68012B24
:102A400002D14FF4807300E000233A6913433B61E5
:102A50007B681B7D012B19D17B681B7B002B09D167
:102A60007B689B69013B5A033B69134343F4006352
:102A70003B610BE07B689B6A43F020027B689A62B3
:102A80007B68DB6A43F001027B68DA627B681B6863
:102A90005B6823F469417B681B683A690A435A60A2
:102AA0007B681B689A68284B13407A681268B9687B
:102AB0000B4393607B689B68B3F5807F03D07B6892
:102AC0009B68012B04D17B681B69013B1B05FB60E4
:102AD0007B681B68DB6A23F470017B681B68FA68FB
:102AE0000A43DA627B681B689A68184B1340BA681D
:102AF0009A420BD17B680022DA627B689B6A23F0E2
:102B0000030343F001027B689A6218E07B689B6ACA
:102B100023F0120343F010027B689A627B68DB6A41
:102B200043F001027B68DA620123FB7507E07B68F2
:102B30009B6A43F010027B689A620123FB75FB7D60
:102B400018461837BD4680BDFDF7E1FFFE0E1FFF9A
:102B500080B586B000AFF860B9607A600023FB757D
:102B6000FB681B68644A934204D0FB681B68634A95
:102B7000934206D1604B5B6803F47023002B40F056
:102B8000B380FB6893F82430012B01D10223AEE01F
:102B9000FB68012283F82420F86800F0CBF9034693
:102BA000FB75FB7D002B40F09A80FB689B6A23F449
:102BB000706323F0010343F48072FB689A62FB6840
:102BC0001B684E4A934205D14B4B5B6803F470235C
:102BD000002B15D1FB689B6A23F48012FB689A6274
:102BE000FB681B685B6803F48063002B26D0FB68DE
:102BF0009B6A23F4405343F48052FB689A621DE0C1
:102C0000FB689B6A43F48012FB689A62FB681B684E
:102C1000394A934204D0FB681B68384A93420DD16D
:102C2000354B5B6803F48063002B07D0FB689B6A1D
:102C300023F4405343F48052FB689A62FB689B6A1A
:102C400003F48053002B06D0FB68DB6A23F00602F6
:102C5000FB68DA6202E0FB680022DA62FB680022AD
:102C600083F82420FB681B6A254A9A62FB681B6A6A
:102C7000244ADA62FB681B6A234A1A63FB681B68F2
:102C80006FF002021A60FB681B689A68FB681B6899
:102C900042F480729A60FB68186AFB681B684C33C8
:102CA0001946BA687B6800F081FBFB681B689B686B
:102CB00003F46023B3F5602F08D1FB681B689A68A2
:102CC000FB681B6842F4A0029A600FE0FB681B6877
:102CD0009A68FB681B6842F480129A6006E0FB6801
:102CE000002283F8242001E00123FB75FB7D1846B8
:102CF0001837BD4680BD00BF0024014000280140B8
:102D00006B300008E73000080331000880B483B05E
:102D100000AF786000BF0C37BD4680BC704780B400
:102D200083B000AF786000BF0C37BD4680BC7047F1
:102D300080B483B000AF786000BF0C37BD4680BC64
:102D40007047000080B485B000AF78603960002320
:102D5000FB730023BB607B6893F82430012B01D107
:102D60000223DCE07B68012283F824203B685B6857
:102D7000062B1CD87B681B68596B3B685A68134646
:102D80009B001344053B1F2202FA03F3DB43194067
:102D90003B6818683B685A6813469B001344053B20
:102DA00000FA03F27B681B680A435A633CE03B6805
:102DB0005B680C2B1CD87B681B68196B3B685A68D6
:102DC00013469B001344233B1F2202FA03F3DB4309
:102DD00019403B6818683B685A6813469B001344C7
:102DE000233B00FA03F27B681B680A431A631BE06B
:102DF0007B681B68D96A3B685A6813469B0013447A
:102E0000413B1F2202FA03F3DB4319403B68186879
:102E10003B685A6813469B001344413B00FA03F297
:102E20007B681B680A43DA623B681B68092B1CD964
:102E30007B681B68D9683B681A6813465B001344BB
:102E40001E3B072202FA03F3DB4319403B689868F4
:102E50003B681A6813465B0013441E3B00FA03F2FA
:102E60007B681B680A43DA6019E07B681B68196994
:102E70003B681A6813465B001344072202FA03F307
:102E8000DB4319403B6898683B681A6813465B004F
:102E9000134400FA03F27B681B680A431A613B681B
:102EA0001B68102B03D03B681B68112B32D17B6849
:102EB0001B681D4A934225D17B681B689B6803F4FD
:102EC0000003002B26D17B681B689A687B681B680F
:102ED00042F400029A603B681B68102B1AD1134B16
:102EE0001B68134AA2FB03239A0C13469B0013444E
:102EF0005B00BB6002E0BB68013BBB60BB68002BB2
:102F0000F9D107E07B689B6A43F020027B689A62F4
:102F10000123FB737B68002283F82420FB7B184687
:102F20001437BD4680BC70470024014014000020C7
:102F300083DE1B4380B584B000AF78600023FB6064
:102F40000023BB607B681B689B6803F00103012BB7
:102F500040D07B681B689A687B681B6842F001025E
:102F60009A601F4B1B681F4AA2FB03239B0CBB608C
:102F700002E0BB68013BBB60BB68002BF9D1FFF7E7
:102F8000E1FCF8601FE0FFF7DDFC0246FB68D31AA6
:102F9000022B18D97B681B689B6803F00103012B87
:102FA00011D07B689B6A43F010027B689A627B6851
:102FB000DB6A43F001027B68DA627B68002283F8F7
:102FC0002420012307E07B681B689B6803F0010352
:102FD000012BD8D1002318461037BD4680BD00BF55
:102FE0001400002083DE1B4380B584B000AF7860FE
:102FF0000023FB607B681B689B6803F00103012BC7
:103000002ED17B681B689A687B681B6822F00102DE
:103010009A60FFF797FCF8601BE0FFF793FC02460D
:10302000FB68D31A022B14D97B681B689B6803F0DA
:103030000103012B0DD17B689B6A43F010027B6872
:103040009A627B68DB6A43F001027B68DA620123E3
:1030500007E07B681B689B6803F00103012BDCD051
:10306000002318461037BD4680BD80B584B000AF40
:1030700078607B685B6AFB60FB689B6A03F05003C7
:10308000002B27D1FB689B6A43F40072FB689A62AD
:10309000FB681B689B6803F46023B3F5602F15D1B0
:1030A000FB681B7B002B11D1FB689B6A23F48072A9
:1030B000FB689A62FB689B6A03F48053002B05D17E
:1030C000FB689B6A43F00102FB689A62F868FFF7AD
:1030D0001DFE04E0FB681B6A1B6B7868984700BF05
:1030E0001037BD4680BD80B584B000AF78607B6886
:1030F0005B6AFB60F868FFF712FE00BF1037BD4641
:1031000080BD80B584B000AF78607B685B6AFB608F
:10311000FB689B6A43F04002FB689A62FB68DB6ACB
:1031200043F00402FB68DA62F868FFF701FE00BFB3
:103130001037BD4680BD000080B485B000AF786018
:103140007B6803F00703FB600C4BDB68BB60BA686D
:103150004FF6FF031340BB60FB681A02BB681343C2
:1031600043F0BF6343F40033BB60044ABB68D360E1
:1031700000BF1437BD4680BC704700BF00ED00E0C3
:1031800080B400AF044BDB681B0A03F0070318464A
:10319000BD4680BC704700BF00ED00E080B483B046
:1031A00000AF0346FB7197F90730002B0BDBFB796F
:1031B00003F01F02064997F907305B09012000FA66
:1031C00002F241F8232000BF0C37BD4680BC704797
:1031D00000E100E080B483B000AF03463960FB71CA
:1031E00097F90730002B0ADB3B68DAB20C4997F9F4
:1031F00007301201D2B20B4483F800230AE03B6887
:10320000DAB20849FB7903F00F03043B1201D2B292
:103210000B441A7600BF0C37BD4680BC704700BF18
:1032200000E100E000ED00E080B489B000AFF8609C
:10323000B9607A60FB6803F00703FB61FB69C3F1C7
:103240000703042B28BF0423BB61FB690433062B4F
:1032500002D9FB69033B00E000237B614FF0FF32A2
:10326000BB6902FA03F3DA43BB681A407B699A40F0
:103270004FF0FF317B6901FA03F3D9437B680B40C0
:10328000134318462437BD4680BC704780B582B0D2
:1032900000AF78607868FFF74FFF00BF0837BD4682
:1032A00080BD80B586B000AF0346B9607A60FB731D
:1032B00000237B61FFF764FF78617A68B9687869F9
:1032C000FFF7B2FF024697F90F3011461846FFF795
:1032D00081FF00BF1837BD4680BD80B582B000AF0A
:1032E0000346FB7197F907301846FFF757FF00BFF9
:1032F0000837BD4680BD000080B485B000AF78605F
:103300000023FB607B68002B01D1012343E07B6835
:103310001B681A46224B1344224AA2FB03231B09B3
:103320009A007B681A647B681F4ADA637B68022212
:1033300083F821207B681B681B68FB60FB6823F413
:103340007F5323F03003FB607B685A687B689B687F
:103350001A437B68DB681A437B681B691A437B68E6
:103360005B691A437B689B691A437B68DB6913437B
:10337000FA681343FB607B681B68FA681A607B6815
:1033800000229A637B68012283F821207B68002257
:1033900083F82020002318461437BD4680BC7047B0
:1033A000F8FFFDBFCDCCCCCC0000024080B586B08C
:1033B00000AFF860B9607A603B600023FB75FB6882
:1033C00093F82030012B01D102234BE0FB6801224E
:1033D00083F82020FB6893F82130DBB2012B3AD12F
:1033E000FB68022283F82120FB6800229A63FB68B5
:1033F0001B681A68FB681B6822F001021A603B68B0
:103400007A68B968F86800F0EBF9FB68DB6A002BB2
:1034100008D0FB681B681A68FB681B6842F00E0244
:103420001A600FE0FB681B681A68FB681B6822F0D3
:1034300004021A60FB681B681A68FB681B6842F08C
:103440000A021A60FB681B681A68FB681B6842F076
:1034500001021A6005E0FB68002283F820200223A5
:10346000FB75FB7D18461837BD4680BD80B485B01E
:1034700000AF78600023FB737B6893F82130DBB2E8
:10348000022B08D07B6804229A637B68002283F8B1
:103490002020012320E07B681B681A687B681B687A
:1034A00022F00E021A607B681B681A687B681B6832
:1034B00022F001021A607B681A6C7B68DB6B0121C9
:1034C00001FA02F25A607B68012283F821207B68AE
:1034D000002283F82020FB7B18461437BD4680BCB1
:1034E0007047000080B584B000AF78600023FB73A4
:1034F0007B6893F82130DBB2022B05D07B68042275
:103500009A630123FB7351E07B681B681A687B6830
:103510001B6822F00E021A607B681B681A687B68C1
:103520001B6822F001021A607B681B68224A9342E2
:1035300029D07B681B68214A934222D07B681B6894
:103540001F4A93421AD07B681B681E4A934212D0CE
:103550007B681B681C4A93420AD07B681B681B4A25
:10356000934202D14FF480130EE04FF080730BE0D2
:103570004FF4803308E04FF4805305E04FF480733C
:1035800002E0102300E00123114A53607B6801220E
:1035900083F821207B68002283F820207B685B6B06
:1035A000002B03D07B685B6B78689847FB7B1846E1
:1035B0001037BD4680BD00BF080002401C0002401D
:1035C0003000024044000240580002406C000240BB
:1035D0000000024080B584B000AF78607B68DB6B90
:1035E0001B68FB607B681B681B68BB607B681B6C8F
:1035F00004229A40FB681340002B4FD0BB6803F0B5
:103600000403002B4AD07B681B681B6803F020036F
:10361000002B07D17B681B681A687B681B6822F047
:1036200004021A607B681B68664A934229D07B6853
:103630001B68654A934222D07B681B68634A9342A9
:103640001AD07B681B68624A934212D07B681B6861
:10365000604A93420AD07B681B685F4A934202D15A
:103660004FF480030EE04FF080630BE04FF48023B3
:1036700008E04FF4804305E04FF4806302E040230C
:1036800000E00423554A53607B68DB6A002B00F09E
:1036900094807B68DB6A786898478EE07B681B6C57
:1036A00002229A40FB681340002B56D0BB6803F0FF
:1036B0000203002B51D07B681B681B6803F02003BA
:1036C000002B0BD17B681B681A687B681B6822F093
:1036D0000A021A607B68012283F821207B681B683C
:1036E000384A934229D07B681B68374A934222D0DC
:1036F0007B681B68354A93421AD07B681B68344A42
:10370000934212D07B681B68324A93420AD07B688E
:103710001B68314A934202D14FF400130EE04FF080
:1037200000730BE04FF4003308E04FF4005305E062
:103730004FF4007302E0202300E00223274A536085
:103740007B68002283F820207B689B6A002B34D0A2
:103750007B689B6A786898472FE07B681B6C08221F
:103760009A40FB681340002B28D0BB6803F0080385
:10377000002B23D07B681B681A687B681B6822F0CB
:103780000E021A607B681A6C7B68DB6B012101FA00
:1037900002F25A607B6801229A637B68012283F8F7
:1037A00021207B68002283F820207B681B6B002B84
:1037B00004D07B681B6B7868984700BF00BF103748
:1037C000BD4680BD080002401C000240300002409F
:1037D00044000240580002406C00024000000240D9
:1037E00080B485B000AFF860B9607A603B60FB6878
:1037F0001A6CFB68DB6B012101FA02F25A60FB686C
:103800001B683A685A60FB685B68102B08D1FB683C
:103810001B687A689A60FB681B68BA68DA6007E020
:10382000FB681B68BA689A60FB681B687A68DA6094
:1038300000BF1437BD4680BC7047000080B48BB019
:1038400000AF7860396000237B6200233B6269E14E
:1038500001227B6A02FA03F3FB613B681B68FA6989
:103860001340BB61BA69FB699A4240F058813B68DA
:103870005B689A4A93425ED0984A934275D8984AB8
:10388000934258D0964A93426FD8964A934252D068
:10389000944A934269D8944A93424CD0924A9342B4
:1038A00063D8924A934246D0904A93425DD8122BF5
:1038B0002AD8122B59D801A252F823F03739000820
:1038C0001139000823390008653900086B390008F0
:1038D0006B3900086B3900086B3900086B39000838
:1038E0006B3900086B3900086B3900086B39000828
:1038F0006B3900086B3900086B3900086B39000818
:10390000193900082D390008794A934213D02CE068
:103910003B68DB683B6229E03B68DB6804333B6261
:1039200024E03B68DB6808333B621FE03B68DB68F0
:103930000C333B621AE03B689B68002B02D10423E6
:103940003B6213E03B689B68012B05D108233B6277
:103950007B68FA691A6109E008233B627B68FA69AF
:103960005A6103E000233B6200E000BFBB69FF2B0C
:1039700001D87B6801E07B6804337B61BB69FF2B66
:1039800002D87B6A9B0002E07B6A083B9B003B619C
:103990007B691A680F213B6901FA03F3DB431A4084
:1039A000396A3B6901FA03F31A437B691A603B6881
:1039B0005B6803F08053002B00F0B1804D4B9B6996
:1039C0004C4A43F0010393614A4B9B6903F00103A6
:1039D000BB60BB68484A7B6A9B08023352F82330BD
:1039E000FB607B6A03F003039B000F2202FA03F3E0
:1039F000DB43FA681340FB607B68404A934213D074
:103A00007B683F4A93420DD07B683E4A934207D081
:103A10007B683D4A934201D1032306E0042304E07E
:103A2000022302E0012300E000237A6A02F003028D
:103A300092009340FA681343FB602F497B6A9B080E
:103A40000233FA6841F823203B685B6803F4801373
:103A5000002B06D02D4B9A682C49BB6913438B6011
:103A600006E02A4B9A68BB69DB43284913408B6008
:103A70003B685B6803F40013002B06D0234BDA6825
:103A80002249BB691343CB6006E0204BDA68BB696F
:103A9000DB431E491340CB603B685B6803F4003393
:103AA000002B06D0194B5A681849BB6913434B6069
:103AB00006E0164B5A68BB69DB43144913404B6060
:103AC0003B685B6803F48033002B21D00F4B1A68EE
:103AD0000E49BB6913430B6021E000BF00003210A8
:103AE0000000311000002210000021100000121010
:103AF00000001110001002400000014000080140C9
:103B0000000C01400010014000140140000401407D
:103B10000B4B1A68BB69DB43094913400B607B6A96
:103B200001337B623B681A687B6A22FA03F3002B3D
:103B30007FF48EAE00BF00BF2C37BD4680BC7047FF
:103B40000004014080B485B000AF78600B467B80F4
:103B50007B689A687B881340002B02D00123FB739B
:103B600001E00023FB73FB7B18461437BD4680BC85
:103B7000704780B483B000AF78600B467B801346FB
:103B80007B707B78002B03D07A887B681A6103E016
:103B90007B881A047B681A6100BF0C37BD4680BC65
:103BA000704780B485B000AF78600B467B807B683F
:103BB000DB68FB607A88FB6813401A04FB68D94312
:103BC0007B880B401A437B681A6100BF1437BD46DF
:103BD00080BC704780B586B000AF78607B68002BF2
:103BE00001D1012372E27B681B6803F00103002B03
:103BF00000F08780924B5B6803F00C03042B0CD021
:103C00008F4B5B6803F00C03082B12D18C4B5B6865
:103C100003F48033B3F5803F0BD1894B1B6803F469
:103C20000033002B6CD07B685B68002B68D10123CC
:103C30004CE27B685B68B3F5803F06D1804B1B6824
:103C40007F4A43F4803313602EE07B685B68002B6F
:103C50000CD17B4B1B687A4A23F480331360784B7A
:103C60001B68774A23F4802313601DE07B685B6840
:103C7000B3F5A02F0CD1724B1B68714A43F480231B
:103C800013606F4B1B686E4A43F4803313600BE084
:103C90006B4B1B686A4A23F480331360684B1B68C4
:103CA000674A23F4802313607B685B68002B13D082
:103CB000FEF748FE386108E0FEF744FE02463B6925
:103CC000D31A642B01D9032300E25D4B1B6803F474
:103CD0000033002BF0D014E0FEF734FE386108E02A
:103CE000FEF730FE02463B69D31A642B01D9032349
:103CF000ECE1534B1B6803F40033002BF0D100E0E0
:103D000000BF7B681B6803F00203002B63D04C4BA1
:103D10005B6803F00C03002B0BD0494B5B6803F08E
:103D20000C03082B1CD1464B5B6803F48033002B3B
:103D300016D1434B1B6803F00203002B05D07B68B0
:103D40001B69012B01D00123C0E13D4B1B6823F00F
:103D5000F8027B685B69DB00394913430B603AE08A
:103D60007B681B69002B20D0364B01221A60FEF7BE
:103D7000E9FD386108E0FEF7E5FD02463B69D31A2C
:103D8000022B01D90323A1E12D4B1B6803F0020391
:103D9000002BF0D02A4B1B6823F0F8027B685B698C
:103DA000DB00274913430B6015E0264B00221A6005
:103DB000FEF7C8FD386108E0FEF7C4FD02463B6926
:103DC000D31A022B01D9032380E11D4B1B6803F09A
:103DD0000203002BF0D17B681B6803F00803002B63
:103DE0003AD07B689B69002B19D0174B01221A60CF
:103DF000FEF7A8FD386108E0FEF7A4FD02463B6926
:103E0000D31A022B01D9032360E10D4B5B6A03F047
:103E10000203002BF0D0012000F0FEFA1CE00A4B58
:103E200000221A60FEF78EFD38610FE0FEF78AFD72
:103E300002463B69D31A022B08D9032346E100BF8F
:103E4000001002400000424280044242924B5B6AF2
:103E500003F00203002BE9D17B681B6803F0040325
:103E6000002B00F0A6800023FB758B4BDB6903F071
:103E70008053002B0DD1884BDB69874A43F0805378
:103E8000D361854BDB6903F08053BB60BB680123C2
:103E9000FB75824B1B6803F48073002B18D17F4B9A
:103EA0001B687E4A43F480731360FEF74BFD386154
:103EB00008E0FEF747FD02463B69D31A642B01D99F
:103EC000032303E1754B1B6803F48073002BF0D0D0
:103ED0007B68DB68012B06D16F4B1B6A6E4A43F08F
:103EE000010313622DE07B68DB68002B0CD16A4B69
:103EF0001B6A694A23F001031362674B1B6A664A17
:103F000023F0040313621CE07B68DB68052B0CD1F3
:103F1000614B1B6A604A43F0040313625E4B1B6AE9
:103F20005D4A43F0010313620BE05B4B1B6A5A4A84
:103F300023F001031362584B1B6A574A23F0040312
:103F400013627B68DB68002B15D0FEF7FBFC386141
:103F50000AE0FEF7F7FC02463B69D31A41F28832C9
:103F6000934201D90323B1E04B4B1B6A03F00203D8
:103F7000002BEED014E0FEF7E5FC38610AE0FEF716
:103F8000E1FC02463B69D31A41F28832934201D9DF
:103F900003239BE0404B1B6A03F00203002BEED18E
:103FA000FB7D012B05D13C4BDB693B4A23F0805361
:103FB000D3617B68DB69002B00F08780364B5B6840
:103FC00003F00C03082B61D07B68DB69022B46D120
:103FD000334B00221A60FEF7B5FC386108E0FEF7AB
:103FE000B1FC02463B69D31A022B01D903236DE0D1
:103FF000294B1B6803F00073002BF0D17B681B6A10
:10400000B3F5803F08D1244B5B6823F400327B6812
:104010009B68214913434B601F4B5B6823F4741268
:104020007B68196A7B685B6A0B431B4913434B60CF
:104030001B4B01221A60FEF785FC386108E0FEF791
:1040400081FC02463B69D31A022B01D903233DE0D0
:10405000114B1B6803F00073002BF0D035E0104BC0
:1040600000221A60FEF76EFC386108E0FEF76AFC79
:1040700002463B69D31A022B01D9032326E0064BE3
:104080001B6803F00073002BF0D11EE07B68DB6936
:10409000012B07D1012319E00010024000700040FD
:1040A000600042420B4B5B68FB60FB6803F48032AC
:1040B0007B681B6A9A4206D1FB6803F470127B6826
:1040C0005B6A9A4201D0012300E0002318461837AA
:1040D000BD4680BD0010024080B584B000AF78605E
:1040E00039607B68002B01D10123D0E06A4B1B684B
:1040F00003F007033A689A4210D9674B1B6823F014
:10410000070265493B6813430B60634B1B6803F070
:1041100007033A689A4201D00123B8E07B681B6824
:1041200003F00203002B20D07B681B6803F004031C
:10413000002B05D0594B5B68584A43F4E063536049
:104140007B681B6803F00803002B05D0534B5B68AA
:10415000524A43F460535360504B5B6823F0F002C3
:104160007B689B684D4913434B607B681B6803F079
:104170000103002B40D07B685B68012B07D1474BC4
:104180001B6803F40033002B15D101237FE07B680B
:104190005B68022B07D1414B1B6803F00073002BB7
:1041A00009D1012373E03D4B1B6803F00203002B90
:1041B00001D101236BE0394B5B6823F003027B687C
:1041C0005B68364913434B60FEF7BCFBF8600AE0BE
:1041D000FEF7B8FB0246FB68D31A41F288329342DD
:1041E00001D9032353E02D4B5B6803F00C027B687D
:1041F0005B689B009A42EBD1274B1B6803F00703D7
:104200003A689A4210D2244B1B6823F007022249D5
:104210003B6813430B60204B1B6803F007033A68AD
:104220009A4201D0012332E07B681B6803F004034B
:10423000002B08D0194B5B6823F4E0627B68DB68D5
:10424000164913434B607B681B6803F00803002B7F
:1042500009D0124B5B6823F460527B681B69DB005A
:104260000E4913434B6000F021F802460B4B5B688C
:104270001B0903F00F030A49CB5C22FA03F3094A36
:104280001360094B1B681846FEF700F80023184618
:104290001037BD4680BD00BF002002400010024024
:1042A000CC990008140000201800002080B487B0CA
:1042B00000AF0023FB600023BB6000237B61002371
:1042C0007B6000233B611E4B5B68FB60FB6803F077
:1042D0000C03042B02D0082B03D027E0194B3B61C1
:1042E00027E0FB689B0C03F00F03174AD35C7B604D
:1042F000FB6803F48033002B10D0114B5B685B0C20
:1043000003F00103114AD35CBB607B680D4A03FBD9
:1043100002F2BB68B2FBF3F37B6104E07B680C4AFA
:1043200002FB03F37B617B693B6102E0054B3B6170
:1043300000BF3B6918461C37BD4680BC704700BFB4
:104340000010024000127A00E4990008F499000875
:1043500000093D0080B400AF024B1B681846BD4603
:1043600080BC70471400002080B500AFFFF7F2FF5B
:104370000246054B5B681B0A03F007030349CB5C4D
:1043800022FA03F3184680BD00100240DC990008B1
:1043900080B500AFFFF7DEFF0246054B5B68DB0A26
:1043A00003F007030349CB5C22FA03F3184680BDF0
:1043B00000100240DC99000880B483B000AF786040
:1043C00039607B680F221A60114B5B6803F00302AF
:1043D0007B685A600E4B5B6803F0F0027B689A6062
:1043E0000B4B5B6803F4E0627B68DA60084B5B6848
:1043F000DB0803F4E0627B681A61064B1B6803F07C
:1044000007023B681A6000BF0C37BD4680BC70478E
:10441000001002400020024080B485B000AF7860F8
:104420000A4B1B680A4AA2FB03235B0A7A6802FB59
:1044300003F3FB6000BFFB685A1EFA60002BF9D142
:1044400000BF00BF1437BD4680BC70471400002079
:10445000D34D621080B586B000AF786000233B6119
:104460000023FB607B681B6803F00103002B7DD0F9
:104470000023FB754F4BDB6903F08053002B0DD1FC
:104480004C4BDB694B4A43F08053D361494BDB69AA
:1044900003F08053BB60BB680123FB75464B1B6870
:1044A00003F48073002B18D1434B1B68424A43F43A
:1044B00080731360FEF746FA386108E0FEF742FAAF
:1044C00002463B69D31A642B01D903236DE03A4BB2
:1044D0001B6803F48073002BF0D0364B1B6A03F487
:1044E0004073FB60FB68002B2ED07B685B6803F495
:1044F0004073FA689A4227D02E4B1B6A23F440730C
:10450000FB602E4B01221A602C4B00221A60294AB4
:10451000FB681362FB6803F00103002B14D0FEF765
:1045200011FA38610AE0FEF70DFA02463B69D31A28
:1045300041F28832934201D9032336E01D4B1B6AB6
:1045400003F00203002BEED01A4B1B6A23F44072D7
:104550007B685B68174913430B62FB7D012B05D118
:10456000144BDB69134A23F08053D3617B681B68CB
:1045700003F00203002B08D00E4B5B6823F440428B
:104580007B689B680B4913434B607B681B6803F097
:104590001003002B08D0074B5B6823F480027B6874
:1045A000DB68044913434B60002318461837BD46A7
:1045B00080BD00BF00100240007000404004424235
:1045C00080B582B000AF78607B68002B01D10123F9
:1045D00076E07B685B6A002B08D17B685B68B3F58B
:1045E000827F09D07B680022DA6105E07B680022C7
:1045F0001A617B6800225A617B6800229A627B689C
:1046000093F85130DBB2002B06D17B68002283F88F
:1046100050207868FDF7B6FD7B68022283F85120B0
:104620007B681B681A687B681B6822F040021A606E
:104630007B685B6803F482727B689B6803F40443C5
:104640001A437B68DB6803F400631A437B681B69C9
:1046500003F002031A437B685B6903F001031A430A
:104660007B689B6903F400731A437B68DB6903F082
:1046700038031A437B681B6A03F0800342EA030194
:104680007B689B6A03F400527B681B680A431A60CC
:104690007B689B691A0C7B681B6802F004025A60F5
:1046A0007B681B68DA697B681B6822F40062DA6148
:1046B0007B6800225A657B68012283F85120002321
:1046C00018460837BD4680BD80B588B000AFF86099
:1046D000B9603B601346FB80FEF734F9F861FB8854
:1046E0007B83FB6893F85130DBB2012B01D00223AE
:1046F0002AE1BB68002B02D0FB88002B01D10123EB
:1047000022E1FB6893F85030012B01D102231BE119
:10471000FB68012283F85020FB68032283F85120B4
:10472000FB6800225A65FB68BA681A63FB68FA885E
:104730009A86FB68FA88DA86FB6800229A63FB682F
:1047400000229A87FB680022DA87FB6800225A64FD
:10475000FB6800221A64FB689B68B3F5004F0FD119
:10476000FB681B681A68FB681B6822F040021A602D
:10477000FB681B681A68FB681B6842F480421A6079
:10478000FB681B681B6803F04003402B07D0FB68E5
:104790001B681A68FB681B6842F040021A60FB68DD
:1047A000DB68B3F5006F52D1FB685B68002B02D069
:1047B0007B8B012B45D1FB681B6B1A88FB681B6840
:1047C000DA60FB681B6B9A1CFB681A63FB68DB8E64
:1047D0009BB2013B9AB2FB68DA8632E0FB681B6849
:1047E0009B6803F00203022B12D1FB681B6B1A8833
:1047F000FB681B68DA60FB681B6B9A1CFB681A631A
:10480000FB68DB8E9BB2013B9AB2FB68DA8618E04C
:10481000FEF798F80246FB69D31A3A689A4203D821
:104820003B68B3F1FF3F02D13B68002B09D1FB6825
:10483000012283F85120FB68002283F850200323D3
:1048400082E0FB68DB8E9BB2002BC7D153E0FB6894
:104850005B68002B02D07B8B012B47D1FB681A6B66
:10486000FB681B680C3312781A70FB681B6B5A1CB0
:10487000FB681A63FB68DB8E9BB2013B9AB2FB6854
:10488000DA8633E0FB681B689B6803F00203022BA7
:1048900013D1FB681A6BFB681B680C3312781A7013
:1048A000FB681B6B5A1CFB681A63FB68DB8E9BB2B0
:1048B000013B9AB2FB68DA8618E0FEF743F802463D
:1048C000FB69D31A3A689A4203D83B68B3F1FF3FB9
:1048D00002D13B68002B09D1FB68012283F85120EB
:1048E000FB68002283F8502003232DE0FB68DB8E59
:1048F0009BB2002BC6D1FA693968F86800F0C4FB96
:104900000346002B02D0FB6820225A65FB689B6897
:10491000002B0AD100237B61FB681B68DB687B618D
:10492000FB681B689B687B617B69FB68012283F8DD
:104930005120FB68002283F85020FB685B6D002B40
:1049400001D0012300E0002318462037BD4680BD7A
:1049500080B588B002AFF860B9603B601346FB8059
:10496000FB6893F85130DBB2012B01D0022304E144
:10497000FB685B68B3F5827F12D1FB689B68002BF4
:104980000ED1FB68042283F85120FA883B6800931B
:104990001346BA68B968F86800F0F3F80346ECE02B
:1049A000FDF7D0FF7861BB68002B02D0FB88002B9D
:1049B00001D10123E1E0FB6893F85030012B01D1D4
:1049C0000223DAE0FB68012283F85020FB6804220E
:1049D00083F85120FB6800225A65FB68BA689A6325
:1049E000FB68FA889A87FB68FA88DA87FB680022F6
:1049F0001A63FB6800229A86FB680022DA86FB684D
:104A000000221A64FB6800225A64FB689B68B3F5B5
:104A1000004F0FD1FB681B681A68FB681B6822F007
:104A200040021A60FB681B681A68FB681B6822F466
:104A300080421A60FB681B681B6803F04003402B30
:104A400007D0FB681B681A68FB681B6842F04002CD
:104A50001A60FB68DB68002B70D135E0FB681B68CF
:104A60009B6803F00103012B15D1FB681B6803F160
:104A70000C02FB689B6B1278D2B21A70FB689B6BBE
:104A80005A1CFB689A63FB68DB8F9BB2013B9AB2AE
:104A9000FB68DA8718E0FDF755FF02467B69D31AF9
:104AA0003A689A4203D83B68B3F1FF3F02D13B68B2
:104AB000002B09D1FB68012283F85120FB680022FA
:104AC00083F85020032358E0FB68DB8F9BB2002B58
:104AD000C4D138E0FB681B689B6803F00103012B1D
:104AE00013D1FB681B68DA68FB689B6B92B21A8073
:104AF000FB689B6B9A1CFB689A63FB68DB8F9BB21D
:104B0000013B9AB2FB68DA8718E0FDF71BFF02460B
:104B10007B69D31A3A689A4203D83B68B3F1FF3FE6
:104B200002D13B68002B09D1FB68012283F8512098
:104B3000FB68002283F8502003231EE0FB68DB8F14
:104B40009BB2002BC6D17A693968F86800F04AFA3E
:104B50000346002B02D0FB6820225A65FB68012225
:104B600083F85120FB68002283F85020FB685B6DBE
:104B7000002B01D0012300E0002318461837BD4662
:104B800080BD80B58AB000AFF860B9607A607B8084
:104B900001237B62FDF7D6FE3862FB6893F8513043
:104BA000FB77FB685B68BB617B88FB82FB7F012B2B
:104BB0000CD0BB69B3F5827F06D1FB689B68002BE4
:104BC00002D1FB7F042B01D002237FE1BB68002BC5
:104BD00005D07B68002B02D07B88002B01D10123FC
:104BE00074E1FB6893F85030012B01D102236DE191
:104BF000FB68012283F85020FB6893F85130DBB248
:104C0000042B03D0FB68052283F85120FB680022A7
:104C10005A65FB687A689A63FB687A88DA87FB686A
:104C20007A889A87FB68BA681A63FB687A88DA869A
:104C3000FB687A889A86FB6800221A64FB68002267
:104C40005A64FB681B681B6803F04003402B07D0C5
:104C5000FB681B681A68FB681B6842F040021A6018
:104C6000FB68DB68B3F5006F7ED1FB685B68002BE7
:104C700002D0FB8A012B6CD1FB681B6B1A88FB6886
:104C80001B68DA60FB681B6B9A1CFB681A63FB6885
:104C9000DB8E9BB2013B9AB2FB68DA8659E0FB6877
:104CA0001B689B6803F00203022B1BD1FB68DB8EA1
:104CB0009BB2002B16D07B6A012B13D1FB681B6BB8
:104CC0001A88FB681B68DA60FB681B6B9A1CFB6820
:104CD0001A63FB68DB8E9BB2013B9AB2FB68DA86F3
:104CE00000237B62FB681B689B6803F00103012BB8
:104CF00019D1FB68DB8F9BB2002B14D0FB681B68BB
:104D0000DA68FB689B6B92B21A80FB689B6B9A1CFB
:104D1000FB689A63FB68DB8F9BB2013B9AB2FB682E
:104D2000DA8701237B62FDF70DFE02463B6AD31A48
:104D30003A6B9A420DD83B6BB3F1FF3F09D0FB6849
:104D4000012283F85120FB68002283F850200323BE
:104D5000BCE0FB68DB8E9BB2002BA0D1FB68DB8F35
:104D60009BB2002B9BD182E0FB685B68002B02D0DA
:104D7000FB8A012B71D1FB681A6BFB681B680C3333
:104D800012781A70FB681B6B5A1CFB681A63FB686D
:104D9000DB8E9BB2013B9AB2FB68DA865DE0FB6872
:104DA0001B689B6803F00203022B1CD1FB68DB8E9F
:104DB0009BB2002B17D07B6A012B14D1FB681A6BB6
:104DC000FB681B680C3312781A70FB681B6B5A1C4B
:104DD000FB681A63FB68DB8E9BB2013B9AB2FB68EF
:104DE000DA8600237B62FB681B689B6803F0010383
:104DF000012B19D1FB68DB8F9BB2002B14D0FB6811
:104E00001B68DA68FB689B6BD2B21A70FB689B6BFD
:104E10005A1CFB689A63FB68DB8F9BB2013B9AB21A
:104E2000FB68DA8701237B62FDF78CFD02463B6A53
:104E3000D31A3A6B9A4203D83B6BB3F1FF3F02D1CE
:104E40003B6B002B09D1FB68012283F85120FB68E2
:104E5000002283F85020032338E0FB68DB8E9BB2EE
:104E6000002B9CD1FB68DB8F9BB2002B97D13A6A59
:104E7000396BF86800F008F90346002B08D0FB688E
:104E800020225A65FB68002283F8502001231DE090
:104E9000FB689B68002B0AD100233B61FB681B6801
:104EA000DB683B61FB681B689B683B613B69FB6897
:104EB000012283F85120FB68002283F85020FB6810
:104EC0005B6D002B01D0012300E00023184628373A
:104ED000BD4680BD80B588B000AFF860B9603B606A
:104EE0001346FB71FDF72EFD0246BB6A9B1A3A681A
:104EF0001344FB61FDF726FDB861394B1B685B016C
:104F00001B0DFA6902FB03F37B6154E03B68B3F1CC
:104F1000FF3F50D0FDF716FD0246BB69D31AFA6970
:104F20009A4202D9FB69002B3DD1FB681B685A6885
:104F3000FB681B6822F0E0025A60FB685B68B3F50F
:104F4000827F11D1FB689B68B3F5004F04D0FB68EA
:104F50009B68B3F5806F07D1FB681B681A68FB6814
:104F60001B6822F040021A60FB689B6AB3F5005F81
:104F70000FD1FB681B681A68FB681B6822F400529B
:104F80001A60FB681B681A68FB681B6842F40052D1
:104F90001A60FB68012283F85120FB68002283F825
:104FA0005020032317E07B69002B01D10023FB6114
:104FB0007B69013B7B61FB681B689A68BB68134097
:104FC000BA689A420CBF01230023DBB21A46FB7970
:104FD0009A429BD1002318462037BD4680BD00BFB2
:104FE0001400002080B586B002AFF860B9607A6026
:104FF000FB685B68B3F5827F11D1FB689B68B3F5F2
:10500000004F04D0FB689B68B3F5806F07D1FB6845
:105010001B681A68FB681B6822F040021A60FB6874
:105020005B68B3F5827F17D1FB689B68B3F5806F2F
:1050300012D17B680093BB6800220121F868FFF75A
:1050400049FF0346002B1AD0FB685B6D43F020023A
:10505000FB685A65032313E07B680093BB6800225A
:105060008021F868FFF736FF0346002B07D0FB6866
:105070005B6D43F02002FB685A65032300E00023C8
:1050800018461037BD4680BD80B586B002AFF860C7
:10509000B9607A607B680093BB6801220221F868DE
:1050A000FFF718FF0346002B07D0FB685B6D43F04A
:1050B0002002FB685A65032313E07B680093BB68FA
:1050C00000228021F868FFF705FF0346002B07D078
:1050D000FB685B6D43F02002FB685A65032300E028
:1050E000002318461037BD4680BD80B582B000AFA2
:1050F00078607B68002B01D1012341E07B6893F845
:105100003D30DBB2002B06D17B68002283F83C20C7
:105110007868FDF769FA7B68022283F83D207B6896
:105120001A687B6804331946104600F017FC7B6848
:10513000012283F846207B68012283F83E207B68A9
:10514000012283F83F207B68012283F840207B689E
:10515000012283F841207B68012283F842207B688A
:10516000012283F843207B68012283F844207B6876
:10517000012283F845207B68012283F83D2000232B
:1051800018460837BD4680BD80B485B000AF786052
:105190007B6893F83D30DBB2012B01D001233AE06C
:1051A0007B68022283F83D207B681B68DA687B6895
:1051B0001B6842F00102DA607B681B68184A934260
:1051C0000ED07B681B68B3F1804F09D07B681B68E9
:1051D000144A934204D07B681B68134A934211D14E
:1051E0007B681B689B6803F00703FB60FB68062B6A
:1051F00010D07B681B681A687B681B6842F001024C
:105200001A6007E07B681B681A687B681B6842F0BD
:1052100001021A60002318461437BD4680BC70474F
:10522000002C0140000400400008004080B582B01E
:1052300000AF78607B68002B01D1012341E07B68DF
:1052400093F83D30DBB2002B06D17B68002283F857
:105250003C20786800F039F87B68022283F83D2012
:105260007B681A687B6804331946104600F076FBA9
:105270007B68012283F846207B68012283F83E2068
:105280007B68012283F83F207B68012283F840205D
:105290007B68012283F841207B68012283F8422049
:1052A0007B68012283F843207B68012283F8442035
:1052B0007B68012283F845207B68012283F83D202A
:1052C000002318460837BD4680BD80B483B000AFC8
:1052D000786000BF0C37BD4680BC704780B584B095
:1052E00000AF786039603B68002B09D17B6893F888
:1052F0003E30DBB2012B14BF01230023DBB222E0DE
:105300003B68042B09D17B6893F83F30DBB2012B5B
:1053100014BF01230023DBB215E03B68082B09D141
:105320007B6893F84030DBB2012B14BF01230023CC
:10533000DBB208E07B6893F84130DBB2012B14BF8D
:1053400001230023DBB2002B01D001235EE03B6888
:10535000002B04D17B68022283F83E2013E03B68D7
:10536000042B04D17B68022283F83F200BE03B68CA
:10537000082B04D17B68022283F8402003E07B687D
:10538000022283F841207B681B6801223968184695
:1053900000F070FD7B681B681E4A934207D17B6852
:1053A0001B685A6C7B681B6842F400425A647B6835
:1053B0001B68184A93420ED07B681B68B3F1804F7C
:1053C00009D07B681B68144A934204D07B681B6831
:1053D000124A934211D17B681B689B6803F0070354
:1053E000FB60FB68062B10D07B681B681A687B6823
:1053F0001B6842F001021A6007E07B681B681A68AC
:105400007B681B6842F001021A60002318461037BF
:10541000BD4680BD002C0140000400400008004053
:1054200080B584B000AF78607B681B68DB68FB6088
:105430007B681B681B69BB60BB6803F00203002B21
:1054400020D0FB6803F00203002B1BD07B681B6895
:105450006FF002021A617B6801221A777B681B6871
:105460009B6903F00303002B03D0786800F05AFA1D
:1054700005E0786800F04DFA786800F05CFA7B6827
:1054800000221A77BB6803F00403002B20D0FB68CE
:1054900003F00403002B1BD07B681B686FF0040231
:1054A0001A617B6802221A777B681B689B6903F488
:1054B0004073002B03D0786800F034FA05E0786878
:1054C00000F027FA786800F036FA7B6800221A7735
:1054D000BB6803F00803002B20D0FB6803F008032F
:1054E000002B1BD07B681B686FF008021A617B6879
:1054F00004221A777B681B68DB6903F00303002B27
:1055000003D0786800F00EFA05E0786800F001FA40
:10551000786800F010FA7B6800221A77BB6803F005
:105520001003002B20D0FB6803F01003002B1BD0CE
:105530007B681B686FF010021A617B6808221A777B
:105540007B681B68DB6903F44073002B03D0786829
:1055500000F0E8F905E0786800F0DBF9786800F021
:10556000EAF97B6800221A77BB6803F00103002B7D
:105570000CD0FB6803F00103002B07D07B681B688D
:105580006FF001021A617868FCF7AEFDBB6803F0AA
:105590008003002B0CD0FB6803F08003002B07D0A6
:1055A0007B681B686FF080021A61786800F0EDFC80
:1055B000BB6803F04003002B0CD0FB6803F04003F2
:1055C000002B07D07B681B686FF040021A61786877
:1055D00000F0BAF9BB6803F02003002B0CD0FB6885
:1055E00003F02003002B07D07B681B686FF02002BC
:1055F0001A61786800F0C0FC00BF1037BD4680BD5E
:1056000080B586B000AFF860B9607A600023FB75A2
:10561000FB6893F83C30012B01D10223AEE0FB681C
:10562000012283F83C207B680C2B00F29F8001A2B2
:1056300052F823F0695600086D5700086D570008AE
:105640006D570008A95600086D5700086D570008EF
:105650006D570008EB5600086D5700086D5700089D
:105660006D5700082B570008FB681B68B96818467F
:1056700000F0E2F9FB681B689A69FB681B6842F05E
:1056800008029A61FB681B689A69FB681B6822F034
:1056900004029A61FB681B689969BB681A69FB6818
:1056A0001B680A439A6164E0FB681B68B968184686
:1056B00000F028FAFB681B689A69FB681B6842F4D3
:1056C00000629A61FB681B689A69FB681B6822F498
:1056D00080629A61FB681B689969BB681B691A0242
:1056E000FB681B680A439A6143E0FB681B68B96862
:1056F000184600F071FAFB681B68DA69FB681B68E2
:1057000042F00802DA61FB681B68DA69FB681B6813
:1057100022F00402DA61FB681B68D969BB681A6968
:10572000FB681B680A43DA6123E0FB681B68B96801
:10573000184600F0BBFAFB681B68DA69FB681B6857
:1057400042F40062DA61FB681B68DA69FB681B6877
:1057500022F48062DA61FB681B68D969BB681B6947
:105760001A02FB681B680A43DA6102E00123FB7539
:1057700000BFFB68002283F83C20FB7D18461837E9
:10578000BD4680BD80B584B000AF7860396000232D
:10579000FB737B6893F83C30012B01D10223B4E00A
:1057A0007B68012283F83C207B68022283F83D203D
:1057B0007B681B689B68BB60BB6823F07703BB609A
:1057C000BB6823F47F43BB607B681B68BA689A6040
:1057D0003B681B68B3F5005F3ED0B3F5005F00F295
:1057E0008780B3F5805F00F08680B3F5805F7FD857
:1057F000702B1AD0702B7BD8602B50D0602B77D8B1
:10580000502B3CD0502B73D8402B58D0402B6FD806
:10581000302B64D0302B6BD8202B60D0202B67D856
:10582000002B5CD0102B5AD062E07B6818683B6874
:1058300099683B685A683B68DB6800F0FCFA7B6853
:105840001B689B68BB60BB6843F07703BB607B68E9
:105850001B68BA689A604FE07B6818683B68996873
:105860003B685A683B68DB6800F0E5FA7B681B68B8
:105870009A687B681B6842F480429A603CE07B68CF
:1058800018683B6859683B68DB681A4600F05CFAA8
:105890007B681B685021184600F0B3FA2CE07B6847
:1058A00018683B6859683B68DB681A4600F07AFA6A
:1058B0007B681B686021184600F0A3FA1CE07B6837
:1058C00018683B6859683B68DB681A4600F03CFA88
:1058D0007B681B684021184600F093FA0CE07B6857
:1058E0001A683B681B681946104600F08AFA03E004
:1058F0000123FB7300E000BF7B68012283F83D2099
:105900007B68002283F83C20FB7B18461037BD469D
:1059100080BD80B483B000AF786000BF0C37BD4657
:1059200080BC704780B483B000AF786000BF0C3794
:10593000BD4680BC704780B483B000AF786000BFC4
:105940000C37BD4680BC704780B483B000AF786030
:1059500000BF0C37BD4680BC7047000080B485B0E6
:1059600000AF786039607B681B68FB607B682F4AFA
:1059700093420BD07B68B3F1804F07D07B682C4AF1
:10598000934203D07B682B4A934208D1FB6823F0F3
:105990007003FB603B685B68FA681343FB607B68DD
:1059A000224A93420BD07B68B3F1804F07D07B68CB
:1059B0001F4A934203D07B681E4A934208D1FB687A
:1059C00023F44073FB603B68DB68FA681343FB60B9
:1059D000FB6823F080023B685B691343FB607B68D4
:1059E000FA681A603B689A687B68DA623B681A68F2
:1059F0007B689A627B680D4A934203D13B681A69BF
:105A00007B681A637B6801225A617B681B6903F01B
:105A10000103002B05D07B681B6923F001027B6822
:105A20001A6100BF1437BD4680BC7047002C01408E
:105A3000000400400008004080B487B000AF7860E8
:105A400039607B681B6A7B617B681B6A23F00102FB
:105A50007B681A627B685B683B617B689B69FB6063
:105A6000FB6823F07003FB60FB6823F00303FB601B
:105A70003B681B68FA681343FB607B6923F00203F1
:105A80007B613B689B687A6913437B617B681C4A36
:105A900093420CD17B6923F008037B613B68DB6890
:105AA0007A6913437B617B6923F004037B617B6824
:105AB000134A934211D13B6923F480733B613B69E4
:105AC00023F400733B613B685B693A6913433B61B4
:105AD0003B689B693A6913433B617B683A695A604A
:105AE0007B68FA689A613B685A687B685A637B688E
:105AF0007A691A6200BF1C37BD4680BC704700BF80
:105B0000002C014080B487B000AF786039607B68BA
:105B10001B6A7B617B681B6A23F010027B681A6238
:105B20007B685B683B617B689B69FB60FB6823F477
:105B3000E043FB60FB6823F44073FB603B681B6839
:105B40001B02FA681343FB607B6923F020037B612F
:105B50003B689B681B017A6913437B617B681D4A24
:105B600093420DD17B6923F080037B613B68DB6846
:105B70001B017A6913437B617B6923F040037B61DE
:105B80007B68144A934213D13B6923F480633B61E1
:105B90003B6923F400633B613B685B699B003A69A6
:105BA00013433B613B689B699B003A6913433B612C
:105BB0007B683A695A607B68FA689A613B685A6800
:105BC0007B689A637B687A691A6200BF1C37BD469E
:105BD00080BC7047002C014080B487B000AF786073
:105BE00039607B681B6A7B617B681B6A23F4807267
:105BF0007B681A627B685B683B617B68DB69FB6082
:105C0000FB6823F07003FB60FB6823F00303FB6079
:105C10003B681B68FA681343FB607B6923F40073DD
:105C20007B613B689B681B027A6913437B617B68DD
:105C30001D4A93420DD17B6923F400637B613B686D
:105C4000DB681B027A6913437B617B6923F4806301
:105C50007B617B68144A934213D13B6923F48053E0
:105C60003B613B6923F400533B613B685B691B016B
:105C70003A6913433B613B689B691B013A691343D3
:105C80003B617B683A695A607B68FA68DA613B6815
:105C90005A687B68DA637B687A691A6200BF1C37CE
:105CA000BD4680BC704700BF002C014080B487B067
:105CB00000AF786039607B681B6A3B617B681B6A58
:105CC00023F480527B681A627B685B687B617B6827
:105CD000DB69FB60FB6823F4E043FB60FB6823F4B3
:105CE0004073FB603B681B681B02FA681343FB6050
:105CF0003B6923F400533B613B689B681B033A6993
:105D000013433B617B680F4A934209D17B6923F4BB
:105D100080437B613B685B699B017A6913437B61CC
:105D20007B687A695A607B68FA68DA613B685A680E
:105D30007B681A647B683A691A6200BF1C37BD46EB
:105D400080BC7047002C014080B487B000AFF86081
:105D5000B9607A60FB681B6A7B61FB681B6A23F091
:105D60000102FB681A62FB689B693B613B6923F097
:105D7000F0033B617B681B013A6913433B617B691C
:105D800023F00A037B617A69BB6813437B61FB687C
:105D90003A699A61FB687A691A6200BF1C37BD468E
:105DA00080BC704780B487B000AFF860B9607A609B
:105DB000FB681B6A7B61FB681B6A23F01002FB68AF
:105DC0001A62FB689B693B613B6923F470433B614A
:105DD0007B681B033A6913433B617B6923F0A00393
:105DE0007B61BB681B017A6913437B61FB683A697D
:105DF0009A61FB687A691A6200BF1C37BD4680BC95
:105E0000704780B485B000AF786039607B689B686C
:105E1000FB60FB6823F07003FB603A68FB68134388
:105E200043F00703FB607B68FA689A6000BF143791
:105E3000BD4680BC704780B487B000AFF860B960E1
:105E40007A603B60FB689B687B617B6923F47F43DE
:105E50007B613B681A027B681A43BB6813437A690B
:105E600013437B61FB687A699A6000BF1C37BD46AB
:105E700080BC704780B487B000AFF860B9607A60CA
:105E8000BB6803F01F03012202FA03F37B61FB6886
:105E90001A6A7B69DB431A40FB681A62FB681A6A5C
:105EA000BB6803F01F03796801FA03F31A43FB6828
:105EB0001A6200BF1C37BD4680BC704780B485B0F5
:105EC00000AF786039607B6893F83C30012B01D1DA
:105ED000022346E07B68012283F83C207B68022293
:105EE00083F83D207B681B685B68FB607B681B68F0
:105EF0009B68BB60FB6823F07003FB603B681B681A
:105F0000FA681343FB607B681B68FA685A607B6819
:105F10001B68164A93420ED07B681B68B3F1804F12
:105F200009D07B681B68124A934204D07B681B68C7
:105F3000104A93420CD1BB6823F08003BB603B68DE
:105F40005B68BA681343BB607B681B68BA689A6079
:105F50007B68012283F83D207B68002283F83C2087
:105F6000002318461437BD4680BC7047002C014002
:105F7000000400400008004080B483B000AF7860A7
:105F800000BF0C37BD4680BC704780B483B000AF03
:105F9000786000BF0C37BD4680BC704780B582B0CA
:105FA00000AF78607B68002B01D1012342E07B6861
:105FB00093F84130DBB2002B06D17B68002283F8D6
:105FC00040207868FCF7C6FB7B68242283F84120D8
:105FD0007B681B68DA687B681B6822F40052DA6011
:105FE000786800F0AFFD7B681B681A697B681B68E6
:105FF00022F490421A617B681B685A697B681B68AF
:1060000022F02A025A617B681B68DA687B681B6889
:1060100042F40052DA607B6800225A647B682022D6
:1060200083F841207B68202283F842207B6800228D
:106030005A63002318460837BD4680BD80B58AB034
:1060400002AFF860B9603B601346FB8000237B61C0
:10605000FB6893F84130DBB2202B75D1BB68002B75
:1060600002D0FB88002B01D101236EE0FB680022E7
:106070005A64FB68212283F84120FCF763FC7861B5
:10608000FB68FA889A84FB68FA88DA84FB689B6864
:10609000B3F5805F08D1FB681B69002B04D1002396
:1060A000FB61BB68BB6103E0BB68FB610023BB61B4
:1060B0002EE03B6800937B6900228021F86800F0A5
:1060C00013FB0346002B05D0FB68202283F84120F8
:1060D00003233AE0FB69002B0BD1BB691B881A46EE
:1060E000FB681B68C2F308025A60BB690233BB61DC
:1060F00007E0FB691A78FB681B685A60FB6901338B
:10610000FB61FB68DB8C9BB2013B9AB2FB68DA84D3
:10611000FB68DB8C9BB2002BCBD13B6800937B6987
:1061200000224021F86800F0DFFA0346002B05D07A
:10613000FB68202283F84120032306E0FB6820222D
:1061400083F84120002300E0022318462037BD4693
:1061500080BD80B584B000AFF860B9601346FB80A5
:10616000FB6893F84230DBB2202B12D1BB68002BC6
:1061700002D0FB88002B01D101230BE0FB68002239
:106180001A63FB881A46B968F86800F006FB0346F4
:1061900000E0022318461037BD4680BD80B5BAB076
:1061A00000AF78607B681B681B68C7F8E4307B68C9
:1061B0001B68DB68C7F8E0307B681B685B69C7F861
:1061C000DC300023C7F8D8300023C7F8D430D7F824
:1061D000E43003F00F03C7F8D830D7F8D830002BDD
:1061E0000FD1D7F8E43003F02003002B09D0D7F803
:1061F000E03003F02003002B03D0786800F0E3FBCD
:106200005BE2D7F8D830002B00F0DE80D7F8DC3026
:1062100003F00103002B06D1D7F8E03003F49073AC
:10622000002B00F0D180D7F8E43003F00103002BFD
:106230000BD0D7F8E03003F48073002B05D07B68D7
:106240005B6C43F001027B685A64D7F8E43003F0DA
:106250000403002B0BD0D7F8DC3003F00103002B34
:1062600005D07B685B6C43F002027B685A64D7F808
:10627000E43003F00203002B0BD0D7F8DC3003F03E
:106280000103002B05D07B685B6C43F004027B6844
:106290005A64D7F8E43003F00803002B11D0D7F884
:1062A000E03003F02003002B05D1D7F8DC3003F0F9
:1062B0000103002B05D07B685B6C43F008027B6810
:1062C0005A647B685B6C002B00F0F281D7F8E430F5
:1062D00003F02003002B08D0D7F8E03003F02003B0
:1062E000002B02D0786800F06EFB7B681B685B694E
:1062F00003F04003002B14BF01230023DBB2C7F8D7
:10630000D4307B685B6C03F00803002B03D1D7F813
:10631000D430002B4FD0786800F078FA7B681B6887
:106320005B6903F04003002B41D07B681B6814338A
:10633000C7F89C30D7F89C3053E8003FC7F8983036
:10634000D7F8983023F04003C7F8D0307B681B683B
:106350001433D7F8D020C7F8A820C7F8A430D7F84E
:10636000A410D7F8A82041E80023C7F8A030D7F838
:10637000A030002BD9D17B68DB6B002B13D07B685E
:10638000DB6B7E4A5A637B68DB6B1846FDF7AAF825
:106390000346002B16D07B68DB6B5B6B7A68D26B95
:1063A000104698470EE07868FBF714F90AE0786821
:1063B000FBF710F906E07868FBF70CF97B68002220
:1063C0005A6475E100BF73E17B681B6B012B40F0E1
:1063D0004F81D7F8E43003F01003002B00F0488120
:1063E000D7F8E03003F01003002B00F041810023C8
:1063F000BB607B681B681B68BB607B681B685B6855
:10640000BB60BB687B681B685B6903F04003002BC3
:1064100000F0B6807B68DB6B1B685B68A7F8BE305A
:10642000B7F8BE30002B00F045817B689B8DB7F834
:10643000BE209A4280F03E817B68B7F8BE20DA85A4
:106440007B68DB6B9B69202B00F088807B681B6876
:106450000C33C7F88830D7F8883053E8003FC7F8C6
:106460008430D7F8843023F48073C7F8B8307B6861
:106470001B680C33D7F8B820C7F89420C7F89030C1
:10648000D7F89010D7F8942041E80023C7F88C3053
:10649000D7F88C30002BD9D17B681B6814337B670D
:1064A0007B6F53E8003F3B673B6F23F00103C7F866
:1064B000B4307B681B681433D7F8B420C7F8802049
:1064C000FB67F96FD7F8802041E80023BB67BB6FFB
:1064D000002BE1D17B681B6814333B663B6E53E8AD
:1064E000003FFB65FB6D23F04003C7F8B0307B68CD
:1064F0001B681433D7F8B020FA66BB66B96EFA6E23
:1065000041E800237B667B6E002BE3D17B68202271
:1065100083F842207B6800221A637B681B680C3377
:10652000FB64FB6C53E8003FBB64BB6C23F01003BF
:10653000C7F8AC307B681B680C33D7F8AC20BA6561
:106540007B65796DBA6D41E800233B653B6D002B9F
:10655000E3D17B68DB6B1846FCF788FF7B6802227F
:106560005A637B689A8D7B68DB8D9BB2D31A9BB292
:106570001946786800F0ADF89CE000BFD1680008CB
:106580007B689A8D7B68DB8D9BB2D31AA7F8CE30DF
:106590007B68DB8D9BB2002B00F08E80B7F8CE308D
:1065A000002B00F089807B681B680C33BB63BB6BDE
:1065B00053E8003F7B637B6B23F49073C7F8C830CC
:1065C0007B681B680C33D7F8C8207A643B64396C4D
:1065D0007A6C41E80023FB63FB6B002BE3D17B6803
:1065E0001B6814337B627B6A53E8003F3B623B6A63
:1065F00023F00103C7F8C4307B681B681433D7F855
:10660000C4203A63FB62F96A3A6B41E80023BB623B
:10661000BB6A002BE3D17B68202283F842207B6891
:1066200000221A637B681B680C333B613B6953E8AB
:10663000003FFB60FB6823F01003C7F8C0307B68A5
:106640001B680C33D7F8C020FA61BB61B969FA69DD
:1066500041E800237B617B69002BE3D17B68022248
:106660005A63B7F8CE301946786800F032F823E064
:10667000D7F8E43003F08003002B09D0D7F8E030DE
:1066800003F08003002B03D0786800F035F914E0A4
:10669000D7F8E43003F04003002B0ED0D7F8E030F9
:1066A00003F04003002B08D0786800F074F904E090
:1066B00000BF02E000BF00E000BFE837BD4680BD7C
:1066C00080B483B000AF786000BF0C37BD4680BC9B
:1066D000704780B483B000AF78600B467B8000BF0A
:1066E0000C37BD4680BC704780B586B000AFF860FF
:1066F000B9603B601346FB713BE03B6AB3F1FF3F7F
:1067000037D0FCF71FF902463B68D31A3A6A9A421F
:1067100002D33B6A002B01D103233AE0FB681B68DC
:10672000DB6803F00403002B23D0BB68802B20D050
:10673000BB68402B1DD0FB681B681B6803F0080377
:10674000082B16D100237B61FB681B681B687B61EB
:10675000FB681B685B687B617B69F86800F056F832
:10676000FB6808225A64FB68002283F8402001235A
:106770000FE0FB681B681A68BB681340BA689A424E
:106780000CBF01230023DBB21A46FB799A42B4D036
:10679000002318461837BD4680BD80B485B000AFD1
:1067A000F860B9601346FB80FB68BA689A62FB68C0
:1067B000FA889A85FB68FA88DA85FB6800225A64B1
:1067C000FB68222283F84220FB681B69002B07D05C
:1067D000FB681B68DA68FB681B6842F48072DA6049
:1067E000FB681B685A69FB681B6842F001025A612A
:1067F000FB681B68DA68FB681B6842F02002DA60FD
:10680000002318461437BD4680BC704780B495B04D
:1068100000AF78607B681B680C337B637B6B53E84D
:10682000003F3B633B6B23F49073FB647B681B6806
:106830000C33FA6C3A64FB63F96B3A6C41E8002361
:10684000BB63BB6B002BE5D17B681B6814333B62D9
:106850003B6A53E8003FFB61FB6923F00103BB6423
:106860007B681B681433BA6CFA62BB62B96AFA6A55
:1068700041E800237B627B6A002BE5D17B681B6BC0
:10688000012B19D17B681B680C33FB60FB6853E854
:10689000003FBB60BB6823F010037B647B681B6810
:1068A0000C337A6CBA617B617969BA6941E800237B
:1068B0003B613B69002BE5D17B68202283F84220B5
:1068C0007B6800221A6300BF5437BD4680BC704706
:1068D00080B584B000AF78607B685B6AFB60FB6862
:1068E0000022DA85FB680022DA84F868FAF772FE83
:1068F00000BF1037BD4680BD80B485B000AF786062
:106900007B6893F84130DBB2212B3ED17B689B68DA
:10691000B3F5805F14D17B681B69002B10D17B68B5
:106920001B6AFB60FB681B881A467B681B68C2F306
:1069300008025A607B681B6A9A1C7B681A6208E02E
:106940007B681B6A591C7A6811621A787B681B681D
:106950005A607B68DB8C9BB2013B9BB27A6819461C
:10696000D184002B0FD17B681B68DA687B681B68B9
:1069700022F08002DA607B681B68DA687B681B683B
:1069800042F04002DA60002300E002231846143788
:10699000BD4680BC704780B582B000AF78607B6830
:1069A0001B68DA687B681B6822F04002DA607B684B
:1069B000202283F841207868FFF782FE00231846E2
:1069C0000837BD4680BD80B58CB000AF78607B686D
:1069D00093F84230DBB2222B40F0AE807B689B689C
:1069E000B3F5805F17D17B681B69002B13D100239F
:1069F000FB627B689B6ABB627B681B685B689BB2BF
:106A0000C3F308039AB2BB6A1A807B689B6A9A1C1C
:106A10007B689A6226E07B689B6AFB620023BB620C
:106A20007B689B68B3F5805F07D07B689B68002B11
:106A30000AD17B681B69002B06D17B681B685B68E9
:106A4000DAB2FB6A1A7008E07B681B685B68DBB22D
:106A500003F07F03DAB2FB6A1A707B689B6A5A1CE8
:106A60007B689A627B68DB8D9BB2013B9BB27A6844
:106A70001946D185002B5DD17B681B68DA687B687D
:106A80001B6822F02002DA607B681B68DA687B688A
:106A90001B6822F48072DA607B681B685A697B6825
:106AA0001B6822F001025A617B68202283F8422091
:106AB0007B6800225A637B681B6B012B35D17B6896
:106AC00000221A637B681B680C337B617B6953E887
:106AD000003F3B613B6923F010037B627B681B68CE
:106AE0000C337A6A3A62FB61F9693A6A41E8002339
:106AF000BB61BB69002BE5D17B681B681B6803F099
:106B00001003102B0AD10023FB607B681B681B68F5
:106B1000FB607B681B685B68FB60FB687B689B8D28
:106B200019467868FFF7D5FD02E07868FAF7B2FCFD
:106B3000002302E0002300E0022318463037BD4660
:106B400080BD000080B584B000AF78607B681B68B2
:106B50001B6923F440517B68DA687B681B680A4331
:106B60001A617B689A687B681B691A437B685B695A
:106B70001343BB607B681B68DB6823F4B05323F0CE
:106B80000C037A681268B9680B43D3607B681B6892
:106B90005B6923F440717B689A697B681B680A43D0
:106BA0005A617B681B682C4A934203D1FDF7F0FBC6
:106BB000F86002E0FDF7D8FBF860FA6813469B0026
:106BC00013449A001A447B685B689B00B2FBF3F3A2
:106BD000224AA2FB03235B091901FA6813469B00B2
:106BE00013449A001A447B685B689B00B2FBF3F283
:106BF0001A4BA3FB02035B09642000FB03F3D31AC7
:106C00001B013233154AA2FB03235B0903F0F00397
:106C10001944FA6813469B0013449A001A447B688F
:106C20005B689B00B2FBF3F20C4BA3FB02035B0916
:106C3000642000FB03F3D31A1B013233074AA2FB83
:106C400003235B0903F00F027B681B680A449A6008
:106C500000BF1037BD4680BD003801401F85EB5195
:106C600080B485B000AF0346FB800023FB60B7F91A
:106C70000630842B05D0B7F90620FB681344033394
:106C8000FB60FB6818461437BD4680BC704780B473
:106C900083B000AFEFF305837B607B68002B14BFEC
:106CA00001230023DBB218460C37BD4680BC704779
:106CB00080B500AF01F0EEFA0023184680BDF0B5B4
:106CC00089B004AF786039607B685B69002B20D0A5
:106CD0007B689B69002B1CD07B685C687B681D68A7
:106CE0007B681E697B68B3F908301846FFF7B8FF68
:106CF00001467B685B697A68926902920193009110
:106D00003B6832462946204601F0DFF80346FB6027
:106D10001CE07B685C687B681D687B681B699EB2B1
:106D20007B68B3F908301846FFF79AFF024607F16F
:106D30000C03019300923B6832462946204601F03D
:106D400024F90346012B01D0002300E0FB6818461C
:106D50001437BD46F0BD80B584B000AF78607B6865
:106D6000FB60FB68002B01D0FB6800E001231846A4
:106D700001F05AFA002318461037BD4680BD80B591
:106D800082B000AF78607B685B68002B07D07B68BF
:106D90005B681946012000F0B2FA034603E00120C7
:106DA00000F095FA034618460837BD4680BD00003E
:106DB00080B584B000AF786039600023BB607B6829
:106DC000002B01D180233AE00023FB603B68B3F144
:106DD000FF3F03D14FF0FF33FB6009E03B68002B1E
:106DE00006D03B68FB60FB68002B01D10123FB60F0
:106DF000FFF74DFF0346002B17D007F108031A4693
:106E00000021786800F0B8FE0346012B01D0FF2373
:106E100015E0BB68002B11D00B4B4FF080521A606D
:106E2000BFF34F8FBFF36F8F08E0F968786800F009
:106E300093FD0346012B01D0FF2300E000231846F9
:106E40001037BD4680BD00BF04ED00E080B584B0C2
:106E500000AF78600023FB600023BB60FFF717FFE3
:106E60000346002B16D007F108031946786800F096
:106E700001FC0346012B01D0FF2317E0BB68002B68
:106E800013D00C4B4FF080521A60BFF34F8FBFF3FB
:106E90006F8F0AE0002300220021786800F04AFA90
:106EA0000346012B01D0FF23FB60FB681846103717
:106EB000BD4680BD04ED00E080B483B000AF7860D3
:106EC0007B6803F108027B685A607B684FF0FF32F1
:106ED0009A607B6803F108027B68DA607B6803F1E3
:106EE00008027B681A617B6800221A6000BF0C37B9
:106EF000BD4680BC704780B483B000AF78607B68CB
:106F000000221A6100BF0C37BD4680BC704780B4B8
:106F100085B000AF786039607B685B68FB603B6878
:106F2000FA685A60FB689A683B689A60FB689B68DD
:106F30003A685A60FB683A689A603B687A681A61F6
:106F40007B681B685A1C7B681A6000BF1437BD46FB
:106F500080BC704780B485B000AF786039603B6812
:106F60001B68BB60BB68B3F1FF3F03D17B681B6943
:106F7000FB600CE07B680833FB6002E0FB685B6849
:106F8000FB60FB685B681B68BA689A42F6D2FB68D4
:106F90005A683B685A603B685B683A689A603B682D
:106FA000FA689A60FB683A685A603B687A681A61C6
:106FB0007B681B685A1C7B681A6000BF1437BD468B
:106FC00080BC704780B485B000AF78607B681B6977
:106FD000FB607B685B687A6892689A607B689B68F4
:106FE0007A6852685A60FB685B687A689A4203D193
:106FF0007B689A68FB685A607B6800221A61FB68AC
:107000001B685A1EFB681A60FB681B681846143719
:10701000BD4680BC7047000080B584B000AF78608A
:1070200039607B68FB60FB68002B0BD14FF050038D
:1070300083F31188BFF36F8FBFF34F8FBB6000BF27
:1070400000BFFDE702F05AF8FB681A68FB68DB6BCB
:10705000F968096C01FB03F31A44FB689A60FB684A
:1070600000229A63FB681A68FB685A60FB681A681A
:10707000FB68DB6B013BF968096C01FB03F31A4405
:10708000FB68DA60FB68FF2283F84420FB68FF227C
:1070900083F845203B68002B14D1FB681B69002B4B
:1070A0001AD0FB681033184601F04CFB0346002B46
:1070B00012D00D4B4FF080521A60BFF34F8FBFF3C9
:1070C0006F8F09E0FB6810331846FFF7F5FEFB6889
:1070D00024331846FFF7F0FE02F040F8012318466B
:1070E0001037BD4680BD00BF04ED00E080B58EB016
:1070F00002AFF860B9607A603B60FB68002B0BD18F
:107100004FF0500383F31188BFF36F8FBFF34F8F9E
:10711000BB6200BF00BFFDE73B68002B0BD14FF007
:10712000500383F31188BFF36F8FBFF34F8F7B62E0
:1071300000BF00BFFDE77B68002B02D0BB68002BBF
:1071400001D0012300E00023002B0BD14FF05003AE
:1071500083F31188BFF36F8FBFF34F8F3B6200BF84
:1071600000BFFDE77B68002B02D1BB68002B01D17B
:10717000012300E00023002B0BD14FF0500383F3D9
:107180001188BFF36F8FBFF34F8FFB6100BF00BF4C
:10719000FDE748237B617B69482B0BD04FF0500300
:1071A00083F31188BFF36F8FBFF34F8FBB6100BFB5
:1071B00000BFFDE77B693B68FB62FB6A002B0DD0DB
:1071C000FB6A012283F8462097F83820FB6A009377
:1071D00013467A68B968F86800F040F8FB6A184608
:1071E0003037BD4680BD80B58AB002AFF860B96067
:1071F0001346FB71FB68002B0BD14FF0500383F358
:107200001188BFF36F8FBFF34F8F3B6100BF00BF8B
:10721000FDE7FB68BA6802FB03F3FB61FB694833D7
:10722000184602F06DF8B861BB69002B11D0BB693C
:107230007B617B6948337B61BB69002283F8462010
:10724000FA79BB69009313467A69B968F86800F067
:1072500005F8BB6918462037BD4680BD80B584B0AF
:1072600000AFF860B9607A60FB70BB68002B03D197
:10727000BB69BA691A6002E0BB697A681A60BB69C7
:10728000FA68DA63BB69BA681A640121B869FFF762
:10729000C3FE00BF1037BD4680BD80B582B000AFD1
:1072A00078607B68002B0ED07B6800229A607B6838
:1072B00000221A607B680022DA600023002200218D
:1072C000786800F037F800BF0837BD4680BD80B54C
:1072D00086B000AF0346FB7101237B6100233B6155
:1072E000FB791A4639697869FFF77DFFF860F8681D
:1072F000FFF7D3FFFB6818461837BD4680BD80B541
:1073000088B002AF03463960FB7101237B61002323
:107310003B61FB7900933B68002239697869FFF78C
:10732000E5FEF860F868FFF7B8FFFB681846183705
:10733000BD4680BD80B58EB000AFF860B9607A60A0
:107340003B6000237B63FB683B633B6B002B0BD1F3
:107350004FF0500383F31188BFF36F8FBFF34F8F4C
:10736000BB6200BF00BFFDE7BB68002B03D13B6BD6
:107370001B6C002B01D1012300E00023002B0BD15B
:107380004FF0500383F31188BFF36F8FBFF34F8F1C
:107390007B6200BF00BFFDE73B68022B03D13B6B64
:1073A000DB6B012B01D1012300E00023002B0BD16B
:1073B0004FF0500383F31188BFF36F8FBFF34F8FEC
:1073C0003B6200BF00BFFDE701F082FB0346002BDC
:1073D00002D17B68002B01D1012300E00023002BA8
:1073E0000BD14FF0500383F31188BFF36F8FBFF3BE
:1073F0004F8FFB6100BF00BFFDE701F07FFE3B6BDD
:107400009A6B3B6BDB6B9A4202D33B68022B29D110
:107410003A68B968386B00F048FCF8623B6B5B6A0D
:10742000002B10D03B6B2433184601F08BF9034638
:10743000002B13D03F4B4FF080521A60BFF34F8F99
:10744000BFF36F8F0AE0FB6A002B07D0394B4FF078
:1074500080521A60BFF34F8FBFF36F8F01F07EFE33
:10746000012363E07B68002B03D101F077FE00234A
:107470005CE07B6B002B06D107F11403184601F08A
:10748000C5F901237B6301F069FE00F06DFF01F097
:1074900035FE3B6B93F844305BB2B3F1FF3F03D151
:1074A0003B6B002283F844203B6B93F845305BB282
:1074B000B3F1FF3F03D13B6B002283F8452001F07D
:1074C0004DFE3A1D07F114031146184601F0B4F9B8
:1074D0000346002B24D1386B00F0DFFC0346002B61
:1074E00018D03B6B10337A681146184601F004F946
:1074F000386B00F06AFC00F045FF0346002B7FF478
:107500007CAF0C4B4FF080521A60BFF34F8FBFF32C
:107510006F8F72E7386B00F058FC00F033FF6CE7B8
:10752000386B00F052FC00F02DFF0023184638376E
:10753000BD4680BD04ED00E080B590B000AFF860BE
:10754000B9607A603B60FB68BB63BB6B002B0BD1FF
:107550004FF0500383F31188BFF36F8FBFF34F8F4A
:10756000BB6200BF00BFFDE7BB68002B03D1BB6B54
:107570001B6C002B01D1012300E00023002B0BD159
:107580004FF0500383F31188BFF36F8FBFF34F8F1A
:107590007B6200BF00BFFDE73B68022B03D1BB6BE2
:1075A000DB6B012B01D1012300E00023002B0BD169
:1075B0004FF0500383F31188BFF36F8FBFF34F8FEA
:1075C0003B6200BF00BFFDE701F05AFEEFF31182FE
:1075D0004FF0500383F31188BFF36F8FBFF34F8FCA
:1075E000FA61BB61FB697B63BB6B9A6BBB6BDB6B4B
:1075F0009A4202D33B68022B2FD1BB6B93F84530E4
:1076000087F83330BB6B9B6BFB623A68B968B86B29
:1076100000F04BFB97F93330B3F1FF3F12D1BB6B56
:107620005B6A002B16D0BB6B2433184601F08AF836
:107630000346002B0ED07B68002B0BD07B68012209
:107640001A6007E097F833300133DBB25AB2BB6BF4
:1076500083F845200123FB6301E00023FB637B6B80
:107660007B617B6983F3118800BFFB6B1846403751
:10767000BD4680BD80B58EB000AF786039607B6854
:107680003B633B6B002B0BD14FF0500383F311880E
:10769000BFF36F8FBFF34F8F3B6200BF00BFFDE7AB
:1076A0003B6B1B6C002B0BD04FF0500383F3118806
:1076B000BFF36F8FBFF34F8FFB6100BF00BFFDE7CC
:1076C0003B6B1B68002B03D13B6B9B68002B01D1EC
:1076D000012300E00023002B0BD14FF0500383F374
:1076E0001188BFF36F8FBFF34F8FBB6100BF00BF27
:1076F000FDE701F0C5FDEFF311824FF0500383F376
:107700001188BFF36F8FBFF34F8F7A613B617B6945
:10771000FB623B6B9B6BBB623B6BDB6BBA6A9A4257
:107720002BD23B6B93F8453087F82730BB6A5A1C45
:107730003B6B9A6397F92730B3F1FF3F12D13B6B54
:107740005B6A002B16D03B6B2433184600F0FAFF1F
:107750000346002B0ED03B68002B0BD03B68012268
:107760001A6007E097F827300133DBB25AB23B6B5F
:1077700083F8452001237B6301E000237B63FB6AE0
:10778000FB60FB6883F3118800BF7B6B18463837BA
:10779000BD4680BD80B58CB000AFF860B9607A603E
:1077A0000023FB62FB68BB62BB6A002B0BD14FF06E
:1077B000500383F31188BFF36F8FBFF34F8F3B628A
:1077C00000BF00BFFDE7BB68002B03D1BB6A1B6C89
:1077D000002B01D1012300E00023002B0BD14FF03F
:1077E000500383F31188BFF36F8FBFF34F8FFB619B
:1077F00000BF00BFFDE701F06BF90346002B02D18B
:107800007B68002B01D1012300E00023002B0BD16A
:107810004FF0500383F31188BFF36F8FBFF34F8F87
:10782000BB6100BF00BFFDE701F068FCBB6A9B6B5A
:107830007B627B6A002B1FD0B968B86A00F09FFAA0
:107840007B6A5A1EBB6A9A63BB6A1B69002B0FD006
:10785000BB6A1033184600F075FF0346002B07D0B3
:107860003C4B4FF080521A60BFF34F8FBFF36F8FC6
:1078700001F074FC012369E07B68002B03D101F067
:107880006DFC002362E0FB6A002B06D107F11003B8
:10789000184600F0BBFF0123FB6201F05FFC00F023
:1078A00063FD01F02BFCBB6A93F844305BB2B3F18B
:1078B000FF3F03D1BB6A002283F84420BB6A93F8E0
:1078C00045305BB2B3F1FF3F03D1BB6A002283F8BE
:1078D000452001F043FC3A1D07F1100311461846FC
:1078E00000F0AAFF0346002B23D1B86A00F0BFFACC
:1078F0000346002B17D0BB6A24337A68114618461A
:1079000000F0FAFEB86A00F060FA00F03BFD0346B2
:10791000002B89D10F4B4FF080521A60BFF34F8F6D
:10792000BFF36F8F80E7B86A00F04FFA00F02AFDCE
:107930007AE7B86A00F049FA00F024FDB86A00F06E
:1079400096FA0346002B3FF46FAF002318463037FA
:10795000BD4680BD04ED00E080B58EB000AF78601C
:10796000396000237B637B68FB6200233B63FB6A17
:10797000002B0BD14FF0500383F31188BFF36F8FAF
:10798000BFF34F8F3B6200BF00BFFDE7FB6A1B6C7C
:10799000002B0BD04FF0500383F31188BFF36F8F90
:1079A000BFF34F8FFB6100BF00BFFDE701F090F810
:1079B0000346002B02D13B68002B01D1012300E0DC
:1079C0000023002B0BD14FF0500383F31188BFF33A
:1079D0006F8FBFF34F8FBB6100BF00BFFDE701F0AA
:1079E0008DFBFB6A9B6BBB62BB6A002B24D0BB6A1E
:1079F0005A1EFB6A9A63FB6A1B68002B04D101F0D4
:107A000013FA0246FB6A9A60FB6A1B69002B0FD0CF
:107A1000FB6A1033184600F095FE0346002B07D092
:107A2000544B4FF080521A60BFF34F8FBFF36F8FEC
:107A300001F094FB012398E03B68002B12D13B6BD3
:107A4000002B0BD04FF0500383F31188BFF36F8FDF
:107A5000BFF34F8F7B6100BF00BFFDE701F07EFBEE
:107A6000002382E07B6B002B06D107F10C03184644
:107A700000F0CCFE01237B6301F070FB00F074FC8E
:107A800001F03CFBFB6A93F844305BB2B3F1FF3F7B
:107A900003D1FB6A002283F84420FB6A93F8453047
:107AA0005BB2B3F1FF3F03D1FB6A002283F84520AC
:107AB00001F054FB3A4607F10C031146184600F05A
:107AC000BBFE0346002B32D1F86A00F0D0F9034622
:107AD000002B26D0FB6A1B68002B09D101F00EFB9E
:107AE000FB6A9B68184601F011F8386301F036FB19
:107AF000FB6A24333A681146184600F0FDFDF86A27
:107B000000F063F900F03EFC0346002B7FF467AF02
:107B1000184B4FF080521A60BFF34F8FBFF36F8F37
:107B20005DE7F86A00F051F900F02CFC57E7F86ABD
:107B300000F04BF900F026FCF86A00F098F90346D3
:107B4000002B3FF44CAF3B6B002B0DD001F0D6FA6D
:107B5000F86A00F093F87862FB6A9B68796A1846C5
:107B600001F0D2F801F0FAFA002318463837BD4682
:107B700080BD00BF04ED00E080B58EB000AFF860BE
:107B8000B9607A60FB683B633B6B002B0BD14FF015
:107B9000500383F31188BFF36F8FBFF34F8F3B62A6
:107BA00000BF00BFFDE7BB68002B03D13B6B1B6C24
:107BB000002B01D1012300E00023002B0BD14FF05B
:107BC000500383F31188BFF36F8FBFF34F8FFB61B7
:107BD00000BF00BFFDE701F053FBEFF311824FF050
:107BE000500383F31188BFF36F8FBFF34F8FBA61D8
:107BF0007B61BB69FB623B6B9B6BBB62BB6A002B0F
:107C00002FD03B6B93F8443087F82730B968386B36
:107C100000F0B5F8BB6A5A1E3B6B9A6397F92730A0
:107C2000B3F1FF3F12D13B6B1B69002B16D03B6BAE
:107C30001033184600F086FD0346002B0ED07B68FB
:107C4000002B0BD07B6801221A6007E097F82730E1
:107C50000133DBB25AB23B6B83F8442001237B63D0
:107C600001E000237B63FB6A3B613B6983F311887E
:107C700000BF7B6B18463837BD4680BD80B485B0E9
:107C800000AF78607B685B6A002B06D07B681B6B5B
:107C90001B68C3F10703FB6001E00023FB60FB6886
:107CA00018461437BD4680BC704780B586B000AF1B
:107CB000F860B9607A6000237B61FB689B6B3B6175
:107CC000FB681B6C002B0DD1FB681B68002B4DD192
:107CD000FB689B68184600F08FFF7861FB68002204
:107CE0009A6043E07B68002B19D1FB685868FB68F9
:107CF0001B6C1A46B96801F07BFDFB685A68FB688B
:107D00001B6C1A44FB685A60FB685A68FB689B68E6
:107D10009A422BD3FB681A68FB685A6026E0FB681E
:107D2000D868FB681B6C1A46B96801F061FDFB68F6
:107D3000DA68FB681B6C5B421A44FB68DA60FB681C
:107D4000DA68FB681B689A4207D2FB689A68FB688E
:107D50001B6C5B421A44FB68DA607B68022B05D11E
:107D60003B69002B02D03B69013B3B613B695A1CDC
:107D7000FB689A637B6918461837BD4680BD80B59D
:107D800082B000AF786039607B681B6C002B18D024
:107D90007B68DA687B681B6C1A447B68DA607B68F6
:107DA000DA687B689B689A4203D37B681A687B68B1
:107DB000DA607B68D9687B681B6C1A46386801F00A
:107DC00017FD00BF0837BD4680BD80B584B000AF49
:107DD000786001F093F97B6893F84530FB7311E00C
:107DE0007B685B6A002B12D07B682433184600F056
:107DF000A9FC0346002B01D000F082FDFB7B013B78
:107E0000DBB2FB7397F90F30002BE9DC00E000BF19
:107E10007B68FF2283F8452001F0A0F901F06EF99C
:107E20007B6893F84430BB7311E07B681B69002BBF
:107E300012D07B681033184600F084FC0346002BF8
:107E400001D000F05DFDBB7B013BDBB2BB7397F95A
:107E50000E30002BE9DC00E000BF7B68FF2283F8D6
:107E6000442001F07BF900BF1037BD4680BD80B5CE
:107E700084B000AF786001F041F97B689B6B002B08
:107E800002D10123FB6001E00023FB6001F066F9F1
:107E9000FB6818461037BD4680BD80B584B000AF82
:107EA000786001F02BF97B689A6B7B68DB6B9A42F8
:107EB00002D10123FB6001E00023FB6001F04EF9D9
:107EC000FB6818461037BD4680BD80B58EB004AF44
:107ED000F860B9607A603B607B6B002B0BD14FF090
:107EE000500383F31188BFF36F8FBFF34F8F3B6253
:107EF00000BF00BFFDE7BB6B002B0BD14FF0500361
:107F000083F31188BFF36F8FBFF34F8FFB6100BF07
:107F100000BFFDE7A0233B613B69A02B0BD04FF0D6
:107F2000500383F31188BFF36F8FBFF34F8FBB6193
:107F300000BF00BFFDE73B69BB6B002B1ED07B6B16
:107F4000002B1BD0BB6B7B627B6A7A6B1A637B6AEC
:107F5000022283F89D20002303937B6A029307F19A
:107F6000140301933B6B00933B687A68B968F86827
:107F700000F050F8786A00F0EDF801E000237B6132
:107F80007B6918462837BD4680BD80B58CB004AFEC
:107F9000F860B9603B601346FB80FB889B00184685
:107FA00001F0AEF978617B69002B0ED0A02001F0C2
:107FB000A7F9F861FB69002B03D0FB697A691A63A2
:107FC00005E0786901F06AFA01E00023FB61FB69D2
:107FD000002B17D0FB69002283F89D20FA8800232C
:107FE0000393FB690293FB6A0193BB6A00933B68AE
:107FF000B968F86800F00EF8F86900F0ABF80123F2
:10800000BB6102E04FF0FF33BB61BB69184620370C
:10801000BD4680BD80B588B000AFF860B9607A60B9
:108020003B603B6B1A6B7B6803F18043013B9B0019
:108030001344BB61BB6923F00703BB61BB6903F059
:108040000703002B0BD04FF0500383F31188BFF3CD
:108050006F8FBFF34F8F7B6100BF00BFFDE7BB6831
:10806000002B1FD00023FB6112E0BA68FB691344A8
:1080700019783A6BFB69134434330A461A70BA68AC
:10808000FB6913441B78002B06D0FB690133FB61AD
:10809000FB690F2BE9D900E000BF3B6B002283F89E
:1080A000432003E03B6B002283F83420BB6A062B9D
:1080B00001D90623BB623B6BBA6ADA623B6BBA6AD0
:1080C0005A643B6B00229A643B6B04331846FEF7FC
:1080D00012FF3B6B18331846FEF70DFF3B6B3A6BF4
:1080E0001A61BB6AC3F107023B6B9A613B6B3A6B47
:1080F0005A623B6B0022C3F898203B6B002283F846
:108100009C203B6B4C334C220021184601F0E4FAD2
:108110003B6B0D4A1A653B6B0C4A5A653B6B0C4A2C
:108120009A653A68F968B86900F0F8FE02463B6B58
:108130001A60FB6A002B02D0FB6A3A6B1A6000BF20
:108140002037BD4680BD00BF482B0020B02B00204B
:10815000182C002080B582B000AF786000F0CEFF10
:108160002A4B1B680133294A1360294B1B68002BDB
:1081700009D1274A7B681360244B1B68012B10D15F
:1081800000F0E2FB0DE0234B1B68002B09D1204BD4
:108190001B68DA6A7B68DB6A9A4202D81C4A7B68F1
:1081A00013601D4B1B6801331B4A13607B68DB6A3D
:1081B00001229A40194B1B681343184A13607B68CD
:1081C000DA6A13469B0013449B00154A1A447B68E5
:1081D000043319461046FEF79AFE00F0BFFF0D4B20
:1081E0001B68002B0ED00A4B1B68DA6A7B68DB6ABF
:1081F0009A4207D20B4B4FF080521A60BFF34F8F59
:10820000BFF36F8F00BF0837BD4680BDF406002066
:10821000F40500200007002010070020FC060020C5
:10822000F805002004ED00E080B584B000AF786070
:108230000023FB607B68002B18D0144B1B68002BBD
:108240000BD04FF0500383F31188BFF36F8FBFF350
:108250004F8FBB6000BF00BFFDE700F085F8002135
:10826000786800F0F5FD00F08DF8F860FB68002BF1
:1082700007D1074B4FF080521A60BFF34F8FBFF307
:108280006F8F00BF1037BD4680BD00BF1C070020A8
:1082900004ED00E080B58AB004AF0023BB6000238A
:1082A0007B603A46391D07F108031846F9F772FA60
:1082B00039687B68BA680292019300230093002317
:1082C0000A4621492148FFF700FE0346204A136071
:1082D0001F4B1B68002B02D001237B6101E00023B0
:1082E0007B617B69012B1BD14FF0500383F3118815
:1082F000BFF36F8FBFF34F8F3B6100BF154B1B6800
:108300004C33154A1360154B4FF0FF321A60144B73
:1083100001221A60134B00221A6000F07DFE0FE06C
:108320007B69B3F1FF3F0BD14FF0500383F311880A
:10833000BFF36F8FBFF34F8FFB6000BF00BFFDE740
:1083400000BF1837BD4680BDBC99000819890008D8
:1083500018070020F4050020240000201407002046
:1083600000070020F806002080B400AF044B1B6813
:108370000133034A136000BFBD4680BC704700BF95
:108380001C07002080B584B000AF0023FB600023F1
:10839000BB60424B1B68002B0BD14FF0500383F3A3
:1083A0001188BFF36F8FBFF34F8F3B6000BF00BFDB
:1083B000FDE700F0A3FE394B1B68013B374A136011
:1083C000364B1B68002B61D1354B1B68002B5DD0F1
:1083D0002EE0344BDB68DB68FB60FB681833184623
:1083E000FEF7F0FDFB6804331846FEF7EBFDFB6873
:1083F000DB6A01229A402C4B1B6813432A4A136004
:10840000FB68DA6A13469B0013449B00274A1A4410
:10841000FB68043319461046FEF779FDFB68DA6AFB
:10842000234B1B68DB6A9A4202D3224B01221A605B
:108430001C4B1B68002BCCD1FB68002B01D000F03B
:1084400027FB1D4B1B687B607B68002B10D000F066
:1084500037F80346002B02D0164B01221A607B68C6
:10846000013B7B607B68002BF1D1134B00221A602B
:10847000104B1B68002B09D00123BB600F4B4FF042
:1084800080521A60BFF34F8FBFF36F8F00F066FE0C
:10849000BB6818461037BD4680BD00BF1C070020D2
:1084A000F4060020B4060020FC060020F805002099
:1084B000F4050020080700200407002004ED00E078
:1084C00080B586B000AF00237B614F4B1B68002B4B
:1084D00040F08F804D4B1B6801333B614B4A3B6939
:1084E00013603B69002B21D1494B1B681B68002B93
:1084F0000BD04FF0500383F31188BFF36F8FBFF39E
:108500004F8F3B6000BF00BFFDE7414B1B68FB6026
:10851000404B1B683E4A13603E4AFB6813603E4B6B
:108520001B6801333C4A136000F0B2FA3B4B1B68F6
:108530003A699A4248D3364B1B681B68002B04D11A
:10854000364B4FF0FF321A603EE0314B1B68DB6860
:10855000DB68BB60BB685B687B603A697B689A429A
:1085600003D22E4A7B6813602EE0BB6804331846A2
:10857000FEF728FDBB689B6A002B04D0BB6818334C
:108580001846FEF71FFDBB68DB6A01229A40244BA8
:108590001B681343224A1360BB68DA6A13469B00C8
:1085A00013449B001F4A1A44BB6804331946104603
:1085B000FEF7ADFCBB68DA6A1B4B1B68DB6A9A42AC
:1085C000B9D301237B61B6E7174B1B68DA6A1549FB
:1085D00013469B0013449B000B441B68012B01D9DD
:1085E00001237B61114B1B68002B07D001237B61AA
:1085F00004E00F4B1B6801330D4A13607B6918467A
:108600001837BD4680BD00BF1C070020F8060020BB
:10861000AC060020B00600200C0700201407002044
:10862000FC060020F8050020F405002008070020C3
:108630000407002080B487B000AF294B1B68002BD3
:1086400003D0284B01221A6045E0264B00221A6015
:10865000254B1B68FB60FB68B3FA83F3FB72FB7A64
:10866000C3F11F037B6121497A6913469B001344C0
:108670009B000B441B68002B0BD14FF0500383F37E
:108680001188BFF36F8FBFF34F8F7B6000BF00BFB8
:10869000FDE77A6913469B0013449B00134A134479
:1086A0003B613B695B685A683B695A603B695A6841
:1086B0003B6908339A4204D13B695B685A683B695D
:1086C0005A603B695B68DB68094A1360084B1B68AA
:1086D0004C33084A136000BF1C37BD4680BC70474E
:1086E0001C07002008070020FC060020F8050020D9
:1086F000F40500202400002080B584B000AF78602D
:1087000039607B68002B0BD14FF0500383F3118845
:10871000BFF36F8FBFF34F8FFB6000BF00BFFDE75C
:10872000074B1B68183319467868FEF713FC0121C4
:10873000386800F08DFB00BF1037BD4680BD00BF1C
:10874000F405002080B586B000AF78607B68DB68F8
:10875000DB683B613B69002B0BD14FF0500383F387
:108760001188BFF36F8FBFF34F8FFB6000BF00BF57
:10877000FDE73B6918331846FEF724FC1D4B1B68C8
:10878000002B1CD13B6904331846FEF71BFC3B69E8
:10879000DB6A01229A40184B1B681343164A136088
:1087A0003B69DA6A13469B0013449B00134A1A4440
:1087B0003B69043319461046FEF7A9FB05E03B6907
:1087C000183319460E48FEF7A2FB3B69DA6A0D4BD7
:1087D0001B68DB6A9A4205D901237B610A4B01229F
:1087E0001A6001E000237B617B6918461837BD469B
:1087F00080BD00BF1C070020FC060020F8050020FB
:10880000B4060020F40500200807002080B483B0DF
:1088100000AF7860064B1A687B681A60054B1A68CF
:108820007B685A6000BF0C37BD4680BC704700BFF4
:108830000C070020F806002080B588B000AF7860F3
:1088400039607B68002B0BD14FF0500383F3118804
:10885000BFF36F8FBFF34F8F3B6100BF00BFFDE7DA
:108860003B68002B0BD14FF0500383F31188BFF30B
:108870006F8FBFF34F8FFB6000BF00BFFDE700F0BD
:108880003DFC1D4B1B68BB617B685B68BA69D31AF2
:108890007B613B681B68B3F1FF3F02D10023FB61A2
:1088A00023E07B681A68154B1B689A4207D07B68E7
:1088B0005B68BA699A4202D30123FB6115E03B6809
:1088C0001B687A699A420BD23B681A687B69D21A94
:1088D0003B681A607868FFF799FF0023FB6104E0AA
:1088E0003B6800221A600123FB6100F037FCFB6942
:1088F00018462037BD4680BDF80600200C07002032
:1089000080B400AF034B01221A6000BFBD4680BC9B
:10891000704700BF0807002080B582B000AF7860C4
:1089200000F052F8064B1B68012BF9D9054B4FF0AC
:1089300080521A60BFF34F8FBFF36F8FF0E700BF15
:10894000F805002004ED00E080B582B000AF002300
:108950007B600CE07A6813469B0013449B00124A2C
:1089600013441846FEF7A8FA7B6801337B607B68E6
:10897000062BEFD90D48FEF79FFA0D48FEF79CFA3B
:108980000C48FEF799FA0C48FEF796FA0B48FEF7EA
:1089900093FA0B4B054A1A600A4B054A1A6000BF4E
:1089A0000837BD4680BD00BFF805002084060020C2
:1089B00098060020B4060020C8060020E00600202B
:1089C000AC060020B006002080B582B000AF19E0F0
:1089D00000F094FB104BDB68DB687B607B68043342
:1089E0001846FEF7EFFA0D4B1B68013B0B4A13606C
:1089F0000B4B1B68013B0A4A136000F0AFFB786821
:108A000000F010F8064B1B68002BE1D100BF00BF3F
:108A10000837BD4680BD00BFC8060020F406002010
:108A2000DC06002080B584B000AF78607B684C33F2
:108A3000184600F059FE7B6893F89D30002B08D152
:108A40007B681B6B184600F029FD786800F026FD56
:108A500019E07B6893F89D30012B03D1786800F012
:108A60001DFD10E07B6893F89D30022B0BD04FF07A
:108A7000500383F31188BFF36F8FBFF34F8FFB60F9
:108A800000BF00BFFDE700BF1037BD4680BD00003E
:108A900080B483B000AF0C4B1B681B68002B04D163
:108AA0000A4B4FF0FF321A6008E0074B1B68DB6887
:108AB000DB687B607B685B68044A136000BF0C372F
:108AC000BD4680BC704700BFAC06002014070020E4
:108AD00080B483B000AF0B4B1B68002B02D1012385
:108AE0007B6008E0084B1B68002B02D102237B60EF
:108AF00001E000237B607B6818460C37BD4680BCD4
:108B0000704700BF000700201C07002080B584B01C
:108B100000AF78607B68BB600023FB607B68002B44
:108B20005ED0BB68DA6A314B1B68DB6A9A424ED270
:108B3000BB689B69002B06DB2C4B1B68DB6AC3F10F
:108B40000702BB689A61BB685969BB68DA6A134659
:108B50009B0013449B00264A134499422FD1BB68C3
:108B600004331846FEF72EFA0346002B0AD1BB68E1
:108B7000DB6A012202FA03F3DA431E4B1B6813403F
:108B80001C4A1360194B1B68DA6ABB68DA62BB685F
:108B9000DB6A01229A40174B1B681343154A136086
:108BA000BB68DA6A13469B0013449B00104A1A44C0
:108BB000BB68043319461046FEF7A9F904E00B4BD5
:108BC0001B68DA6ABB68DA620123FB6008E0BB68F5
:108BD0005A6C064B1B68DB6A9A4201D20123FB6088
:108BE000FB6818461037BD4680BD00BFF405002065
:108BF000F8050020FC06002080B586B000AF786044
:108C00007B683B6100237B617B68002B70D03B4B12
:108C10001B683A699A420BD04FF0500383F31188D6
:108C2000BFF36F8FBFF34F8FFB6000BF00BFFDE747
:108C30003B699B6C002B0BD14FF0500383F31188E1
:108C4000BFF36F8FBFF34F8FBB6000BF00BFFDE767
:108C50003B699B6C5A1E3B699A643B69DA6A3B69C3
:108C60005B6C9A4244D03B699B6C002B40D13B69C2
:108C700004331846FEF7A6F90346002B15D13B69CD
:108C8000DA6A1F4913469B0013449B000B441B6880
:108C9000002B0AD13B69DB6A012202FA03F3DA43B3
:108CA000184B1B681340174A13603B695A6C3B69A9
:108CB000DA623B69DB6AC3F107023B699A613B698F
:108CC000DB6A01229A400F4B1B6813430D4A136065
:108CD0003B69DA6A13469B0013449B00084A1A4416
:108CE0003B69043319461046FEF711F901237B61F5
:108CF0007B6918461837BD4680BD00BFF4050020CB
:108D0000F8050020FC06002080B588B000AF786030
:108D100039607B68BB6101237B617B68002B79D064
:108D2000BB699B6C002B0BD14FF0500383F3118870
:108D3000BFF36F8FBFF34F8FFB6000BF00BFFDE736
:108D4000BB695B6C3A689A4202D93B68FB6102E0FE
:108D5000BB695B6CFB61BB69DB6AFA699A4259D0FB
:108D6000BB699B6C7A699A4254D12C4B1B68BA69D7
:108D70009A420BD14FF0500383F31188BFF36F8FEA
:108D8000BFF34F8FBB6000BF00BFFDE7BB69DB6A6D
:108D90003B61BB69FA69DA62BB699B69002B04DB42
:108DA000FB69C3F10702BB699A61BB6959693A69FA
:108DB00013469B0013449B00194A1344994229D13E
:108DC000BB6904331846FEF7FDF80346002B0AD1B1
:108DD000BB69DB6A012202FA03F3DA43114B1B6819
:108DE0001340104A1360BB69DB6A01229A400D4BA5
:108DF0001B6813430B4A1360BB69DA6A13469B0076
:108E000013449B00064A1A44BB69043319461046B2
:108E1000FEF77DF800BF2037BD4680BDF405002079
:108E2000F8050020FC06002080B400AF074B1B684B
:108E3000002B04D0054B1B689A6C01329A64034BDB
:108E40001B681846BD4680BC704700BFF405002073
:108E500080B584B000AF78603960294B1B68FB6037
:108E6000284B1B6804331846FEF7ACF80346002B6A
:108E70000BD1244B1B68DB6A012202FA03F3DA43AD
:108E8000214B1B681340204A13607B68B3F1FF3FFE
:108E90000AD13B68002B07D01A4B1B6804331946D4
:108EA0001A48FEF734F826E0FA687B681344BB6082
:108EB000144B1B68BA685A60BA68FB689A4209D2B8
:108EC000134B1A680F4B1B68043319461046FEF704
:108ED00041F810E00F4B1A680A4B1B68043319461F
:108EE0001046FEF737F80C4B1B68BA689A4202D25C
:108EF000094ABB68136000BF1037BD4680BD00BF84
:108F0000F8060020F4050020FC060020E006002002
:108F1000B0060020AC0600201407002080B485B005
:108F200000AFF860B9607A60FB68043BFB60FB68E7
:108F30004FF080721A60FB68043BFB60BB6823F053
:108F40000102FB681A60FB68043BFB60084AFB688F
:108F50001A60FB68143BFB607A68FB681A60FB6868
:108F6000203BFB60FB6818461437BD4680BC704749
:108F7000758F000880B485B000AF00237B60124B72
:108F80001B68B3F1FF3F0BD04FF0500383F3118800
:108F9000BFF36F8FBFF34F8FFB6000BF00BFFDE7D4
:108FA0004FF0500383F31188BFF36F8FBFF34F8FE0
:108FB000BB6000BF00BF7B68002BFCD000BF00BFC0
:108FC0001437BD4680BC7047200000200000000020
:108FD000074B19680868B0E8F00F80F30988BFF301
:108FE0006F8F4FF0000080F311884EF00D0E704728
:108FF000F405002000BF00BF06480068006880F349
:10900000088862B661B6BFF34F8FBFF36F8F00DF82
:1090100000BF00BF08ED00E080B584B000AF324B68
:10902000FB60FB681B78DBB27B60FB68FF221A7079
:10903000FB681B78DBB2FB70FB78DBB203F05003FC
:10904000DAB22A4B1A702A4B07221A6009E0284B21
:109050001B68013B264A1360FB78DBB25B00DBB286
:10906000FB70FB78DBB203F08003802BEFD0204B4A
:109070001B68C3F10703042B0BD04FF0500383F39D
:109080001188BFF36F8FBFF34F8FBB6000BF00BF6E
:10909000FDE7174B1B681B02154A1360144B1B6836
:1090A00003F4E063124A13607B68DAB2FB681A705B
:1090B000104B1B680F4A43F4700313600D4B1B6881
:1090C0000C4A43F07043136000F0B8F80A4B0022DA
:1090D0001A60FFF791FFFFF7ADFAFFF74BFF002390
:1090E00018461037BD4680BD00E400E02007002090
:1090F0002407002020ED00E02000002080B483B091
:1091000000AF4FF0500383F31188BFF36F8FBFF3AD
:109110004F8F7B6000BF0F4B1B6801330D4A1360FC
:109120000C4B1B68012B10D10B4B1B68DBB2002BC7
:109130000BD04FF0500383F31188BFF36F8FBFF351
:109140004F8F3B6000BF00BFFDE700BF0C37BD463F
:1091500080BC70472000002004ED00E080B483B0A4
:1091600000AF124B1B68002B0BD14FF0500383F361
:109170001188BFF36F8FBFF34F8F7B6000BF00BFBD
:10918000FDE70A4B1B68013B084A1360074B1B684D
:10919000002B05D100233B603B6883F3118800BF9F
:1091A00000BF0C37BD4680BC704700BF20000020C8
:1091B000EFF30980BFF36F8F0D4B1A6820E9F00FB2
:1091C00010602DE908404FF0500080F31188FFF740
:1091D00031FA4FF0000080F31188BDE808401968AB
:1091E0000868B0E8F00F80F30988BFF36F8F70470D
:1091F000F405002000BF00BF80B582B000AF4FF083
:10920000500383F31188BFF36F8FBFF34F8F7B60E1
:1092100000BFFFF755F90346002B03D0064B4FF074
:1092200080521A6000233B603B6883F3118800BFC3
:1092300000BF0837BD4680BD04ED00E080B400AF3C
:109240000A4B00221A600A4B00221A60094B1B6865
:10925000094AA2FB03239B09084A013B1360034B05
:1092600007221A6000BFBD4680BC704710E000E0D6
:1092700018E000E014000020D34D621014E000E07C
:1092800080B485B000AFEFF30583FB60FB680F2B64
:1092900015D9174AFB6813441B78FB72154B1B78D2
:1092A000FA7A9A420BD24FF0500383F31188BFF33E
:1092B0006F8FBFF34F8F7B6000BF00BFFDE70E4B8A
:1092C0001B6803F4E0620D4B1B689A420BD94FF008
:1092D000500383F31188BFF36F8FBFF34F8F3B6051
:1092E00000BF00BFFDE700BF1437BD4680BC70471C
:1092F000F0E300E0200700200CED00E02407002050
:1093000080B58AB000AF78600023FB61FFF72CF8CE
:109310005C4B1B68002B01D100F024F95A4B1A68F2
:109320007B681340002B40F095807B68002B1ED09B
:1093300008227B6813447B607B6803F00703002BE3
:1093400015D07B6823F0070308337B607B6803F04C
:109350000703002B0BD04FF0500383F31188BFF3AA
:109360006F8FBFF34F8F7B6100BF00BFFDE77B684E
:10937000002B6FD0454B1B687A689A426AD8444BE1
:109380003B62434B1B687B6204E07B6A3B627B6A07
:109390001B687B627B6A5B687A689A4203D97B6A46
:1093A0001B68002BF1D1374B1B687A6A9A4251D067
:1093B0003B6A1B6808221344FB617B6A1A683B6A9C
:1093C0001A607B6A5A687B68D21A08235B009A424B
:1093D00020D97A6A7B681344BB61BB6903F0070339
:1093E000002B0BD04FF0500383F31188BFF36F8F26
:1093F000BFF34F8F3B6100BF00BFFDE77B6A5A6838
:109400007B68D21ABB695A607B6A7A685A60B8690D
:1094100000F00AF91D4B1A687B6A5B68D31A1B4A75
:1094200013601A4B1A681B4B1B689A4203D2174BE6
:109430001B68184A13607B6A5A68134B1B681A43EF
:109440007B6A5A607B6A00221A60134B1B680133E7
:10945000114A1360FEF796FFFB6903F00703002B28
:109460000BD04FF0500383F31188BFF36F8FBFF31E
:109470004F8FFB6000BF00BFFDE7FB691846283730
:10948000BD4680BD302B0020442B0020342B002013
:10949000282B0020382B00203C2B002080B586B0E4
:1094A00000AF78607B687B617B68002B4FD008231E
:1094B0005B427A6913447B617B693B613B695A6813
:1094C000254B1B681340002B0BD14FF0500383F347
:1094D0001188BFF36F8FBFF34F8FFB6000BF00BFDA
:1094E000FDE73B691B68002B0BD04FF0500383F363
:1094F0001188BFF36F8FBFF34F8FBB6000BF00BFFA
:10950000FDE73B695A68144B1B681340002B1ED0C3
:109510003B691B68002B1AD13B695A680E4B1B68CC
:10952000DB431A403B695A60FEF71EFF3B695A68ED
:109530000A4B1B681344094A1360386900F074F839
:10954000074B1B680133064A1360FEF71BFF00BF81
:109550001837BD4680BD00BF442B0020342B0020AF
:10956000402B002080B485B000AF4FF41053BB6097
:10957000274BFB60FB6803F00703002B0CD0FB6854
:109580000733FB60FB6823F00703FB60BA68FB68E6
:10959000D31A1F4A1344BB60FB687B601D4A7B687B
:1095A00013601C4B00225A607B68BA681344FB604E
:1095B0000822FB689B1AFB60FB6823F00703FB6033
:1095C000FB68154A1360144B1B6800225A60124B4B
:1095D0001B6800221A607B683B603B68FA68D21AFD
:1095E0003B685A600C4B1A683B681A603B685B68C2
:1095F0000A4A13603B685B68094A1360094B4FF0E5
:1096000000421A6000BF1437BD4680BC704700BFDF
:1096100028070020282B0020302B0020382B00208A
:10962000342B0020442B002080B485B000AF78603C
:10963000274BFB6002E0FB681B68FB60FB681B6854
:109640007A689A42F7D8FB68BB60FB685B68BA68C7
:1096500013447A689A4208D1FB685A687B685B6851
:109660001A44FB685A60FB687B607B68BB607B6860
:109670005B68BA681A44FB681B689A4218D1FB6899
:109680001A68144B1B689A420DD07B685A68FB68B5
:109690001B685B681A447B685A60FB681B681A6821
:1096A0007B681A6008E00B4B1A687B681A6003E05D
:1096B000FB681A687B681A60FA687B689A4202D075
:1096C000FB687A681A6000BF1437BD4680BC7047DB
:1096D000282B0020302B002003460244934200D167
:1096E000704703F8011BF9E72D4B70B51B68044662
:1096F000834253D0C3691BB3DB6863B10025E369C0
:10970000DB685959B1B90435802DF8D1E369204699
:10971000D96800F07BF8E369196811B1204600F0C0
:1097200075F8E3699D685DB1294620462D6800F013
:109730006DF8F8E70E68204600F068F83146E1E77A
:10974000616911B1204600F061F8E16911B120466C
:1097500000F05CF8216B11B1204600F057F8616B06
:1097600011B1204600F052F8A16B11B1204600F073
:109770004DF8A16C11B1204600F048F8616C11B1B0
:10978000204600F043F8E16A11B1204600F03EF8AF
:10979000236A1BB12046BDE87040184770BD00BF6A
:1097A0002400002070B500260C4D0D4C641BA41045
:1097B000A64209D100F07EF800260A4D0A4C641B2F
:1097C000A410A64205D170BD55F8043B9847013658
:1097D000EEE755F8043B98470136F2E7009A000897
:1097E000009A0008009A0008049A00087047704721
:1097F0000A44914200F1FF3300D1704710B511F8CF
:10980000014B914203F8014FF9D110BD38B505461F
:10981000002940D051F8043C0C1F002BB8BFE418BD
:1098200000F03CF81C4A136833B9636014602846A2
:10983000BDE8384000F038B8A34208D920682118A4
:109840008B4201BF19685B6809182160EDE71A4671
:109850005B680BB1A342FAD911685018A0420BD132
:1098600020680144501883421160E0D118685B6899
:10987000084410605360DAE702D90C232B60D6E766
:10988000206821188B4201BF19685B6809182160A4
:1098900063605460CBE738BD842C00200148FFF79B
:1098A000A5BF00BF802C00200148FFF7A0BF00BF6C
:1098B000802C0020F8B500BFF8BC08BC9E4670475D
:0C98C000F8B500BFF8BC08BC9E4670471D
:1098CC0064656661756C745461736B00CC980008A8
:1098DC0065190008FDFF000000000000800000007A
:1098EC000000000000000000456E76696F55617243
:1098FC0074000000F49800087519000801000000BD
:10990C0000000000800000000000000000000000CB
:10991C0052656164496E707574735461736B0000A9
:10992C001C9900085D1B0008FFFF000000000000F0
:10993C008000000000000000000000004C65657213
:10994C0041444300489900080D1C00080000000029
:10995C0000000000000100000000000000000000FA
:10996C004C656572424D5032383000006C990008DD
:10997C00851C0008FEFF0000000000000001000034
:10998C0000000000000000004C6565725541525407
:10999C000000000094990008091D00080200000056
:1099AC00000000008001000000000000000000002A
:1099BC0049444C450000000000000000000000007D
:1099CC000000000000000000010203040607080963
:1099DC000000000001020304020304050607080945
:0C99EC000A0B0C0D0E0F10100102000001
:0899F800F46CFF7F0100000088
:049A00003501000824
:049A04001101000844
:109A0800010000000201A201AA01A2070F01010042
:109A18000000000000127A001000000001000000A1
:109A2800AAAAAAAA2800002000000000482B0020AB
:109A3800B02B0020182C00200000000000000000BF
:109A4800000000000000000000000000000000000E
:109A580000000000000000000000000000000000FE
:109A680000000000000000000000000000000000EE
:049A780000000000EA
:04000005080028A91E
:00000001FF
