:020000040800F2
:1000000000500020012C00088125000889250008E7
:100010009125000899250008A1250008000000008E
:100020000000000000000000000000003193000804
:10003000A925000800000000119500085995000846
:10004000492C0008492C0008492C0008492C0008BC
:10005000492C0008492C0008492C0008492C0008AC
:10006000492C0008492C0008492C0008B525000837
:10007000492C0008C9250008492C0008492C000813
:10008000492C0008492C0008492C0008492C00087C
:10009000492C0008492C0008492C0008492C00086C
:1000A000492C0008DD250008492C0008492C0008CF
:1000B000F1250008492C00082D260008492C0008CD
:1000C000492C0008492C0008492C0008492C00083C
:1000D000492C000841260008492C00085526000834
:1000E000492C0008492C0008492C00080000000099
:1000F0000000000000000000000000000000000000
:0C01000000000000000000005FF808F1A3
:1001100010B5054C237833B9044B13B10448AFF341
:1001200000800123237010BD740000200000000037
:10013000149C000808B5034B1BB103490348AFF3F7
:10014000008008BD0000000078000020149C00081A
:1001500080F0004002E000BF81F0004142001FBF7C
:100160005FEA410392EA030F7FEA226C7FEA236C85
:100170006AD04FEA1262D2EB1363C1BFD21841407A
:1001800048404140B8BF5B42192B88BF704710F010
:10019000004F40F4000020F07F4018BF404211F0B3
:1001A000004F41F4000121F07F4118BF494292EA1B
:1001B000030F3FD0A2F1010241FA03FC10EB0C0047
:1001C000C3F1200301FA03F100F0004302D54942D4
:1001D00060EB4000B0F5000F13D3B0F1807F06D381
:1001E00040084FEA310102F10102FE2A51D2B1F179
:1001F000004F40EBC25008BF20F0010040EA03006E
:100200007047490040EB0000013A28BFB0F5000FED
:10021000EDD2B0FA80FCACF1080CB2EB0C0200FAA3
:100220000CF0AABF00EBC25052421843BCBFD040F2
:100230001843704792F0000F81F4000106BF80F46C
:1002400000000132013BB5E74FEA41037FEA226C2F
:1002500018BF7FEA236C21D092EA030F04D092F0FA
:10026000000F08BF0846704790EA010F1CBF00202E
:10027000704712F07F4F04D1400028BF40F000408B
:10028000704712F100723CBF00F50000704700F0AB
:10029000004343F0FE4040F4000070477FEA2262D2
:1002A00016BF08467FEA23630146420206BF5FEAA3
:1002B000412390EA010F40F4800070474FF00003A3
:1002C00004E000BF10F0004348BF40425FEA000C6A
:1002D00008BF704743F0964301464FF000001CE012
:1002E00050EA010208BF70474FF000030AE000BF68
:1002F00050EA010208BF704711F0004302D54042A6
:1003000061EB41015FEA010C02BF84460146002017
:1003100043F0B64308BFA3F18053A3F50003BCFA32
:100320008CF2083AA3EBC25310DB01FA02FC6344DF
:1003300000FA02FCC2F12002BCF1004F20FA02F2E6
:1003400043EB020008BF20F00100704702F12002D9
:1003500001FA02FCC2F1200250EA4C0021FA02F23A
:1003600043EB020008BF20EADC7070474FF0FF0C3F
:100370001CEAD0521EBF1CEAD15392EA0C0F93EA3A
:100380000C0F6FD01A4480EA010C400218BF5FEADC
:1003900041211ED04FF0006343EA501043EA51114F
:1003A000A0FB01310CF00040B1F5000F3EBF490049
:1003B00041EAD3715B0040EA010062F17F02FD2A4D
:1003C0001DD8B3F1004F40EBC25008BF20F0010030
:1003D000704790F0000F0CF0004C08BF49024CEA47
:1003E000502040EA51207F3AC2BFD2F1FF0340EAD9
:1003F000C250704740F400004FF00003013A5DDC4A
:1004000012F1190FDCBF00F000407047C2F100028A
:10041000410021FA02F1C2F1200200FA02FC5FEA77
:10042000310040F1000053EA4C0308BF20EADC70C1
:10043000704792F0000F00F0004C02BF400010F433
:10044000000F013AF9D040EA0C0093F0000F01F0E0
:10045000004C02BF490011F4000F013BF9D041EA02
:100460000C018FE70CEAD15392EA0C0F18BF93EA04
:100470000C0F0AD030F0004C18BF31F0004CD8D12E
:1004800080EA010000F00040704790F0000F17BFB5
:1004900090F0004F084691F0000F91F0004F14D0FB
:1004A00092EA0C0F01D142020FD193EA0C0F03D153
:1004B0004B0218BF084608D180EA010000F0004056
:1004C00040F0FE4040F40000704740F0FE4040F431
:1004D000400070474FF0FF0C1CEAD0521EBF1CEAD0
:1004E000D15392EA0C0F93EA0C0F69D0A2EB0302EE
:1004F00080EA010C49024FEA402037D04FF0805388
:1005000043EA111143EA10130CF000408B4238BF4C
:100510005B0042F17D024FF4000C8B4224BF5B1A5A
:1005200040EA0C00B3EB510F24BFA3EB510340EAA8
:100530005C00B3EB910F24BFA3EB910340EA9C0056
:10054000B3EBD10F24BFA3EBD10340EADC001B01C6
:1005500018BF5FEA1C1CE0D1FD2A3FF650AF8B426A
:1005600040EBC25008BF20F0010070470CF0004C77
:100570004CEA50207F32C2BFD2F1FF0340EAC250A2
:10058000704740F400004FF00003013A37E792F063
:10059000000F00F0004C02BF400010F4000F013AC1
:1005A000F9D040EA0C0093F0000F01F0004C02BFBC
:1005B000490011F4000F013BF9D041EA0C0195E725
:1005C0000CEAD15392EA0C0F08D142027FF47DAFBE
:1005D00093EA0C0F7FF470AF084676E793EA0C0FAE
:1005E00004D14B023FF44CAF08466EE730F0004CAC
:1005F00018BF31F0004CCAD130F000427FF45CAF3C
:1006000031F000437FF43CAF5FE700BF42000ED201
:10061000B2F1FE4F0BD34FF09E03B3EB126209D43D
:100620004FEA002343F0004323FA02F070474FF0F3
:100630000000704712F1610F01D1420202D14FF068
:10064000FF3070474FF00000704700BF7BB972B9B0
:100650000029BEBF00204FF0004106E008BF00287F
:100660001CBF6FF000414FF0FF3000F0BFB9ADF19B
:10067000080C6DE904CE002909DB002B1ADB00F021
:1006800035F8DDF804E0DDE9022304B070474042AC
:1006900061EB4101002B1BDB00F028F8DDF804E0E2
:1006A000DDE9022304B0404261EB4101524263EBB9
:1006B00043037047524263EB430300F017F8DDF841
:1006C00004E0DDE9022304B0404261EB41017047E0
:1006D000524263EB430300F009F8DDF804E0DDE982
:1006E000022304B0524263EB430370472DE9F04705
:1006F000089D8E4604468846002B4AD18A421746FA
:1007000062D9B2FA82F64EB1C6F1200301FA06F8B8
:1007100020FA03F3B74043EA0808B4404FEA174E03
:10072000B8FBFEF11FFA87FC0EFB118801FB0CF2EF
:10073000230C43EA08439A4209D9FB1801F1FF3020
:1007400080F0EB809A4240F2E88002393B449A1AEA
:10075000B2FBFEF00EFB102200FB0CFCA3B243EA3E
:1007600002439C4509D9FB1800F1FF3280F0D78085
:100770009C4540F2D4803B44023840EA01400021CD
:10078000A3EB0C031DB10022F340C5E90032BDE824
:10079000F0878B4205D90DB1C5E90001002108465B
:1007A000F5E7B3FA83F1002946D1734502D38242BB
:1007B00000F20881841A6EEB030201209046002D9E
:1007C000E5D0C5E90048E2E7002A00F09180B2FADE
:1007D00082F6002E40F0A5808A1A0121030C4FEA10
:1007E000174E80B2BCB2B2FBFEFC0EFB1C2243EAE9
:1007F000024304FB0CF29A4207D9FB180CF1FF38B4
:1008000002D29A4200F2E380C4469B1AB3FBFEF286
:100810000EFB123302FB04F440EA03439C4207D967
:10082000FB1802F1FF3002D29C4200F2CD8002465A
:100830001B1B42EA0C40A5E7C1F120068B4022FABF
:1008400006F71F432EFA06FA4FEA1749BAFBF9F8E2
:100850000EFA01FE20FA06F309FB18AA1FFA87FC1C
:1008600043EA0E0300FA01FE08FB0CF01C0C44EAFC
:100870000A44A04202FA01F20AD93C1908F1FF3AEF
:1008800080F09E80A04240F29B80A8F102083C4488
:10089000241A98B2B4FBF9F309FB134403FB0CFCD4
:1008A00040EA0444A44509D93C1903F1FF3080F023
:1008B0008580A44540F28280023B3C4443EA0840E4
:1008C000A4EB0C04A0FB028C64454346E14664D3D0
:1008D00061D05DB1BEEB030264EB090404FA06F6D5
:1008E00022FA01F31E43CC40C5E9006400214EE723
:1008F000B1FBF2FC010C41EA0E4180B240EA014238
:100900003B46B1FBF7F138463C46B846BE4620268A
:10091000A2EB080241EA0C4165E7014617E71046E1
:100920002BE7C6F120012EFA01FCB7400EFA06FEB5
:1009300020FA01F141EA0E014FEA174EBCFBFEF826
:10094000BCB20EFB18CC08FB04F90A0C42EA0C42BC
:10095000B04091454FEA104380B23ED9BA1808F131
:10096000FF3C01D291451FD8A2EB0902B2FBFEF970
:1009700009FB04F80EFB192A8AB242EA0A424245F0
:1009800029D2BA1809F1FF31C2D24245C0D2A9F129
:1009900002013A44BCE7C6459BD2B8EB02036CEBBC
:1009A000070C0138E14694E7A7EB09094A44B2FB7A
:1009B000FEF9A8F1020C09FB04F8DBE703467DE72A
:1009C000D04665E70846FAE63B44023A30E7ACF128
:1009D000020C3B4419E749469AE7A2EB0902B2FB35
:1009E000FEF9C44609FB04F8C4E700BF704700BF26
:1009F00080B584B000AF3B1D00221A605A609A6037
:100A0000274B284A1A60264B4FF480729A60244B79
:100A100001221A73224B00221A75214B4FF46022D7
:100A2000DA611F4B00225A601D4B03221A611C48D9
:100A300002F062F90346002B01D001F063FC0023B1
:100A40007B600123BB600723FB603B1D19461448F4
:100A500002F024FB0346002B01D001F053FC0123DC
:100A60007B600223BB603B1D19460D4802F016FB5C
:100A70000346002B01D001F045FC02237B600323D9
:100A8000BB603B1D1946064802F008FB0346002BDD
:100A900001D001F037FC00BF1037BD4680BD00BF5C
:100AA000900000200024014080B588B000AF78603D
:100AB00007F1100300221A605A609A60DA607B68BE
:100AC0001B68284A934249D1274B9B69264A43F425
:100AD00000739361244B9B6903F40073FB60FB6814
:100AE000214B9B69204A43F0040393611E4B9B6991
:100AF00003F00403BB60BB6807233B6103237B61F6
:100B000007F110031946194803F044F8184B194A25
:100B10001A60174B00225A60154B00229A60144B42
:100B20008022DA60124B4FF480721A61104B4FF43E
:100B300080625A610E4B20229A610D4B0022DA61CD
:100B40000B4802F085FD0346002B01D001F0DAFBD3
:100B50007B68074A1A62064A7B68536200BF2037E7
:100B6000BD4680BD00240140001002400008014045
:100B7000C00000200800024080B500AF044B1B6895
:100B8000044A11880022184603F09FF900BF80BD77
:100B9000080100200C01002080B500AF044B1B6849
:100BA000044A11880122184603F08FF900BF80BD66
:100BB000080100200C01002080B584B000AF03467E
:100BC0000A46FB711346BB71FB7903F07F03DBB26E
:100BD0003B73BB797B73FFF7CFFF084B186807F1B6
:100BE0000C016423022203F01BFF0346FB73FFF793
:100BF000D3FFFB7B18461037BD4680BD04010020A3
:100C000080B584B000AF03463960FB711346BB80EA
:100C1000FB7963F07F03DBB2FB71FFF7ADFF114B94
:100C20001868F91D6423012203F0FAFE0346FB73E2
:100C30000C4B1868BA886423396804F035F8034609
:100C4000BB73FFF7A9FFFB7B002B02D1BB7B002B03
:100C500001D0012300E00023DBB218461037BD4667
:100C600080BD00BF0401002080B586B000AF3B46C8
:100C7000182219468820FFF7C3FF0346002B01D036
:100C800000237AE07B781BB21B021AB23B781BB2BE
:100C900013431BB29AB23B4B1A80FB781BB21B0268
:100CA0001AB2BB781BB213431AB2364B5A807B7907
:100CB0001BB21B021AB23B791BB213431AB2314B5F
:100CC0009A80FB791BB21B021AB2BB791BB2134389
:100CD0001BB29AB22B4BDA807B7A1BB21B021AB280
:100CE0003B7A1BB213431AB2264B1A81FB7A1BB212
:100CF0001B021AB2BB7A1BB213431AB2214B5A81A0
:100D00007B7B1BB21B021AB23B7B1BB213431AB292
:100D10001C4B9A81FB7B1BB21B021AB2BB7B1BB222
:100D200013431AB2174BDA817B7C1BB21B021AB237
:100D30003B7C1BB213431AB2124B1A82FB7C1BB2D0
:100D40001B021AB2BB7C1BB213431AB20D4B5A8260
:100D50007B7D1BB21B021AB23B7D1BB213431AB23E
:100D6000084B9A82FB7D1BB21B021AB2BB7D1BB2E1
:100D700013431AB2034BDA82012318461837BD46D3
:100D800080BD00BF1001002080B586B000AFF860C4
:100D9000B9601346FB80264AFB681360254ABB688E
:100DA0001360254AFB881380FFF7F6FE642001F0EC
:100DB0007FFFB621E020FFF7FFFE0346002B01D0A6
:100DC000002330E0642001F073FF0023FB7507F17E
:100DD000170301221946D020FFF712FF0346002B0C
:100DE00002D1FB7D582B01D000231CE0FFF73CFF14
:100DF000034683F00103DBB2002B01D0002312E095
:100E00002721F420FFF7D8FE0346002B01D0002352
:100E100009E00021F520FFF7CFFE0346002B01D0AB
:100E2000002300E0012318461837BD4680BD00BFEF
:100E300004010020080100200C01002080B586B0CC
:100E400000AF3B1D03221946FA20FFF7D9FE0346E7
:100E5000002B01D0234B40E03B791A037B791B0127
:100E60001343BA791209D2B213437B617B69DA105A
:100E70001D4B1B885B00D31A1B4AB2F9022002FBF0
:100E800003F3DB123B617B691B11174A12889B1A23
:100E90007A69121114490988521A02FB03F31B13D1
:100EA000114AB2F9042002FB03F39B13FB603A6979
:100EB000FB6813440D4A13600C4B1A6813469B00E1
:100EC000134480331B121846FFF7FCF90346BB603E
:100ED0000749B868FFF7FEFA034618461837BD46BB
:100EE00080BD00BF00007AC410010020280100204E
:100EF0000000C8422DE9B04FCCB000AF07F58673B3
:100F000003221946F720FFF77BFE0346002B01D092
:100F1000B14BB5E297F80C311A0397F80D311B016C
:100F20001A4397F80E311B09DBB21343C7F82C3173
:100F3000AA4B1B68DA17C7F8C830C7F8CC20D7E926
:100F400032231146B1F5FA31B96443F1FF33FB6442
:100F5000D7E91223C7E94823D7F82421D7F820314D
:100F600003FB02F1D7F82421D7F8203102FB03F369
:100F7000CA18D7F82031A3FB034553191D46984BD7
:100F8000B3F910301BB2DA17C7F8C030C7F8C42065
:100F9000D7E93001034603FB05F20B4604FB03F3DC
:100FA00013440246A4FB02894B449946C7E946898B
:100FB000C7E946898A4BB3F90E301BB2DA17C7F876
:100FC000B830C7F8BC20D7F82031D7E92E452A46DB
:100FD00002FB03F2D7F82431214601FB03F31A4444
:100FE000D7F820312146A3FB01AB02EB0B039B4654
:100FF0004FF000004FF000014FEA4B4141EADA3177
:101000004FEA4A40D7E9462314183C644B417B64BD
:10101000D7E91034C7E94634714BB3F90C301BB231
:10102000DA17C7F8B030C7F8B4204FF000004FF01F
:101030000001D7F8B030D9000020D7E946231418B2
:10104000BC634B41FB63D7E90E34C7E94634D7F89C
:101050002421D7F8203103FB02F1D7F82421D7F857
:10106000203102FB03F3CA18D7F82031A3FB033168
:10107000C7F80411C7F80031D7F80431D318C7F8FE
:101080000431574BB3F90A301BB2DA17C7F8A8304E
:10109000C7F8AC20D7E940342246D7E92A8941462F
:1010A00001FB02F24D4618462146034603FB05F3B9
:1010B000134402464146A2FB0121C7F8FC10C7F8C1
:1010C000F820D7F8FC201344C7F8FC304FF000009C
:1010D0004FF00001D7E93E452346180A2A4640EA68
:1010E00002602B4619123E4BB3F908301BB2DA17D7
:1010F000C7F8A030C7F8A420D7F82031D7E928894D
:101100004A4602FB03F2D7F82431444604FB03F3BA
:101110001A44D7F820314446A3FB0434C7F8F440FE
:10112000C7F8F030D7F8F430D318C7F8F4304FF0E0
:1011300000024FF00003D7E93C894C462303C44624
:1011400043EA1C534446220384183C6341EB0303E7
:101150007B63D7E90C34C7E94834D7E9482303F562
:101160000041C7F89C10C7F898201D4BDB889BB244
:101170000022C7F89030C7F89420D7E926342246D9
:10118000D7E92489414601FB02F24D461846214623
:10119000034603FB05F3134402464146A2FB01212B
:1011A000C7F8EC10C7F8E820D7F8EC201344C7F8CC
:1011B000EC304FF000024FF00003D7E93A452946E2
:1011C0004A102946CB17C7E94823D7E948231343D8
:1011D00008D14FF0000353E1000080BF2801002038
:1011E00010010020D7F82C31C3F58013DA17BB6249
:1011F000FA62D7E90A34C7E94434D7F810315B10F2
:10120000C7F88C30D7F81031DB07C7F88830D7E93A
:101210004623D7E922010446A41AC7F8804061EBAF
:101220000303C7F88430D7E9204522462B4691189E
:1012300039625B417B62D7E9082321465118B961C5
:1012400029464B41FB614FF000024FF00003D7E904
:10125000068949468B01414643EA916341468A012A
:10126000414689183961494643EB010179614FF0E4
:1012700000024FF00003D7E9048949468B00C446B9
:1012800043EA9C7341468A001046194603462246AB
:101290009B18BB600B462A4642EB0303FB604FF0F2
:1012A00000024FF00003D7E9028949468B00C4468B
:1012B00043EA9C7341468A0010461946034622467B
:1012C0009B18BB672B460A4642EB0303FB67D7E933
:1012D0004823D7E91E01FFF7B9F902460B46C7E9D3
:1012E00044236A4BB3F916301BB2DA173B677A67AF
:1012F000D7E944234FF000004FF00001500B40EAC3
:10130000C3405913D7E91C452B4600FB03F2234683
:1013100003FB01F313442246A2FB0021C7F8E410AB
:10132000C7F8E020D7F8E4201344C7F8E430D7E941
:1013300044234FF000004FF00001500B40EAC3403F
:101340005913D7E938452B4600FB03F2234603FB2C
:1013500001F313442246A2FB0021C7F8DC10C7F8B2
:10136000D820D7F8DC201344C7F8DC304FF0000257
:101370004FF00003D7E9364521464A0E204629465C
:101380000C4642EAC4124B16C7E948233F4BB3F957
:1013900014301BB2DA17BB66FA66D7F81031D7E9FA
:1013A0001A452A4602FB03F2D7F81431214601FB05
:1013B00003F31344D7F810212146A2FB0121C7F8FB
:1013C000D410C7F8D020D7F8D4201344C7F8D430AD
:1013D0004FF000024FF00003D7E934452146CA0C14
:1013E000204629460C4642EA4432CB14C7E946233C
:1013F000D7E94401D7E9482384183C6641EB03034D
:101400007B66D7E94623D7E9184521468918B9658F
:10141000294643EB0101F9654FF000004FF0000150
:10142000D7E916452346180A2A4640EA02602B46A9
:101430001912164BB3F912301BB2DA173B657A65F5
:101440004FF000024FF00003D7E914894C46230106
:10145000C44643EA1C734446220184183C6041EBB5
:1014600003037B60D7E90034C7E94434D7E944017A
:10147000FEF73EFF034606491846FFF72BF80346E2
:10148000184607F59877BD46BDE8B08F10010020DB
:101490000000C84680B584B000AF78600023BB6010
:1014A0007B681B68364A934222D1364B1B78002B4F
:1014B0001ED1354BFB60FB681B78022B07D1334BE9
:1014C000186807F108020023F96806F0E1F908221C
:1014D0002D492F4804F0E9FFBB68002B49D02D4B64
:1014E0004FF080521A60BFF34F8FBFF36F8F40E011
:1014F0007B681B68284A93423ED1224B1B78012B04
:101500003AD1264B00221A7000F08CF9244B1B783C
:10151000DBB2072B1CD8224B1B78DBB25A1CD1B292
:101520001F4A11701A461F4B1B78D9B21E4B995493
:101530001B4B1B78DBB2082B0AD1144B186807F140
:1015400008020023184906F0A3F9154B00221A706F
:1015500001221449154804F0A8FFBB68002B0AD0EB
:101560000C4B4FF080521A60BFF34F8FBFF36F8F59
:1015700001E000BF00E000BF1037BD4680BD00BFE6
:1015800000380140460100202C01002054010020B9
:101590009005002004ED00E000480040000000201D
:1015A00044010020450100203C010020D805002016
:1015B00080B588B000AF78607B681B68354A93427D
:1015C00048D17B681B681B68FB617B681B685B6894
:1015D000BB61FB69BB697B681B681B6803F0080380
:1015E000082B0AD100237B617B681B681B687B6129
:1015F0007B681B685B687B617B697B681B681B6819
:1016000003F00203022B0AD100233B617B681B68B5
:101610001B683B617B681B685B683B613B697B685F
:101620001B681B6803F00103012B0AD10023FB6038
:101630007B681B681B68FB607B681B685B68FB60E2
:10164000FB68154B00221A7001221449144804F05B
:101650002CFF1BE07B681B68124A934216D17B6803
:101660001B681B6803F00803082B0AD10023BB602A
:101670007B681B681B68BB607B681B685B68BB6022
:10168000BB6808220849094804F00FFF00BF203753
:10169000BD4680BD004800404401002045010020B7
:1016A000D8050020003801402C01002090050020C2
:1016B00080B485B000AF78600B46FB704FF6FF73C7
:1016C000FB8100237B7322E07B7B7A6813441B78C9
:1016D0001A46FB895340FB8100233B7311E0FB89D1
:1016E00003F00103002B06D0FB895B089AB20D4B77
:1016F0005340FB8102E0FB895B08FB813B7B0133AC
:101700003B733B7B072BEAD97B7B01337B737A7B73
:10171000FB789A42D8D3FB8918461437BD4680BC63
:10172000704700BF01A0FFFF80B58AB000AF7860AE
:10173000364B1B681A6A41F211131340002B0FD16C
:10174000324B1B681A6A40F244431340002B07D106
:101750002E4B1B681A682D4B1B6822F001021A6081
:101760002A4B1B6800225A6202F0AAFF786207F136
:10177000080207F10C031146184602F0C9FFBB69C5
:10178000002B02D07B6A5B007B627B6A03F57423CB
:1017900003F23F231E4AA2FB03239B0C3B623B6ADE
:1017A000002B02D03B6A013B3B62184B1B683A6A34
:1017B0009A627B68002B02D07B68013B00E000232B
:1017C000124A1268D3627B68002B02D07B68013B0F
:1017D00000E000230D4AD3600C4B1B686FF0010240
:1017E0001A610A4B1B68DA68084B1B6842F0010259
:1017F000DA60064B1B681A68044B1B6842F0010252
:101800001A6000BF2837BD4680BD00BF000500201C
:1018100083DE1B4380B400AF57231846BD4680BC0F
:101820007047000080B582B000AF0A4B00221A70EA
:10183000FFF7F0FF78607A681346DB009B1A5B08BD
:1018400001333B603868FFF76FFF00BF0837BD46C4
:1018500080BD00BF4701002080B400AF0B4B0122C8
:101860001A700B4B1B78DBB2002B07D0084B1B7890
:10187000DBB2072B02D8064B00221A70054B01225F
:101880001A7000BFBD4680BC704700BF47010020F2
:10189000440100200000002080B586B000AFF86051
:1018A0000B467A607B8101F0F9F9786111E001F073
:1018B000F5F902467B69D31A7A689A4201D203236A
:1018C0003CE0204B4FF080521A60BFF34F8FBFF3C4
:1018D0006F8F1D4B1B78DBB283F00103DBB2002B53
:1018E000E5D1194B00221A7001220221174802F09B
:1018F000ECFA01220121154802F0E7FA7A897B68A7
:10190000F968134804F046FD0346FB74FB7C002B8A
:1019100007D100BF0E4B1B681B6803F04003402B30
:10192000F8D100220221094802F0CFFA0022012159
:10193000064802F0CAFAFFF775FFFB7C1846183715
:10194000BD4680BD04ED00E000000020000C014019
:10195000D805002080B582B000AF104B5B690F4AFC
:1019600043F0010353610D4B5B6903F001037B609E
:101970007B68002205210B2001F03FFE0B2001F0C7
:1019800058FE002205210D2001F037FE0D2001F048
:1019900050FE00BF0837BD4680BD00BF00100240AA
:1019A00080B485B000AFF860B9607A60FB68064A21
:1019B0001A60BB68054A1A607B6880221A6000BF03
:1019C0001437BD4680BC7047700100201002002013
:1019D000B0B5AEB000AF0023C7F8B0300023C7F8F1
:1019E000B43007F1B003184605F075FB03464E4AC4
:1019F00013604E4805F06FFB03464D4A1360002309
:101A0000C7F8A8300023C7F8AC3007F1A803184680
:101A100005F061FB0346474A13600022082140207D
:101A200005F08DFD0346444A1360434B1B68002BB1
:101A300005D100224FF40051404802F046FA404BD5
:101A400007F18C041D460FCD0FC495E8070084E80C
:101A5000070007F18C030021184605F0DCFA034665
:101A6000384A1360384B07F170041D460FCD0FC480
:101A700095E8070084E8070007F170030021184685
:101A800005F0C9FA0346314A1360314B07F154049B
:101A90001D460FCD0FC495E8070084E8070007F145
:101AA00054030021184605F0B6FA0346294A13608C
:101AB000294B07F138041D460FCD0FC495E80700E8
:101AC00084E8070007F138030021184605F0A3FA5F
:101AD0000346224A1360224B07F11C041D460FCD1A
:101AE0000FC495E8070084E8070007F11C030021F4
:101AF000184605F090FA03461A4A13601A4B3C4602
:101B00001D460FCD0FC495E8070084E807003B464B
:101B10000021184605F07FFA0346144A136000BFFF
:101B2000B837BD46B0BD00BF48010020249D000865
:101B30004C01002050010020540100200010014001
:101B4000389C000858010020609C00085C010020BF
:101B50008C9C000860010020B09C000864010020FB
:101B6000D89C000868010020009D00086C0100203E
:101B700080B582B000AF7860012005F098FAFBE7ED
:101B800080B588B000AF786001237B7701233B7775
:101B900007F10C0300221A605A609A601A7300233E
:101BA000BB773F4B1B684FF0FF31184605F0ACFA8E
:101BB0000023FB770AE0FA7FFB7F3A498A5C2033F7
:101BC0003B4403F8142CFB7F0133FB77FB7F0A2B8C
:101BD000F1D907F10C030B211846FFF769FD034605
:101BE0007B837B8BDBB2FB757B8B1B0A9BB2DBB2EF
:101BF0003B762B4B1B68184605F0D4FA2A4B1B6822
:101C00004FF0FF31184605F07FFA284B1B78002B68
:101C100015D10023BB770EE007F10C0164230D22E0
:101C2000234804F0B7FB03467B777B7F002B27D04C
:101C3000BB7F0133BB77BB7F092BEDD923E01D4B65
:101C40001B686FF040021A600023BB7714E007F1B5
:101C50000C0332220D211846FFF71EFE03463B7788
:101C60003B7F002B0ED0134B1B681B68114B1B686E
:101C70005B68BB7F0133BB77BB7F042BE7D902E0F6
:101C800000BF00E000BF01233B773B7F7B77064B23
:101C90001B68184605F086FAC82005F008FA80E7A8
:101CA0004C010020040000204801002046010020D3
:101CB00090050020D805002080B582B000AF786084
:101CC000264B1B684FF0FF31184605F01DFA244BD8
:101CD0000022DA710821234802F0E0F80346002BC5
:101CE0000CBF01230023DBB219461D4BDB795AB22E
:101CF0004BB213435BB2DAB2194BDA7110211948B7
:101D000002F0CCF80346002B01D1022100E00021B3
:101D1000134BDB795AB24BB213435BB2DAB2104BBE
:101D2000DA7140210F4802F0B9F80346002B01D1C7
:101D3000042100E000210A4BDB795AB24BB2134375
:101D40005BB2DAB2064BDA71044B1B68184605F039
:101D500029FAFA2005F0ABF9B2E700BF4C010020E8
:101D600004000020000C014080B584B000AF786012
:101D7000184B1B684FF0FF31184605F0C5F90023DA
:101D8000FB601AE0144AFB6832F813309AB2FB6821
:101D90005B000133D1B2114AD1540F4AFB6832F8CB
:101DA00013309BB21B0A9AB2FB6801335B00D1B2BD
:101DB0000A4AD154FB680133FB60FB68022BE1DD6A
:101DC000044B1B68184605F0EDF9322005F06FF959
:101DD000CEE700BF4C0100201004002004000020CA
:101DE00080B586B000AF78600023FB754FF4805259
:101DF00018491948FEF7C8FFFFF720F83861FFF7C8
:101E000079F8F860F868FEF701FC0346BB60134BF5
:101E10001B684FF0FF31184605F076F93869FEF778
:101E2000F5FB0346FB750E4AFB7D1372BB681B0A6C
:101E3000DAB20B4B5A72BB68DAB2094B9A72074B93
:101E40001B68184605F0AEF94FF47A7005F02FF9CB
:101E500000BFD1E7000C0140180400204C01002015
:101E60000400002080B586B000AF78603D4B1B6851
:101E700007F108014FF0FF32184605F037FE034620
:101E8000012B6AD1BB7B1AB2FB7B1BB21B021BB2BC
:101E900013431BB2FB8207F1080306211846FFF724
:101EA00007FC0346BB82FA8ABB8A9A424AD12E4B70
:101EB0001A4607F1080303CB106051602A4B3B61BF
:101EC0004FF40051294802F018F83B6901331B78A0
:101ED00003F00103DBB21A460821254801F0F5FFA3
:101EE0003B6901331B785B10DBB203F00103DBB20B
:101EF0001A4610211E4801F0E8FF3B6901331B78A8
:101F00009B10DBB203F00103DBB21A462021184814
:101F100001F0DBFF3B6902331B781A463B69033350
:101F20001B781B021A43134B1B685A633B6904332B
:101F30001B781A463B6905331B781B021A430D4B6D
:101F40001B689A63074B1B6807F1080100221846BB
:101F500005F0CCFD0346012B94D0012005F0A7F835
:101F600084E700BF5401002034010020001001402C
:101F7000000801404805002080B588B000AF07F197
:101F8000100300221A605A609A60DA604E4B9B6917
:101F90004D4A43F0100393614B4B9B6903F01003D0
:101FA000FB60FB68484B9B69474A43F02003936101
:101FB000454B9B6903F02003BB60BB68424B9B69A8
:101FC000414A43F0040393613F4B9B6903F00403D0
:101FD0007B607B683C4B9B693B4A43F00803936101
:101FE000394B9B6903F008033B603B6800224FF4C8
:101FF0000051364801F069FF00223821344801F0D1
:1020000064FF00220321334801F05FFF01224FF4F7
:102010008051304801F059FF4FF400533B610123D8
:102020007B610023BB610223FB6107F110031946AA
:10203000264801F0AFFD38233B6101237B6100237B
:10204000BB610123FB6107F110031946204801F031
:10205000A1FD03233B6101237B610023BB610123BD
:10206000FB6107F1100319461A4801F093FD4FF484
:1020700080533B6101237B610223BB610123FB6130
:1020800007F110031946134801F084FD4FF4805303
:102090003B6100237B610023BB6107F110031946FC
:1020A0000B4801F077FD58233B6100237B6101233E
:1020B000BB6107F110031946064801F06BFD00BF34
:1020C0002037BD4680BD00BF001002400010014017
:1020D00000080140000C014080B500AF00F0B6FDE3
:1020E00000F076F8FFF748FFFFF734FC00F066FCDD
:1020F00000F05CFB00F00EFBFEF77AFC00F008F944
:1021000000F086FC00F0B6FA4FF48051234801F04D
:10211000C5FE0346002B0ED1214B00221A70082267
:102120002049214804F0C1F901224FF400511F4811
:1021300001F0CBFE15E01A4B01221A701C4B002255
:102140001A7001221B491C4804F0AFF900224FF419
:102150000051164801F0B9FEFFF764FB174B00224F
:102160001A700021164803F065FA0421144803F0A0
:1021700061FA03221349144800F096FE002201215F
:10218000124801F0A2FE00220221104801F09DFE3B
:10219000FFF71EFC04F038FF00BFFDE70008014018
:1021A000460100202C010020900500200010014075
:1021B0004401002045010020D80500200000002037
:1021C000480500201004002090000020000C014071
:1021D00080B594B000AF07F12803282200211846EB
:1021E00007F02AFC07F1140300221A605A609A6073
:1021F000DA601A613B1D00221A605A609A60DA6048
:102200000123BB624FF48033FB6200233B63012355
:10221000BB6302237B644FF48033BB644FF4E01351
:10222000FB6407F12803184601F080FE0346002BEB
:1022300001D000F067F80F237B610223BB6100230C
:10224000FB614FF480633B6200237B6207F1140360
:102250000221184602F0ECF80346002B01D000F0F2
:1022600051F802237B604FF40043FB603B1D18468E
:1022700002F09CFA0346002B01D000F043F800BFA7
:102280005037BD4680BD000080B582B000AF786099
:102290007B681B681A4A934201D100F0EDFC7B6811
:1022A0001B68B3F1804F26D17B681B686FF0010279
:1022B0001A617B681B68DA687B681B6822F0010280
:1022C000DA607B681B681A6A41F211131340002B15
:1022D0000FD17B681B681A6A40F244431340002BFD
:1022E00007D17B681B681A687B681B6822F00102B3
:1022F0001A60FFF7B1FA00BF0837BD4680BD00BFC6
:102300000008004080B400AF72B600BF00BFFDE718
:1023100080B500AF174B184A1A60164B4FF4827203
:102320005A60144B00229A60124B0022DA60114B63
:1023300000221A610F4B00225A610E4B4FF40072BB
:102340009A610C4B1022DA610A4B00221A62094B87
:1023500000225A62074B00229A62064B0A22DA6276
:10236000044802F0D9FA0346002B01D0FFF7CAFF58
:1023700000BF80BD180400200038004080B588B040
:1023800000AF786007F1100300221A605A609A606B
:10239000DA607B681B681C4A934231D11B4BDB69B6
:1023A0001A4A43F48043D361184BDB6903F480433A
:1023B000FB60FB68154B9B69144A43F0080393616B
:1023C000124B9B6903F00803BB60BB684FF42043CA
:1023D0003B6102237B610323FB6107F11003194674
:1023E0000B4801F0D7FB4FF480433B6100237B6136
:1023F0000023BB6107F110031946054801F0CAFB31
:1024000000BF2037BD4680BD0038004000100240AC
:10241000000C014080B584B000AF184B9B69174A8F
:1024200043F001039361154B9B6903F00103BB600B
:10243000BB68124BDB69114A43F08053D3610F4BE9
:10244000DB6903F080537B607B6800220F216FF013
:10245000010001F0D2F80A4B5B68FB60FB6823F0D7
:10246000E063FB60FB6843F00073FB60044AFB68B9
:10247000536000BF1037BD4680BD00BF0010024052
:102480000000014080B58EB000AF78600023FB6291
:102490000023BB62002387F83330344BDB69334AB7
:1024A00043F00403D361314BDB6903F00403FB60A9
:1024B000FB6807F1100207F114031146184602F0F9
:1024C00027F93B6AFB62FB6A002B03D102F0F8F8A4
:1024D000786304E002F0F4F803465B007B637B6BF7
:1024E000234AA2FB03239B0C013BBB62214B224AE4
:1024F0001A60204B40F2E732DA601E4ABB6A536032
:102500001C4B00221A611B4B00229A60194B0022BF
:102510009A61184802F095FF034687F8333097F820
:102520003330002B1BD1134802F0DAFF034687F843
:10253000333097F83330002B11D11E2001F079F899
:102540007B680F2B08D8002279681E2001F055F80F
:102550000A4A7B68136002E0012387F8333097F85A
:10256000333018463837BD4680BD00BF00100240EA
:1025700083DE1B4370040020000800401800002088
:1025800080B400AF00BFFDE780B400AF00BFFDE73F
:1025900080B400AF00BFFDE780B400AF00BFFDE72F
:1025A00080B400AF00BFFDE780B400AF00BFBD4600
:1025B00080BC704780B500AF024801F0B7F900BF9A
:1025C00080BD00BFC000002080B500AF024801F010
:1025D000ADF900BF80BD00BF2006002080B500AF70
:1025E000024803F0C9F800BF80BD00BFB804002056
:1025F00080B500AF0C4B1B681B6903F00103012B76
:102600000DD1094B1B68DB6803F00103012B06D1D8
:10261000054B1B686FF001021A61FFF71DF90248B4
:1026200003F0AAF800BF80BD0005002080B500AF10
:10263000024803F0A1F800BF80BD00BF7004002075
:1026400080B500AF024803F055FF00BF80BD00BF5A
:102650009005002080B500AF024803F04BFF00BF9B
:1026600080BD00BFD805002080B400AF00BFBD46CC
:1026700080BC704780B586B000AF07F10803002228
:102680001A605A609A60DA603B4600221A605A600B
:102690001E4B1F4A1A601D4B47225A601B4B0022DB
:1026A0009A601A4B4FF6FF72DA60184B00221A61DB
:1026B000164B00225A61154B00229A61134802F012
:1026C000C0FE0346002B01D0FFF71CFE4FF48053E1
:1026D000BB6007F1080319460C4803F0FFF90346F5
:1026E000002B01D0FFF70EFE00233B6000237B6030
:1026F0003B461946054803F08DFD0346002B01D0EB
:10270000FFF700FE00BF1837BD4680BDB8040020AB
:10271000002C014080B586B000AF07F1080300220D
:102720001A605A609A60DA603B4600221A605A606A
:102730001D4B4FF080421A601B4B47225A601A4BC8
:1027400000229A60184B6322DA60174B00221A614C
:10275000154B00229A61144802F073FE0346002BC9
:1027600001D0FFF7CFFD4FF48053BB6007F10803A2
:1027700019460D4803F0B2F90346002B01D0FFF7CC
:10278000C1FD20233B6000237B603B461946064881
:1027900003F040FD0346002B01D0FFF7B3FD00BF5F
:1027A0001837BD4680BD00BF0005002080B58EB043
:1027B00000AF07F1280300221A605A609A60DA60BD
:1027C00007F1200300221A605A603B1D00221A60A4
:1027D0005A609A60DA601A615A619A61324B334AE0
:1027E0001A60314B02225A602F4B00229A602E4B06
:1027F00040F2FF32DA602C4B00221A612A4B802211
:102800009A61294802F01DFE0346002B01D0FFF714
:1028100079FD4FF48053BB6207F128031946224823
:1028200003F05CF90346002B01D0FFF76BFD1E4857
:1028300002F0A8FE0346002B01D0FFF763FD002342
:102840003B6200237B6207F120031946164803F020
:10285000E1FC0346002B01D0FFF754FD60237B60B1
:102860000023BB600023FB6000237B613B1D002233
:1028700019460D4803F070F80346002B01D0FFF70E
:1028800041FD3B1D04221946074803F065F8034645
:10289000002B01D0FFF736FD034800F05DF800BFC4
:1028A0003837BD4680BD00BF480500200004004009
:1028B00080B586B000AF78607B681B68234A93427E
:1028C00014D1234B9B69224A43F400639361204B4C
:1028D0009B6903F400637B617B6900220521192059
:1028E00000F08BFE192000F0A4FE2AE07B681B6834
:1028F000B3F1804F14D1164BDB69154A43F0010345
:10290000D361134BDB6903F001033B613B69002298
:1029100005211C2000F071FE1C2000F08AFE10E052
:102920007B681B680B4A93420BD1094BDB69084A51
:1029300043F00203D361064BDB6903F00203FB6043
:10294000FB6800BF1837BD4680BD00BF002C0140AA
:10295000001002400004004080B588B000AF7860ED
:1029600007F1100300221A605A609A60DA607B68EF
:102970001B680F4A934217D10E4B9B690D4A43F0D7
:10298000040393610B4B9B6903F00403FB60FB683A
:10299000C0233B6102237B610123FB6107F110032C
:1029A0001946054801F0F6F800BF2037BD4680BD46
:1029B00000040040001002400008014080B500AF54
:1029C000114B124A1A60104B4FF4E1325A600E4B11
:1029D00000229A600C4B0022DA600B4B00221A6135
:1029E000094B0C225A61084B00229A61064B0022C7
:1029F000DA61054803F07EFC0346002B01D0FFF7A7
:102A000081FC00BF80BD00BF900500200038014060
:102A100080B500AF114B124A1A60104B4FF4E132EF
:102A20005A600E4B00229A600C4B0022DA600B4B6E
:102A300000221A61094B0C225A61084B00229A614C
:102A4000064B0022DA61054803F054FC0346002BD4
:102A500001D0FFF757FC00BF80BD00BFD8050020A4
:102A60000048004080B58AB000AF786007F11803D5
:102A700000221A605A609A60DA607B681B68584AC4
:102A800093423AD1574B9B69564A43F48043936132
:102A9000544B9B6903F480437B617B69514B9B6979
:102AA000504A43F0040393614E4B9B6903F00403C7
:102AB0003B613B694FF40073BB610223FB6103235D
:102AC0007B6207F118031946474801F063F84FF499
:102AD0008063BB610023FB6100233B6207F11803A5
:102AE0001946414801F056F800220521252000F042
:102AF00084FD252000F09DFD6DE07B681B683B4A4E
:102B0000934268D1374BDB69364A43F48023D36163
:102B1000344BDB6903F48023FB60FB68314B9B691A
:102B2000304A43F0080393612E4B9B6903F008037E
:102B3000BB60BB684FF48063BB610223FB6103236E
:102B40007B6207F118031946294801F023F84FF476
:102B50000063BB610023FB6100233B6207F11803A4
:102B60001946234801F016F8224B234A1A60214BDC
:102B700000225A601F4B00229A601E4B8022DA60AE
:102B80001C4B00221A611B4B00225A61194B202258
:102B90009A61184B4FF40052DA61164800F058FD64
:102BA0000346002B01D0FFF7ADFB7B68114ADA63C7
:102BB000104A7B68536200220521272000F01DFD8A
:102BC000272000F036FD0D4B1B685A690B4B1B6824
:102BD00042F001025A6100BF2837BD4680BD00BFE8
:102BE0000038014000100240000801400048004049
:102BF000000C01402006002030000240D8050020D3
:102C0000FFF732FD0B480C490C4A002302E0D45870
:102C1000C4500433C4188C42F9D3094A094C002328
:102C200001E013600432A242FBD306F06BFFFFF712
:102C300053FA70470000002074000020689D0008CF
:102C400074000020FC2C0020FEE7000080B500AFDF
:102C5000084B1B68074A43F010031360032000F081
:102C6000C1FC0F20FFF70EFCFFF7D4FB0023184632
:102C700080BD00BF0020024080B400AF054B1B7830
:102C80001A46054B1B681344034A136000BFBD4638
:102C900080BC70471C0000206406002080B400AF98
:102CA000024B1B681846BD4680BC70476406002076
:102CB00080B584B000AF7860FFF7F0FFB8607B6844
:102CC000FB60FB68B3F1FF3F05D00A4B1B781A4647
:102CD000FB681344FB6000BFFFF7E0FF0246BB68E0
:102CE000D31AFA689A42F7D800BF00BF1037BD4622
:102CF00080BD00BF1C00002080B586B000AF7860AA
:102D00000023FB7500233B610023BB600023FB60B5
:102D10007B68002B01D10123BEE07B689B68002B00
:102D20007B689B6A002B09D17B680022DA627B6892
:102D3000002283F824207868FDF7B6FE786800F05A
:102D4000FFFA0346FB757B689B6A03F01003002BB8
:102D500040F09980FB7D002B40F095807B689B6A5A
:102D600023F4885323F0020343F002027B689A6243
:102D70007B685A687B68DB691A437B681B7B5B0056
:102D80001343BA681343BB607B689B68B3F5807FCD
:102D900003D07B689B68012B02D14FF4807300E065
:102DA00000233A6913433B617B681B7D012B19D1DA
:102DB0007B681B7B002B09D17B689B69013B5A0315
:102DC0003B69134343F400633B610BE07B689B6A00
:102DD00043F020027B689A627B68DB6A43F0010261
:102DE0007B68DA627B681B685B6823F469417B68F7
:102DF0001B683A690A435A607B681B689A68284BCB
:102E000013407A681268B9680B4393607B689B68CB
:102E1000B3F5807F03D07B689B68012B04D17B686E
:102E20001B69013B1B05FB607B681B68DB6A23F4A5
:102E300070017B681B68FA680A43DA627B681B686A
:102E40009A68184B1340BA689A420BD17B680022EB
:102E5000DA627B689B6A23F0030343F001027B681C
:102E60009A6218E07B689B6A23F0120343F0100219
:102E70007B689A627B68DB6A43F001027B68DA62F6
:102E80000123FB7507E07B689B6A43F010027B68B7
:102E90009A620123FB75FB7D18461837BD4680BD3D
:102EA000FDF7E1FFFE0E1FFF80B586B000AFF860B2
:102EB000B9607A600023FB75FB681B68644A934223
:102EC00004D0FB681B68634A934206D1604B5B6881
:102ED00003F47023002B40F0B380FB6893F8243098
:102EE000012B01D10223AEE0FB68012283F82420EC
:102EF000F86800F0CBF90346FB75FB7D002B40F032
:102F00009A80FB689B6A23F4706323F0010343F407
:102F10008072FB689A62FB681B684E4A934205D137
:102F20004B4B5B6803F47023002B15D1FB689B6A45
:102F300023F48012FB689A62FB681B685B6803F4E9
:102F40008063002B26D0FB689B6A23F4405343F434
:102F50008052FB689A621DE0FB689B6A43F4801212
:102F6000FB689A62FB681B68394A934204D0FB688D
:102F70001B68384A93420DD1354B5B6803F480637C
:102F8000002B07D0FB689B6A23F4405343F4805224
:102F9000FB689A62FB689B6A03F48053002B06D09F
:102FA000FB68DB6A23F00602FB68DA6202E0FB687A
:102FB0000022DA62FB68002283F82420FB681B6A87
:102FC000254A9A62FB681B6A244ADA62FB681B6A1C
:102FD000234A1A63FB681B686FF002021A60FB68E1
:102FE0001B689A68FB681B6842F480729A60FB68F1
:102FF000186AFB681B684C331946BA687B6800F096
:1030000081FBFB681B689B6803F46023B3F5602FAA
:1030100008D1FB681B689A68FB681B6842F4A00231
:103020009A600FE0FB681B689A68FB681B6842F4B3
:1030300080129A6006E0FB68002283F8242001E0F9
:103040000123FB75FB7D18461837BD4680BD00BFC8
:103050000024014000280140C33300083F34000829
:103060005B34000880B483B000AF786000BF0C37D9
:10307000BD4680BC704780B483B000AF786000BFAD
:103080000C37BD4680BC704780B483B000AF786019
:1030900000BF0C37BD4680BC7047000080B485B0CF
:1030A00000AF786039600023FB730023BB607B684E
:1030B00093F82430012B01D10223DCE07B6801224C
:1030C00083F824203B685B68062B1CD87B681B6850
:1030D000596B3B685A6813469B001344053B1F22FB
:1030E00002FA03F3DB4319403B6818683B685A68EF
:1030F00013469B001344053B00FA03F27B681B68F0
:103100000A435A633CE03B685B680C2B1CD87B6825
:103110001B68196B3B685A6813469B001344233B9A
:103120001F2202FA03F3DB4319403B6818683B682F
:103130005A6813469B001344233B00FA03F27B6852
:103140001B680A431A631BE07B681B68D96A3B68EB
:103150005A6813469B001344413B1F2202FA03F3B3
:10316000DB4319403B6818683B685A6813469B006C
:103170001344413B00FA03F27B681B680A43DA629E
:103180003B681B68092B1CD97B681B68D9683B68A6
:103190001A6813465B0013441E3B072202FA03F32E
:1031A000DB4319403B6898683B681A6813465B002C
:1031B00013441E3B00FA03F27B681B680A43DA6083
:1031C00019E07B681B6819693B681A6813465B0045
:1031D0001344072202FA03F3DB4319403B68986863
:1031E0003B681A6813465B00134400FA03F27B68DD
:1031F0001B680A431A613B681B68102B03D03B68AD
:103200001B68112B32D17B681B681D4A934225D164
:103210007B681B689B6803F40003002B26D17B6846
:103220001B689A687B681B6842F400029A603B68DE
:103230001B68102B1AD1134B1B68134AA2FB0323E4
:103240009A0C13469B0013445B00BB6002E0BB6812
:10325000013BBB60BB68002BF9D107E07B689B6A30
:1032600043F020027B689A620123FB737B68002293
:1032700083F82420FB7B18461437BD4680BC70477A
:10328000002401401400002083DE1B4380B584B07D
:1032900000AF78600023FB600023BB607B681B6885
:1032A0009B6803F00103012B40D07B681B689A6880
:1032B0007B681B6842F001029A601F4B1B681F4A23
:1032C000A2FB03239B0CBB6002E0BB68013BBB601D
:1032D000BB68002BF9D1FFF7E1FCF8601FE0FFF7B6
:1032E000DDFC0246FB68D31A022B18D97B681B68E9
:1032F0009B6803F00103012B11D07B689B6A43F0AC
:1033000010027B689A627B68DB6A43F001027B688B
:10331000DA627B68002283F82420012307E07B68BF
:103320001B689B6803F00103012BD8D100231846CA
:103330001037BD4680BD00BF1400002083DE1B4354
:1033400080B584B000AF78600023FB607B681B68A9
:103350009B6803F00103012B2ED17B681B689A68E0
:103360007B681B6822F001029A60FFF797FCF86007
:103370001BE0FFF793FC0246FB68D31A022B14D91B
:103380007B681B689B6803F00103012B0DD17B68F0
:103390009B6A43F010027B689A627B68DB6A43F0A9
:1033A00001027B68DA62012307E07B681B689B6887
:1033B00003F00103012BDCD0002318461037BD4673
:1033C00080BD80B584B000AF78607B685B6AFB60CD
:1033D000FB689B6A03F05003002B27D1FB689B6AB4
:1033E00043F40072FB689A62FB681B689B6803F4F5
:1033F0006023B3F5602F15D1FB681B7B002B11D127
:10340000FB689B6A23F48072FB689A62FB689B6A84
:1034100003F48053002B05D1FB689B6A43F0010243
:10342000FB689A62F868FFF71DFE04E0FB681B6A00
:103430001B6B7868984700BF1037BD4680BD80B5CC
:1034400084B000AF78607B685B6AFB60F868FFF768
:1034500012FE00BF1037BD4680BD80B584B000AFFE
:1034600078607B685B6AFB60FB689B6A43F04002A4
:10347000FB689A62FB68DB6A43F00402FB68DA626D
:10348000F868FFF701FE00BF1037BD4680BD0000A1
:1034900080B485B000AF78607B6803F00703FB6001
:1034A0000C4BDB68BB60BA684FF6FF031340BB6090
:1034B000FB681A02BB68134343F0BF6343F4003355
:1034C000BB60044ABB68D36000BF1437BD4680BCF4
:1034D000704700BF00ED00E080B400AF044BDB6834
:1034E0001B0A03F007031846BD4680BC704700BFA7
:1034F00000ED00E080B483B000AF0346FB7197F9A4
:103500000730002B0BDBFB7903F01F02064997F90C
:1035100007305B09012000FA02F241F8232000BFC6
:103520000C37BD4680BC704700E100E080B483B03A
:1035300000AF03463960FB7197F90730002B0ADBB7
:103540003B68DAB20C4997F907301201D2B20B444A
:1035500083F800230AE03B68DAB20849FB7903F0FC
:103560000F03043B1201D2B20B441A7600BF0C3792
:10357000BD4680BC704700BF00E100E000ED00E008
:1035800080B489B000AFF860B9607A60FB6803F07E
:103590000703FB61FB69C3F10703042B28BF042366
:1035A000BB61FB690433062B02D9FB69033B00E0D6
:1035B00000237B614FF0FF32BB6902FA03F3DA4369
:1035C000BB681A407B699A404FF0FF317B6901FA72
:1035D00003F3D9437B680B40134318462437BD4699
:1035E00080BC704780B582B000AF78607868FFF724
:1035F0004FFF00BF0837BD4680BD80B586B000AF25
:103600000346B9607A60FB7300237B61FFF764FFB8
:1036100078617A68B9687869FFF7B2FF024697F96E
:103620000F3011461846FFF781FF00BF1837BD461F
:1036300080BD80B582B000AF0346FB7197F90730BB
:103640001846FFF757FF00BF0837BD4680BD000092
:1036500080B485B000AF78600023FB607B68002BEE
:1036600001D1012343E07B681B681A46224B1344B7
:10367000224AA2FB03231B099A007B681A647B6819
:103680001F4ADA637B68022283F821207B681B686B
:103690001B68FB60FB6823F47F5323F03003FB605F
:1036A0007B685A687B689B681A437B68DB681A43AF
:1036B0007B681B691A437B685B691A437B689B695B
:1036C0001A437B68DB691343FA681343FB607B682A
:1036D0001B68FA681A607B6800229A637B68012283
:1036E00083F821207B68002283F8202000231846DD
:1036F0001437BD4680BC7047F8FFFDBFCDCCCCCCA5
:103700000000024080B586B000AFF860B9607A6012
:103710003B600023FB75FB6893F82030012B01D13F
:1037200002234BE0FB68012283F82020FB6893F81A
:103730002130DBB2012B3AD1FB68022283F8212031
:10374000FB6800229A63FB681B681A68FB681B68A9
:1037500022F001021A603B687A68B968F86800F0E4
:10376000EBF9FB68DB6A002B08D0FB681B681A6862
:10377000FB681B6842F00E021A600FE0FB681B68D2
:103780001A68FB681B6822F004021A60FB681B6859
:103790001A68FB681B6842F00A021A60FB681B6823
:1037A0001A68FB681B6842F001021A6005E0FB68BA
:1037B000002283F820200223FB75FB7D1846183772
:1037C000BD4680BD80B485B000AF78600023FB7338
:1037D0007B6893F82130DBB2022B08D07B6804228F
:1037E0009A637B68002283F82020012320E07B6815
:1037F0001B681A687B681B6822F00E021A607B68DF
:103800001B681A687B681B6822F001021A607B68DB
:103810001A6C7B68DB6B012101FA02F25A607B684B
:10382000012283F821207B68002283F82020FB7B83
:1038300018461437BD4680BC7047000080B584B080
:1038400000AF78600023FB737B6893F82130DBB214
:10385000022B05D07B6804229A630123FB7351E09D
:103860007B681B681A687B681B6822F00E021A606E
:103870007B681B681A687B681B6822F001021A606B
:103880007B681B68224A934229D07B681B68214AC7
:10389000934222D07B681B681F4A93421AD07B68F0
:1038A0001B681E4A934212D07B681B681C4A9342D5
:1038B0000AD07B681B681B4A934202D14FF48013E5
:1038C0000EE04FF080730BE04FF4803308E04FF4CC
:1038D000805305E04FF4807302E0102300E00123E1
:1038E000114A53607B68012283F821207B68002203
:1038F00083F820207B685B6B002B03D07B685B6BBD
:1039000078689847FB7B18461037BD4680BD00BFDE
:10391000080002401C000240300002404400024007
:10392000580002406C0002400000024080B584B0A4
:1039300000AF78607B68DB6B1B68FB607B681B6893
:103940001B68BB607B681B6C04229A40FB681340B9
:10395000002B4FD0BB6803F00403002B4AD07B68D8
:103960001B681B6803F02003002B07D17B681B68D2
:103970001A687B681B6822F004021A607B681B6867
:10398000664A934229D07B681B68654A934222D0DD
:103990007B681B68634A93421AD07B681B68624A43
:1039A000934212D07B681B68604A93420AD07B68BE
:1039B0001B685F4A934202D14FF480030EE04FF040
:1039C00080630BE04FF4802308E04FF4804305E070
:1039D0004FF4806302E0402300E00423554A536023
:1039E0007B68DB6A002B00F094807B68DB6A786878
:1039F00098478EE07B681B6C02229A40FB6813405C
:103A0000002B56D0BB6803F00203002B51D07B681B
:103A10001B681B6803F02003002B0BD17B681B681D
:103A20001A687B681B6822F00A021A607B68012210
:103A300083F821207B681B68384A934229D07B6831
:103A40001B68374A934222D07B681B68354A9342F1
:103A50001AD07B681B68344A934212D07B681B687B
:103A6000324A93420AD07B681B68314A934202D1A2
:103A70004FF400130EE04FF000730BE04FF40033EF
:103A800008E04FF4005305E04FF4007302E02023F8
:103A900000E00223274A53607B68002283F820203D
:103AA0007B689B6A002B34D07B689B6A7868984758
:103AB0002FE07B681B6C08229A40FB681340002BA8
:103AC00028D0BB6803F00803002B23D07B681B6859
:103AD0001A687B681B6822F00E021A607B681A6CF9
:103AE0007B68DB6B012101FA02F25A607B680122DC
:103AF0009A637B68012283F821207B68002283F887
:103B000020207B681B6B002B04D07B681B6B7868C4
:103B1000984700BF00BF1037BD4680BD0800024077
:103B20001C000240300002404400024058000240A5
:103B30006C0002400000024080B485B000AFF86025
:103B4000B9607A603B60FB681A6CFB68DB6B012133
:103B500001FA02F25A60FB681B683A685A60FB6817
:103B60005B68102B08D1FB681B687A689A60FB6859
:103B70001B68BA68DA6007E0FB681B68BA689A607D
:103B8000FB681B687A68DA6000BF1437BD4680BCEA
:103B90007047000080B48BB000AF786039600023BC
:103BA0007B6200233B6269E101227B6A02FA03F334
:103BB000FB613B681B68FA691340BB61BA69FB692A
:103BC0009A4240F058813B685B689A4A93425ED0C3
:103BD000984A934275D8984A934258D0964A93424D
:103BE0006FD8964A934252D0944A934269D8944AE5
:103BF00093424CD0924A934263D8924A934246D021
:103C0000904A93425DD8122B2AD8122B59D801A280
:103C100052F823F08F3C0008693C00087B3C000808
:103C2000BD3C0008C33C0008C33C0008C33C00087E
:103C3000C33C0008C33C0008C33C0008C33C000868
:103C4000C33C0008C33C0008C33C0008C33C000858
:103C5000C33C0008C33C0008713C0008853C0008D8
:103C6000794A934213D02CE03B68DB683B6229E041
:103C70003B68DB6804333B6224E03B68DB68083365
:103C80003B621FE03B68DB680C333B621AE03B6839
:103C90009B68002B02D104233B6213E03B689B68C6
:103CA000012B05D108233B627B68FA691A6109E0A0
:103CB00008233B627B68FA695A6103E000233B6298
:103CC00000E000BFBB69FF2B01D87B6801E07B6887
:103CD00004337B61BB69FF2B02D87B6A9B0002E047
:103CE0007B6A083B9B003B617B691A680F213B693B
:103CF00001FA03F3DB431A40396A3B6901FA03F323
:103D00001A437B691A603B685B6803F08053002BA1
:103D100000F0B1804D4B9B694C4A43F00103936125
:103D20004A4B9B6903F00103BB60BB68484A7B6A4E
:103D30009B08023352F82330FB607B6A03F00303D5
:103D40009B000F2202FA03F3DB43FA681340FB6087
:103D50007B68404A934213D07B683F4A93420DD020
:103D60007B683E4A934207D07B683D4A934201D12B
:103D7000032306E0042304E0022302E0012300E021
:103D800000237A6A02F0030292009340FA68134318
:103D9000FB602F497B6A9B080233FA6841F82320B5
:103DA0003B685B6803F48013002B06D02D4B9A68A8
:103DB0002C49BB6913438B6006E02A4B9A68BB69A8
:103DC000DB43284913408B603B685B6803F40013B6
:103DD000002B06D0234BDA682249BB691343CB6022
:103DE00006E0204BDA68BB69DB431E491340CB6019
:103DF0003B685B6803F40033002B06D0194B5A680C
:103E00001849BB6913434B6006E0164B5A68BB69FF
:103E1000DB43144913404B603B685B6803F4803319
:103E2000002B21D00F4B1A680E49BB6913430B605E
:103E300021E000BF0000321000003110000022100D
:103E400000002110000012100000111000100240AC
:103E50000000014000080140000C0140001001403A
:103E600000140140000401400B4B1A68BB69DB439E
:103E7000094913400B607B6A01337B623B681A6817
:103E80007B6A22FA03F3002B7FF48EAE00BF00BFE3
:103E90002C37BD4680BC70470004014080B485B01B
:103EA00000AF78600B467B807B689A687B88134004
:103EB000002B02D00123FB7301E00023FB73FB7B8B
:103EC00018461437BD4680BC704780B483B000AF3D
:103ED00078600B467B8013467B707B78002B03D089
:103EE0007A887B681A6103E07B881A047B681A6110
:103EF00000BF0C37BD4680BC704780B485B000AFB2
:103F000078600B467B807B68DB68FB607A88FB68A7
:103F100013401A04FB68D9437B880B401A437B6823
:103F20001A6100BF1437BD4680BC704780B586B0AB
:103F300000AF78607B68002B01D1012372E27B68BF
:103F40001B6803F00103002B00F08780924B5B6835
:103F500003F00C03042B0CD08F4B5B6803F00C03B5
:103F6000082B12D18C4B5B6803F48033B3F5803F90
:103F70000BD1894B1B6803F40033002B6CD07B689A
:103F80005B68002B68D101234CE27B685B68B3F56A
:103F9000803F06D1804B1B687F4A43F48033136017
:103FA0002EE07B685B68002B0CD17B4B1B687A4A48
:103FB00023F480331360784B1B68774A23F4802303
:103FC00013601DE07B685B68B3F5A02F0CD1724BCA
:103FD0001B68714A43F4802313606F4B1B686E4A61
:103FE00043F4803313600BE06B4B1B686A4A23F485
:103FF00080331360684B1B68674A23F48023136087
:104000007B685B68002B13D0FEF748FE386108E040
:10401000FEF744FE02463B69D31A642B01D9032301
:1040200000E25D4B1B6803F40033002BF0D014E07A
:10403000FEF734FE386108E0FEF730FE02463B69C9
:10404000D31A642B01D90323ECE1534B1B6803F40F
:104050000033002BF0D100E000BF7B681B6803F049
:104060000203002B63D04C4B5B6803F00C03002B66
:104070000BD0494B5B6803F00C03082B1CD1464B5B
:104080005B6803F48033002B16D1434B1B6803F0AD
:104090000203002B05D07B681B69012B01D0012393
:1040A000C0E13D4B1B6823F0F8027B685B69DB00D5
:1040B000394913430B603AE07B681B69002B20D021
:1040C000364B01221A60FEF7E9FD386108E0FEF781
:1040D000E5FD02463B69D31A022B01D90323A1E176
:1040E0002D4B1B6803F00203002BF0D02A4B1B68FA
:1040F00023F0F8027B685B69DB00274913430B6000
:1041000015E0264B00221A60FEF7C8FD386108E072
:10411000FEF7C4FD02463B69D31A022B01D90323E3
:1041200080E11D4B1B6803F00203002BF0D17B687C
:104130001B6803F00803002B3AD07B689B69002BB7
:1041400019D0174B01221A60FEF7A8FD386108E06C
:10415000FEF7A4FD02463B69D31A022B01D90323C3
:1041600060E10D4B5B6A03F00203002BF0D00120ED
:1041700000F0FEFA1CE00A4B00221A60FEF78EFDEA
:1041800038610FE0FEF78AFD02463B69D31A022B25
:1041900008D9032346E100BF00100240000042425C
:1041A00080044242924B5B6A03F00203002BE9D188
:1041B0007B681B6803F00403002B00F0A68000233B
:1041C000FB758B4BDB6903F08053002B0DD1884BC3
:1041D000DB69874A43F08053D361854BDB6903F089
:1041E0008053BB60BB680123FB75824B1B6803F4E3
:1041F0008073002B18D17F4B1B687E4A43F4807379
:104200001360FEF74BFD386108E0FEF747FD0246FC
:104210003B69D31A642B01D9032303E1754B1B6857
:1042200003F48073002BF0D07B68DB68012B06D190
:104230006F4B1B6A6E4A43F0010313622DE07B68EB
:10424000DB68002B0CD16A4B1B6A694A23F001031F
:104250001362674B1B6A664A23F0040313621CE077
:104260007B68DB68052B0CD1614B1B6A604A43F00D
:10427000040313625E4B1B6A5D4A43F00103136241
:104280000BE05B4B1B6A5A4A23F001031362584B45
:104290001B6A574A23F0040313627B68DB68002B18
:1042A00015D0FEF7FBFC38610AE0FEF7F7FC02468A
:1042B0003B69D31A41F28832934201D90323B1E01A
:1042C0004B4B1B6A03F00203002BEED014E0FEF709
:1042D000E5FC38610AE0FEF7E1FC02463B69D31ACF
:1042E00041F28832934201D903239BE0404B1B6A81
:1042F00003F00203002BEED1FB7D012B05D13C4BDB
:10430000DB693B4A23F08053D3617B68DB69002B78
:1043100000F08780364B5B6803F00C03082B61D0FC
:104320007B68DB69022B46D1334B00221A60FEF713
:10433000B5FC386108E0FEF7B1FC02463B69D31AD0
:10434000022B01D903236DE0294B1B6803F0007396
:10435000002BF0D17B681B6AB3F5803F08D1244B5A
:104360005B6823F400327B689B68214913434B60F0
:104370001F4B5B6823F474127B68196A7B685B6A65
:104380000B431B4913434B601B4B01221A60FEF782
:1043900085FC386108E0FEF781FC02463B69D31AD0
:1043A000022B01D903233DE0114B1B6803F000737E
:1043B000002BF0D035E0104B00221A60FEF76EFCA7
:1043C000386108E0FEF76AFC02463B69D31A022B0B
:1043D00001D9032326E0064B1B6803F00073002B72
:1043E000F0D11EE07B68DB69012B07D1012319E0C6
:1043F0000010024000700040600042420B4B5B68BE
:10440000FB60FB6803F480327B681B6A9A4206D12A
:10441000FB6803F470127B685B6A9A4201D0012347
:1044200000E0002318461837BD4680BD001002404A
:1044300080B584B000AF786039607B68002B01D113
:104440000123D0E06A4B1B6803F007033A689A42E5
:1044500010D9674B1B6823F0070265493B6813437B
:104460000B60634B1B6803F007033A689A4201D064
:104470000123B8E07B681B6803F00203002B20D007
:104480007B681B6803F00403002B05D0594B5B6865
:10449000584A43F4E06353607B681B6803F00803E9
:1044A000002B05D0534B5B68524A43F46053536072
:1044B000504B5B6823F0F0027B689B684D491343C7
:1044C0004B607B681B6803F00103002B40D07B68C6
:1044D0005B68012B07D1474B1B6803F40033002BAB
:1044E00015D101237FE07B685B68022B07D1414B2C
:1044F0001B6803F00073002B09D1012373E03D4BCF
:104500001B6803F00203002B01D101236BE0394B40
:104510005B6823F003027B685B68364913434B609A
:10452000FEF7BCFBF8600AE0FEF7B8FB0246FB684A
:10453000D31A41F28832934201D9032353E02D4B21
:104540005B6803F00C027B685B689B009A42EBD1CE
:10455000274B1B6803F007033A689A4210D2244B9A
:104560001B6823F0070222493B6813430B60204B72
:104570001B6803F007033A689A4201D0012332E036
:104580007B681B6803F00403002B08D0194B5B68A1
:1045900023F4E0627B68DB68164913434B607B6859
:1045A0001B6803F00803002B09D0124B5B6823F44F
:1045B00060527B681B69DB000E4913434B6000F0BF
:1045C00021F802460B4B5B681B0903F00F030A49F5
:1045D000CB5C22FA03F3094A1360094B1B681846A7
:1045E000FDF750FF002318461037BD4680BD00BFC1
:1045F00000200240001002402C9D00081400002002
:104600001800002080B487B000AF0023FB600023B7
:10461000BB6000237B6100237B6000233B611E4B5A
:104620005B68FB60FB6803F00C03042B02D0082BD3
:1046300003D027E0194B3B6127E0FB689B0C03F09C
:104640000F03174AD35C7B60FB6803F48033002BB5
:1046500010D0114B5B685B0C03F00103114AD35C73
:10466000BB607B680D4A03FB02F2BB68B2FBF3F34D
:104670007B6104E07B680C4A02FB03F37B617B698E
:104680003B6102E0054B3B6100BF3B6918461C37AC
:10469000BD4680BC704700BF0010024000127A0087
:1046A000449D0008549D000800093D0080B400AFFF
:1046B000024B1B681846BD4680BC704714000020A2
:1046C00080B500AFFFF7F2FF0246054B5B681B0A9F
:1046D00003F007030349CB5C22FA03F3184680BDBD
:1046E000001002403C9D000880B500AFFFF7DEFFE0
:1046F0000246054B5B68DB0A03F007030349CB5C0A
:1047000022FA03F3184680BD001002403C9D0008C9
:1047100080B483B000AF786039607B680F221A6084
:10472000114B5B6803F003027B685A600E4B5B68B9
:1047300003F0F0027B689A600B4B5B6803F4E06265
:104740007B68DA60084B5B68DB0803F4E0627B6837
:104750001A61064B1B6803F007023B681A6000BF32
:104760000C37BD4680BC704700100240002002405C
:1047700080B485B000AF78600A4B1B680A4AA2FB80
:1047800003235B0A7A6802FB03F3FB6000BFFB684C
:104790005A1EFA60002BF9D100BF00BF1437BD4686
:1047A00080BC704714000020D34D621080B586B0E5
:1047B00000AF786000233B610023FB607B681B68CF
:1047C00003F00103002B7DD00023FB754F4BDB6909
:1047D00003F08053002B0DD14C4BDB694B4A43F067
:1047E0008053D361494BDB6903F08053BB60BB68E6
:1047F0000123FB75464B1B6803F48073002B18D113
:10480000434B1B68424A43F480731360FEF746FA39
:10481000386108E0FEF742FA02463B69D31A642B7E
:1048200001D903236DE03A4B1B6803F48073002B1E
:10483000F0D0364B1B6A03F44073FB60FB68002B1F
:104840002ED07B685B6803F44073FA689A4227D0E5
:104850002E4B1B6A23F44073FB602E4B01221A601F
:104860002C4B00221A60294AFB681362FB6803F094
:104870000103002B14D0FEF711FA38610AE0FEF7AD
:104880000DFA02463B69D31A41F28832934201D9AC
:10489000032336E01D4B1B6A03F00203002BEED00E
:1048A0001A4B1B6A23F440727B685B6817491343F9
:1048B0000B62FB7D012B05D1144BDB69134A23F0FE
:1048C0008053D3617B681B6803F00203002B08D080
:1048D0000E4B5B6823F440427B689B680B49134393
:1048E0004B607B681B6803F01003002B08D0074B5C
:1048F0005B6823F480027B68DB68044913434B60E8
:10490000002318461837BD4680BD00BF0010024086
:10491000007000404004424280B582B000AF786031
:104920007B68002B01D1012376E07B685B6A002B5A
:1049300008D17B685B68B3F5827F09D07B68002271
:10494000DA6105E07B6800221A617B6800225A6107
:104950007B6800229A627B6893F85130DBB2002BAF
:1049600006D17B68002283F850207868FDF706FDA9
:104970007B68022283F851207B681B681A687B6879
:104980001B6822F040021A607B685B6803F4827245
:104990007B689B6803F404431A437B68DB6803F479
:1049A00000631A437B681B6903F002031A437B68A8
:1049B0005B6903F001031A437B689B6903F400738E
:1049C0001A437B68DB6903F038031A437B681B6A70
:1049D00003F0800342EA03017B689B6A03F4005200
:1049E0007B681B680A431A607B689B691A0C7B68AA
:1049F0001B6802F004025A607B681B68DA697B68F6
:104A00001B6822F40062DA617B6800225A657B68C9
:104A1000012283F85120002318460837BD4680BD87
:104A200080B588B000AFF860B9603B601346FB808A
:104A3000FEF734F9F861FB887B83FB6893F851300B
:104A4000DBB2012B01D002232AE1BB68002B02D08C
:104A5000FB88002B01D1012322E1FB6893F8503041
:104A6000012B01D102231BE1FB68012283F85020B6
:104A7000FB68032283F85120FB6800225A65FB681B
:104A8000BA681A63FB68FA889A86FB68FA88DA863D
:104A9000FB6800229A63FB6800229A87FB68002269
:104AA000DA87FB6800225A64FB6800221A64FB68FC
:104AB0009B68B3F5004F0FD1FB681B681A68FB6851
:104AC0001B6822F040021A60FB681B681A68FB68CA
:104AD0001B6842F480421A60FB681B681B6803F085
:104AE0004003402B07D0FB681B681A68FB681B68F3
:104AF00042F040021A60FB68DB68B3F5006F52D1E8
:104B0000FB685B68002B02D07B8B012B45D1FB68D7
:104B10001B6B1A88FB681B68DA60FB681B6B9A1CAE
:104B2000FB681A63FB68DB8E9BB2013B9AB2FB68A1
:104B3000DA8632E0FB681B689B6803F00203022BF5
:104B400012D1FB681B6B1A88FB681B68DA60FB6874
:104B50001B6B9A1CFB681A63FB68DB8E9BB2013BE4
:104B60009AB2FB68DA8618E0FEF798F80246FB690D
:104B7000D31A3A689A4203D83B68B3F1FF3F02D197
:104B80003B68002B09D1FB68012283F85120FB68A8
:104B9000002283F85020032382E0FB68DB8E9BB267
:104BA000002BC7D153E0FB685B68002B02D07B8BE6
:104BB000012B47D1FB681A6BFB681B680C3312781A
:104BC0001A70FB681B6B5A1CFB681A63FB68DB8E50
:104BD0009BB2013B9AB2FB68DA8633E0FB681B6844
:104BE0009B6803F00203022B13D1FB681A6BFB686E
:104BF0001B680C3312781A70FB681B6B5A1CFB681D
:104C00001A63FB68DB8E9BB2013B9AB2FB68DA86C3
:104C100018E0FEF743F80246FB69D31A3A689A4255
:104C200003D83B68B3F1FF3F02D13B68002B09D1A9
:104C3000FB68012283F85120FB68002283F8502092
:104C400003232DE0FB68DB8E9BB2002BC6D1FA69F3
:104C50003968F86800F0C4FB0346002B02D0FB68FB
:104C600020225A65FB689B68002B0AD100237B61D8
:104C7000FB681B68DB687B61FB681B689B687B616A
:104C80007B69FB68012283F85120FB68002283F8CE
:104C90005020FB685B6D002B01D0012300E0002356
:104CA00018462037BD4680BD80B588B002AFF86099
:104CB000B9603B601346FB80FB6893F85130DBB270
:104CC000012B01D0022304E1FB685B68B3F5827F0E
:104CD00012D1FB689B68002B0ED1FB68042283F87D
:104CE0005120FA883B6800931346BA68B968F8689F
:104CF00000F0F3F80346ECE0FDF7D0FF7861BB6805
:104D0000002B02D0FB88002B01D10123E1E0FB68DE
:104D100093F85030012B01D10223DAE0FB68012225
:104D200083F85020FB68042283F85120FB6800229E
:104D30005A65FB68BA689A63FB68FA889A87FB68C9
:104D4000FA88DA87FB6800221A63FB6800229A86D9
:104D5000FB680022DA86FB6800221A64FB680022E6
:104D60005A64FB689B68B3F5004F0FD1FB681B6862
:104D70001A68FB681B6822F040021A60FB681B6817
:104D80001A68FB681B6822F480421A60FB681B6883
:104D90001B6803F04003402B07D0FB681B681A68B0
:104DA000FB681B6842F040021A60FB68DB68002B5E
:104DB00070D135E0FB681B689B6803F00103012B91
:104DC00015D1FB681B6803F10C02FB689B6B127822
:104DD000D2B21A70FB689B6B5A1CFB689A63FB6823
:104DE000DB8F9BB2013B9AB2FB68DA8718E0FDF7D4
:104DF00055FF02467B69D31A3A689A4203D83B684A
:104E0000B3F1FF3F02D13B68002B09D1FB680122BF
:104E100083F85120FB68002283F85020032358E0D8
:104E2000FB68DB8F9BB2002BC4D138E0FB681B68AA
:104E30009B6803F00103012B13D1FB681B68DA6840
:104E4000FB689B6B92B21A80FB689B6B9A1CFB6899
:104E50009A63FB68DB8F9BB2013B9AB2FB68DA87EF
:104E600018E0FDF71BFF02467B69D31A3A689A42A5
:104E700003D83B68B3F1FF3F02D13B68002B09D157
:104E8000FB68012283F85120FB68002283F8502040
:104E900003231EE0FB68DB8F9BB2002BC6D17A692F
:104EA0003968F86800F04AFA0346002B02D0FB6824
:104EB00020225A65FB68012283F85120FB680022FA
:104EC00083F85020FB685B6D002B01D0012300E0CC
:104ED000002318461837BD4680BD80B58AB000AFA4
:104EE000F860B9607A607B8001237B62FDF7D6FEB3
:104EF0003862FB6893F85130FB77FB685B68BB61F5
:104F00007B88FB82FB7F012B0CD0BB69B3F5827FD2
:104F100006D1FB689B68002B02D1FB7F042B01D0DC
:104F200002237FE1BB68002B05D07B68002B02D0F9
:104F30007B88002B01D1012374E1FB6893F850308A
:104F4000012B01D102236DE1FB68012283F850207F
:104F5000FB6893F85130DBB2042B03D0FB680522C9
:104F600083F85120FB6800225A65FB687A689A63CF
:104F7000FB687A88DA87FB687A889A87FB68BA6860
:104F80001A63FB687A88DA86FB687A889A86FB68F7
:104F900000221A64FB6800225A64FB681B681B68C5
:104FA00003F04003402B07D0FB681B681A68FB68BE
:104FB0001B6842F040021A60FB68DB68B3F5006FC3
:104FC0007ED1FB685B68002B02D0FB8A012B6CD181
:104FD000FB681B6B1A88FB681B68DA60FB681B6B3D
:104FE0009A1CFB681A63FB68DB8E9BB2013B9AB28A
:104FF000FB68DA8659E0FB681B689B6803F00203D4
:10500000022B1BD1FB68DB8E9BB2002B16D07B6A78
:10501000012B13D1FB681B6B1A88FB681B68DA60D5
:10502000FB681B6B9A1CFB681A63FB68DB8E9BB2E8
:10503000013B9AB2FB68DA8600237B62FB681B683F
:105040009B6803F00103012B19D1FB68DB8F9BB236
:10505000002B14D0FB681B68DA68FB689B6B92B26C
:105060001A80FB689B6B9A1CFB689A63FB68DB8F5A
:105070009BB2013B9AB2FB68DA8701237B62FDF7A2
:105080000DFE02463B6AD31A3A6B9A420DD83B6B2F
:10509000B3F1FF3F09D0FB68012283F85120FB6880
:1050A000002283F850200323BCE0FB68DB8E9BB218
:1050B000002BA0D1FB68DB8F9BB2002B9BD182E041
:1050C000FB685B68002B02D0FB8A012B71D1FB6867
:1050D0001A6BFB681B680C3312781A70FB681B6B29
:1050E0005A1CFB681A63FB68DB8E9BB2013B9AB2C9
:1050F000FB68DA865DE0FB681B689B6803F00203CF
:10510000022B1CD1FB68DB8E9BB2002B17D07B6A75
:10511000012B14D1FB681A6BFB681B680C331278E7
:105120001A70FB681B6B5A1CFB681A63FB68DB8EEA
:105130009BB2013B9AB2FB68DA8600237B62FB6874
:105140001B689B6803F00103012B19D1FB68DB8FFF
:105150009BB2002B14D0FB681B68DA68FB689B6B62
:10516000D2B21A70FB689B6B5A1CFB689A63FB688F
:10517000DB8F9BB2013B9AB2FB68DA8701237B622B
:10518000FDF78CFD02463B6AD31A3A6B9A4203D86C
:105190003B6BB3F1FF3F02D13B6B002B09D1FB68A6
:1051A000012283F85120FB68002283F8502003235A
:1051B00038E0FB68DB8E9BB2002B9CD1FB68DB8F59
:1051C0009BB2002B97D13A6A396BF86800F008F966
:1051D0000346002B08D0FB6820225A65FB6800229A
:1051E00083F8502001231DE0FB689B68002B0AD147
:1051F00000233B61FB681B68DB683B61FB681B6845
:105200009B683B613B69FB68012283F85120FB6886
:10521000002283F85020FB685B6D002B01D0012336
:1052200000E0002318462837BD4680BD80B588B011
:1052300000AFF860B9603B601346FB71FDF72EFDCF
:105240000246BB6A9B1A3A681344FB61FDF726FDD0
:10525000B861394B1B685B011B0DFA6902FB03F354
:105260007B6154E03B68B3F1FF3F50D0FDF716FD82
:105270000246BB69D31AFA699A4202D9FB69002B2C
:105280003DD1FB681B685A68FB681B6822F0E0028E
:105290005A60FB685B68B3F5827F11D1FB689B683D
:1052A000B3F5004F04D0FB689B68B3F5806F07D15E
:1052B000FB681B681A68FB681B6822F040021A60D2
:1052C000FB689B6AB3F5005F0FD1FB681B681A6827
:1052D000FB681B6822F400521A60FB681B681A689E
:1052E000FB681B6842F400521A60FB68012283F8D5
:1052F0005120FB68002283F85020032317E07B69CC
:10530000002B01D10023FB617B69013B7B61FB68C2
:105310001B689A68BB681340BA689A420CBF0123A5
:105320000023DBB21A46FB799A429BD10023184630
:105330002037BD4680BD00BF1400002080B586B078
:1053400002AFF860B9607A60FB685B68B3F5827F92
:1053500011D1FB689B68B3F5004F04D0FB689B68D4
:10536000B3F5806F07D1FB681B681A68FB681B6880
:1053700022F040021A60FB685B68B3F5827F17D1A8
:10538000FB689B68B3F5806F12D17B680093BB68A4
:1053900000220121F868FFF749FF0346002B1AD0CD
:1053A000FB685B6D43F02002FB685A65032313E042
:1053B0007B680093BB6800228021F868FFF736FF06
:1053C0000346002B07D0FB685B6D43F02002FB68AF
:1053D0005A65032300E0002318461037BD4680BD00
:1053E00080B586B002AFF860B9607A607B680093E0
:1053F000BB6801220221F868FFF718FF0346002B63
:1054000007D0FB685B6D43F02002FB685A650323FD
:1054100013E07B680093BB6800228021F868FFF7E7
:1054200005FF0346002B07D0FB685B6D43F02002AD
:10543000FB685A65032300E0002318461037BD4679
:1054400080BD80B582B000AF78607B68002B01D151
:10545000012341E07B6893F83D30DBB2002B06D19D
:105460007B68002283F83C207868FDF721FA7B688E
:10547000022283F83D207B681A687B680433194652
:10548000104600F017FC7B68012283F846207B68F9
:10549000012283F83E207B68012283F83F207B684D
:1054A000012283F840207B68012283F841207B6839
:1054B000012283F842207B68012283F843207B6825
:1054C000012283F844207B68012283F845207B6811
:1054D000012283F83D20002318460837BD4680BDD1
:1054E00080B485B000AF78607B6893F83D30DBB264
:1054F000012B01D001233AE07B68022283F83D2092
:105500007B681B68DA687B681B6842F00102DA601E
:105510007B681B68184A93420ED07B681B68B3F106
:10552000804F09D07B681B68144A934204D07B6883
:105530001B68134A934211D17B681B689B6803F078
:105540000703FB60FB68062B10D07B681B681A689A
:105550007B681B6842F001021A6007E07B681B68E9
:105560001A687B681B6842F001021A600023184623
:105570001437BD4680BC7047002C01400004004039
:105580000008004080B582B000AF78607B68002BD7
:1055900001D1012341E07B6893F83D30DBB2002B61
:1055A00006D17B68002283F83C20786800F039F847
:1055B0007B68022283F83D207B681A687B6804338D
:1055C0001946104600F076FB7B68012283F84620DE
:1055D0007B68012283F83E207B68012283F83F200C
:1055E0007B68012283F840207B68012283F84120F8
:1055F0007B68012283F842207B68012283F84320E4
:105600007B68012283F844207B68012283F84520CF
:105610007B68012283F83D20002318460837BD46E9
:1056200080BD80B483B000AF786000BF0C37BD464A
:1056300080BC704780B584B000AF786039603B684B
:10564000002B09D17B6893F83E30DBB2012B14BFED
:1056500001230023DBB222E03B68042B09D17B68E5
:1056600093F83F30DBB2012B14BF01230023DBB2E0
:1056700015E03B68082B09D17B6893F84030DBB21A
:10568000012B14BF01230023DBB208E07B6893F8F1
:105690004130DBB2012B14BF01230023DBB2002B0E
:1056A00001D001235EE03B68002B04D17B6802221D
:1056B00083F83E2013E03B68042B04D17B68022270
:1056C00083F83F200BE03B68082B04D17B68022263
:1056D00083F8402003E07B68022283F841207B6846
:1056E0001B6801223968184600F070FD7B681B6852
:1056F0001E4A934207D17B681B685A6C7B681B6803
:1057000042F400425A647B681B68184A93420ED0E8
:105710007B681B68B3F1804F09D07B681B68144A13
:10572000934204D07B681B68124A934211D17B6874
:105730001B689B6803F00703FB60FB68062B10D017
:105740007B681B681A687B681B6842F001021A605C
:1057500007E07B681B681A687B681B6842F00102DF
:105760001A60002318461037BD4680BD002C01404A
:10577000000400400008004080B584B000AF7860AD
:105780007B681B68DB68FB607B681B681B69BB6010
:10579000BB6803F00203002B20D0FB6803F0020378
:1057A000002B1BD07B681B686FF002021A617B68BC
:1057B00001221A777B681B689B6903F00303002BA7
:1057C00003D0786800F05AFA05E0786800F04DFAE6
:1057D000786800F05CFA7B6800221A77BB6803F0F7
:1057E0000403002B20D0FB6803F00403002B1BD024
:1057F0007B681B686FF004021A617B6802221A77CB
:105800007B681B689B6903F44073002B03D07868A6
:1058100000F034FA05E0786800F027FA786800F0C4
:1058200036FA7B6800221A77BB6803F00803002B66
:1058300020D0FB6803F00803002B1BD07B681B689B
:105840006FF008021A617B6804221A777B681B6874
:10585000DB6903F00303002B03D0786800F00EFA35
:1058600005E0786800F001FA786800F010FA7B68CB
:1058700000221A77BB6803F01003002B20D0FB68CE
:1058800003F01003002B1BD07B681B686FF0100225
:105890001A617B6808221A777B681B68DB6903F44E
:1058A0004073002B03D0786800F0E8F905E07868D1
:1058B00000F0DBF9786800F0EAF97B6800221A77DB
:1058C000BB6803F00103002B0CD0FB6803F001035D
:1058D000002B07D07B681B686FF001021A617868A3
:1058E000FCF7D2FCBB6803F08003002B0CD0FB68F4
:1058F00003F08003002B07D07B681B686FF08002E9
:105900001A61786800F0EDFCBB6803F04003002BDF
:105910000CD0FB6803F04003002B07D07B681B68AA
:105920006FF040021A61786800F0BAF9BB6803F0C2
:105930002003002B0CD0FB6803F02003002B07D0C2
:105940007B681B686FF020021A61786800F0C0FC69
:1059500000BF1037BD4680BD80B586B000AFF8608F
:10596000B9607A600023FB75FB6893F83C30012B2B
:1059700001D10223AEE0FB68012283F83C207B6862
:105980000C2B00F29F8001A252F823F0C1590008AD
:10599000C55A0008C55A0008C55A0008015A00082F
:1059A000C55A0008C55A0008C55A0008435A0008DD
:1059B000C55A0008C55A0008C55A0008835A00088D
:1059C000FB681B68B968184600F0E2F9FB681B68C1
:1059D0009A69FB681B6842F008029A61FB681B68C1
:1059E0009A69FB681B6822F004029A61FB681B68D5
:1059F0009969BB681A69FB681B680A439A6164E08D
:105A0000FB681B68B968184600F028FAFB681B6839
:105A10009A69FB681B6842F400629A61FB681B6824
:105A20009A69FB681B6822F480629A61FB681B68B4
:105A30009969BB681B691A02FB681B680A439A6173
:105A400043E0FB681B68B968184600F071FAFB6810
:105A50001B68DA69FB681B6842F00802DA61FB68C0
:105A60001B68DA69FB681B6822F00402DA61FB68D4
:105A70001B68D969BB681A69FB681B680A43DA614D
:105A800023E0FB681B68B968184600F0BBFAFB68A6
:105A90001B68DA69FB681B6842F40062DA61FB6824
:105AA0001B68DA69FB681B6822F48062DA61FB68B4
:105AB0001B68D969BB681B691A02FB681B680A432B
:105AC000DA6102E00123FB7500BFFB68002283F866
:105AD0003C20FB7D18461837BD4680BD80B584B09C
:105AE00000AF786039600023FB737B6893F83C302B
:105AF000012B01D10223B4E07B68012283F83C2012
:105B00007B68022283F83D207B681B689B68BB6032
:105B1000BB6823F07703BB60BB6823F47F43BB60A3
:105B20007B681B68BA689A603B681B68B3F5005FC6
:105B30003ED0B3F5005F00F28780B3F5805F00F0E0
:105B40008680B3F5805F7FD8702B1AD0702B7BD8FE
:105B5000602B50D0602B77D8502B3CD0502B73D873
:105B6000402B58D0402B6FD8302B64D0302B6BD8C3
:105B7000202B60D0202B67D8002B5CD0102B5AD064
:105B800062E07B6818683B6899683B685A683B68C4
:105B9000DB6800F0FCFA7B681B689B68BB60BB6835
:105BA00043F07703BB607B681B68BA689A604FE07C
:105BB0007B6818683B6899683B685A683B68DB6893
:105BC00000F0E5FA7B681B689A687B681B6842F402
:105BD00080429A603CE07B6818683B6859683B6883
:105BE000DB681A4600F05CFA7B681B685021184697
:105BF00000F0B3FA2CE07B6818683B6859683B6892
:105C0000DB681A4600F07AFA7B681B686021184648
:105C100000F0A3FA1CE07B6818683B6859683B6891
:105C2000DB681A4600F03CFA7B681B684021184686
:105C300000F093FA0CE07B681A683B681B68194611
:105C4000104600F08AFA03E00123FB7300E000BF76
:105C50007B68012283F83D207B68002283F83C208A
:105C6000FB7B18461037BD4680BD80B483B000AFC3
:105C7000786000BF0C37BD4680BC704780B483B0ED
:105C800000AF786000BF0C37BD4680BC704780B461
:105C900083B000AF786000BF0C37BD4680BC704752
:105CA00080B483B000AF786000BF0C37BD4680BCC5
:105CB0007047000080B485B000AF786039607B68C1
:105CC0001B68FB607B682F4A93420BD07B68B3F163
:105CD000804F07D07B682C4A934203D07B682B4AC5
:105CE000934208D1FB6823F07003FB603B685B685C
:105CF000FA681343FB607B68224A93420BD07B68AF
:105D0000B3F1804F07D07B681F4A934203D07B6872
:105D10001E4A934208D1FB6823F44073FB603B6842
:105D2000DB68FA681343FB60FB6823F080023B6882
:105D30005B691343FB607B68FA681A603B689A688A
:105D40007B68DA623B681A687B689A627B680D4AF6
:105D5000934203D13B681A697B681A637B6801220E
:105D60005A617B681B6903F00103002B05D07B6837
:105D70001B6923F001027B681A6100BF1437BD461E
:105D800080BC7047002C0140000400400008004027
:105D900080B487B000AF786039607B681B6A7B6134
:105DA0007B681B6A23F001027B681A627B685B6870
:105DB0003B617B689B69FB60FB6823F07003FB60C1
:105DC000FB6823F00303FB603B681B68FA6813431E
:105DD000FB607B6923F002037B613B689B687A6907
:105DE00013437B617B681C4A93420CD17B6923F08F
:105DF00008037B613B68DB687A6913437B617B69DD
:105E000023F004037B617B68134A934211D13B6901
:105E100023F480733B613B6923F400733B613B686F
:105E20005B693A6913433B613B689B693A69134379
:105E30003B617B683A695A607B68FA689A613B68A3
:105E40005A687B685A637B687A691A6200BF1C379C
:105E5000BD4680BC704700BF002C014080B487B0B5
:105E600000AF786039607B681B6A7B617B681B6A66
:105E700023F010027B681A627B685B683B617B6879
:105E80009B69FB60FB6823F4E043FB60FB6823F441
:105E90004073FB603B681B681B02FA681343FB609E
:105EA0007B6923F020037B613B689B681B017A6957
:105EB00013437B617B681D4A93420DD17B6923F0BC
:105EC00080037B613B68DB681B017A6913437B615C
:105ED0007B6923F040037B617B68144A934213D1B2
:105EE0003B6923F480633B613B6923F400633B61BE
:105EF0003B685B699B003A6913433B613B689B6964
:105F00009B003A6913433B617B683A695A607B683E
:105F1000FA689A613B685A687B689A637B687A6919
:105F20001A6200BF1C37BD4680BC7047002C014080
:105F300080B487B000AF786039607B681B6A7B6192
:105F40007B681B6A23F480727B681A627B685B68DB
:105F50003B617B68DB69FB60FB6823F07003FB60DF
:105F6000FB6823F00303FB603B681B68FA6813437C
:105F7000FB607B6923F400737B613B689B681B02B9
:105F80007A6913437B617B681D4A93420DD17B691B
:105F900023F400637B613B68DB681B027A6913436F
:105FA0007B617B6923F480637B617B68144A934245
:105FB00013D13B6923F480533B613B6923F40053C5
:105FC0003B613B685B691B013A6913433B613B687A
:105FD0009B691B013A6913433B617B683A695A60CC
:105FE0007B68FA68DA613B685A687B68DA637B68C9
:105FF0007A691A6200BF1C37BD4680BC704700BF7B
:10600000002C014080B487B000AF786039607B68B5
:106010001B6A3B617B681B6A23F480527B681A62AF
:106020007B685B687B617B68DB69FB60FB6823F4F2
:10603000E043FB60FB6823F44073FB603B681B6834
:106040001B02FA681343FB603B6923F400533B6176
:106050003B689B681B033A6913433B617B680F4AAB
:10606000934209D17B6923F480437B613B685B6980
:106070009B017A6913437B617B687A695A607B680C
:10608000FA68DA613B685A687B681A647B683A6927
:106090001A6200BF1C37BD4680BC7047002C01400F
:1060A00080B487B000AFF860B9607A60FB681B6AA3
:1060B0007B61FB681B6A23F00102FB681A62FB68C4
:1060C0009B693B613B6923F0F0033B617B681B01EB
:1060D0003A6913433B617B6923F00A037B617A6968
:1060E000BB6813437B61FB683A699A61FB687A6914
:1060F0001A6200BF1C37BD4680BC704780B487B0B1
:1061000000AFF860B9607A60FB681B6A7B61FB686E
:106110001B6A23F01002FB681A62FB689B693B61F3
:106120003B6923F470433B617B681B033A6913436B
:106130003B617B6923F0A0037B61BB681B017A692B
:1061400013437B61FB683A699A61FB687A691A625A
:1061500000BF1C37BD4680BC704780B485B000AF1F
:10616000786039607B689B68FB60FB6823F0700394
:10617000FB603A68FB68134343F00703FB607B68EE
:10618000FA689A6000BF1437BD4680BC704780B47F
:1061900087B000AFF860B9607A603B60FB689B68CD
:1061A0007B617B6923F47F437B613B681A027B68D8
:1061B0001A43BB6813437A6913437B61FB687A69AE
:1061C0009A6000BF1C37BD4680BC704780B487B062
:1061D00000AFF860B9607A60BB6803F01F0301226A
:1061E00002FA03F37B61FB681A6A7B69DB431A409E
:1061F000FB681A62FB681A6ABB6803F01F037968C0
:1062000001FA03F31A43FB681A6200BF1C37BD464C
:1062100080BC704780B485B000AF786039607B681F
:1062200093F83C30012B01D1022346E07B68012228
:1062300083F83C207B68022283F83D207B681B6842
:106240005B68FB607B681B689B68BB60FB6823F036
:106250007003FB603B681B68FA681343FB607B6854
:106260001B68FA685A607B681B68164A93420ED016
:106270007B681B68B3F1804F09D07B681B68124AAA
:10628000934204D07B681B68104A93420CD1BB68D0
:1062900023F08003BB603B685B68BA681343BB6054
:1062A0007B681B68BA689A607B68012283F83D208E
:1062B0007B68002283F83C20002318461437BD4633
:1062C00080BC7047002C01400004004000080040E2
:1062D00080B483B000AF786000BF0C37BD4680BC8F
:1062E000704780B483B000AF786000BF0C37BD4604
:1062F00080BC704780B582B000AF78607B68002BAF
:1063000001D1012342E07B6893F84130DBB2002BDE
:1063100006D17B68002283F840207868FCF7A2FB56
:106320007B68242283F841207B681B68DA687B68DD
:106330001B6822F40052DA60786800F0AFFD7B68D9
:106340001B681A697B681B6822F490421A617B689B
:106350001B685A697B681B6822F02A025A617B68B5
:106360001B68DA687B681B6842F40052DA607B685D
:1063700000225A647B68202283F841207B68202217
:1063800083F842207B6800225A63002318460837AE
:10639000BD4680BD80B58AB002AFF860B9603B6091
:1063A0001346FB8000237B61FB6893F84130DBB22E
:1063B000202B75D1BB68002B02D0FB88002B01D1AC
:1063C00001236EE0FB6800225A64FB68212283F8F7
:1063D0004120FCF763FC7861FB68FA889A84FB68CB
:1063E000FA88DA84FB689B68B3F5805F08D1FB68A4
:1063F0001B69002B04D10023FB61BB68BB6103E078
:10640000BB68FB610023BB612EE03B6800937B69A6
:1064100000228021F86800F013FB0346002B05D012
:10642000FB68202283F8412003233AE0FB69002B1C
:106430000BD1BB691B881A46FB681B68C2F30802B4
:106440005A60BB690233BB6107E0FB691A78FB68DD
:106450001B685A60FB690133FB61FB68DB8C9BB2F4
:10646000013B9AB2FB68DA84FB68DB8C9BB2002BA1
:10647000CBD13B6800937B6900224021F86800F093
:10648000DFFA0346002B05D0FB68202283F8412069
:10649000032306E0FB68202283F84120002300E06C
:1064A000022318462037BD4680BD80B584B000AFBA
:1064B000F860B9601346FB80FB6893F84230DBB2AA
:1064C000202B12D1BB68002B02D0FB88002B01D1FE
:1064D00001230BE0FB6800221A63FB881A46B968A7
:1064E000F86800F006FB034600E002231846103768
:1064F000BD4680BD80B5BAB000AF78607B681B68D0
:106500001B68C7F8E4307B681B68DB68C7F8E030BD
:106510007B681B685B69C7F8DC300023C7F8D8309C
:106520000023C7F8D430D7F8E43003F00F03C7F8DE
:10653000D830D7F8D830002B0FD1D7F8E43003F09B
:106540002003002B09D0D7F8E03003F02003002B04
:1065500003D0786800F0E3FB5BE2D7F8D830002B7B
:1065600000F0DE80D7F8DC3003F00103002B06D109
:10657000D7F8E03003F49073002B00F0D180D7F807
:10658000E43003F00103002B0BD0D7F8E03003F424
:106590008073002B05D07B685B6C43F001027B6845
:1065A0005A64D7F8E43003F00403002B0BD0D7F87B
:1065B000DC3003F00103002B05D07B685B6C43F0FB
:1065C00002027B685A64D7F8E43003F00203002B20
:1065D0000BD0D7F8DC3003F00103002B05D07B682B
:1065E0005B6C43F004027B685A64D7F8E43003F034
:1065F0000803002B11D0D7F8E03003F02003002B64
:1066000005D1D7F8DC3003F00103002B05D07B68FF
:106610005B6C43F008027B685A647B685B6C002B00
:1066200000F0F281D7F8E43003F02003002B08D00B
:10663000D7F8E03003F02003002B02D0786800F098
:106640006EFB7B681B685B6903F04003002B14BF83
:1066500001230023DBB2C7F8D4307B685B6C03F006
:106660000803002B03D1D7F8D430002B4FD0786823
:1066700000F078FA7B681B685B6903F04003002B2D
:1066800041D07B681B681433C7F89C30D7F89C3026
:1066900053E8003FC7F89830D7F8983023F040030C
:1066A000C7F8D0307B681B681433D7F8D020C7F800
:1066B000A820C7F8A430D7F8A410D7F8A82041E83C
:1066C0000023C7F8A030D7F8A030002BD9D17B68C1
:1066D000DB6B002B13D07B68DB6B7E4A5A637B68D5
:1066E000DB6B1846FDF7AAF80346002B16D07B6833
:1066F000DB6B5B6B7A68D26B104698470EE078686C
:10670000FAF756FF0AE07868FAF752FF06E0786871
:10671000FAF74EFF7B6800225A6475E100BF73E10F
:106720007B681B6B012B40F04F81D7F8E43003F0FE
:106730001003002B00F04881D7F8E03003F010037D
:10674000002B00F041810023BB607B681B681B6845
:10675000BB607B681B685B68BB60BB687B681B6851
:106760005B6903F04003002B00F0B6807B68DB6BB5
:106770001B685B68A7F8BE30B7F8BE30002B00F08E
:1067800045817B689B8DB7F8BE209A4280F03E81A0
:106790007B68B7F8BE20DA857B68DB6B9B69202BB2
:1067A00000F088807B681B680C33C7F88830D7F806
:1067B000883053E8003FC7F88430D7F8843023F49A
:1067C0008073C7F8B8307B681B680C33D7F8B820E3
:1067D000C7F89420C7F89030D7F89010D7F89420D5
:1067E00041E80023C7F88C30D7F88C30002BD9D182
:1067F0007B681B6814337B677B6F53E8003F3B6704
:106800003B6F23F00103C7F8B4307B681B68143377
:10681000D7F8B420C7F88020FB67F96FD7F880203D
:1068200041E80023BB67BB6F002BE1D17B681B688D
:1068300014333B663B6E53E8003FFB65FB6D23F072
:106840004003C7F8B0307B681B681433D7F8B0201A
:10685000FA66BB66B96EFA6E41E800237B667B6E12
:10686000002BE3D17B68202283F842207B68002242
:106870001A637B681B680C33FB64FB6C53E8003FB6
:10688000BB64BB6C23F01003C7F8AC307B681B689B
:106890000C33D7F8AC20BA657B65796DBA6D41E8E9
:1068A00000233B653B6D002BE3D17B68DB6B184617
:1068B000FCF788FF7B6802225A637B689A8D7B68AD
:1068C000DB8D9BB2D31A9BB21946786800F0ADF805
:1068D0009CE000BF296C00087B689A8D7B68DB8D8B
:1068E0009BB2D31AA7F8CE307B68DB8D9BB2002B0E
:1068F00000F08E80B7F8CE30002B00F089807B68E6
:106900001B680C33BB63BB6B53E8003F7B637B6B43
:1069100023F49073C7F8C8307B681B680C33D7F832
:10692000C8207A643B64396C7A6C41E80023FB63CD
:10693000FB6B002BE3D17B681B6814337B627B6AA3
:1069400053E8003F3B623B6A23F00103C7F8C430C1
:106950007B681B681433D7F8C4203A63FB62F96A7A
:106960003A6B41E80023BB62BB6A002BE3D17B6832
:10697000202283F842207B6800221A637B681B6810
:106980000C333B613B6953E8003FFB60FB6823F03D
:106990001003C7F8C0307B681B680C33D7F8C020E1
:1069A000FA61BB61B969FA6941E800237B617B69DF
:1069B000002BE3D17B6802225A63B7F8CE30194628
:1069C000786800F032F823E0D7F8E43003F0800371
:1069D000002B09D0D7F8E03003F08003002B03D060
:1069E000786800F035F914E0D7F8E43003F040039C
:1069F000002B0ED0D7F8E03003F04003002B08D076
:106A0000786800F074F904E000BF02E000BF00E025
:106A100000BFE837BD4680BD80B483B000AF78606A
:106A200000BF0C37BD4680BC704780B483B000AF58
:106A300078600B467B8000BF0C37BD4680BC70473A
:106A400080B586B000AFF860B9603B601346FB715B
:106A50003BE03B6AB3F1FF3F37D0FCF71FF902463A
:106A60003B68D31A3A6A9A4202D33B6A002B01D19F
:106A700003233AE0FB681B68DB6803F00403002B88
:106A800023D0BB68802B20D0BB68402B1DD0FB6877
:106A90001B681B6803F00803082B16D100237B61D9
:106AA000FB681B681B687B61FB681B685B687B611C
:106AB0007B69F86800F056F8FB6808225A64FB68A6
:106AC000002283F8402001230FE0FB681B681A684E
:106AD000BB681340BA689A420CBF01230023DBB2A3
:106AE0001A46FB799A42B4D0002318461837BD469F
:106AF00080BD80B485B000AFF860B9601346FB80FC
:106B0000FB68BA689A62FB68FA889A85FB68FA881B
:106B1000DA85FB6800225A64FB68222283F842204F
:106B2000FB681B69002B07D0FB681B68DA68FB68F1
:106B30001B6842F48072DA60FB681B685A69FB6864
:106B40001B6842F001025A61FB681B68DA68FB6847
:106B50001B6842F02002DA60002318461437BD4655
:106B600080BC704780B495B000AF78607B681B68CC
:106B70000C337B637B6B53E8003F3B633B6B23F43D
:106B80009073FB647B681B680C33FA6C3A64FB639C
:106B9000F96B3A6C41E80023BB63BB6B002BE5D17A
:106BA0007B681B6814333B623B6A53E8003FFB6120
:106BB000FB6923F00103BB647B681B681433BA6C68
:106BC000FA62BB62B96AFA6A41E800237B627B6AB7
:106BD000002BE5D17B681B6B012B19D17B681B68EF
:106BE0000C33FB60FB6853E8003FBB60BB6823F0DD
:106BF00010037B647B681B680C337A6CBA617B6121
:106C00007969BA6941E800233B613B69002BE5D112
:106C10007B68202283F842207B6800221A6300BF31
:106C20005437BD4680BC704780B584B000AF7860F3
:106C30007B685B6AFB60FB680022DA85FB680022E8
:106C4000DA84F868FAF7B4FC00BF1037BD4680BD9F
:106C500080B485B000AF78607B6893F84130DBB2D8
:106C6000212B3ED17B689B68B3F5805F14D17B6894
:106C70001B69002B10D17B681B6AFB60FB681B88BB
:106C80001A467B681B68C2F308025A607B681B6A5D
:106C90009A1C7B681A6208E07B681B6A591C7A6838
:106CA00011621A787B681B685A607B68DB8C9BB228
:106CB000013B9BB27A681946D184002B0FD17B68C7
:106CC0001B68DA687B681B6822F08002DA607B68E8
:106CD0001B68DA687B681B6842F04002DA600023B8
:106CE00000E0022318461437BD4680BC704780B5CB
:106CF00082B000AF78607B681B68DA687B681B68CD
:106D000022F04002DA607B68202283F84120786814
:106D1000FFF782FE002318460837BD4680BD80B5C8
:106D20008CB000AF78607B6893F84230DBB2222BE6
:106D300040F0AE807B689B68B3F5805F17D17B68BD
:106D40001B69002B13D10023FB627B689B6ABB622B
:106D50007B681B685B689BB2C3F308039AB2BB6A8B
:106D60001A807B689B6A9A1C7B689A6226E07B6823
:106D70009B6AFB620023BB627B689B68B3F5805F04
:106D800007D07B689B68002B0AD17B681B69002BAE
:106D900006D17B681B685B68DAB2FB6A1A7008E090
:106DA0007B681B685B68DBB203F07F03DAB2FB6AC7
:106DB0001A707B689B6A5A1C7B689A627B68DB8DC1
:106DC0009BB2013B9BB27A681946D185002B5DD1FD
:106DD0007B681B68DA687B681B6822F02002DA6037
:106DE0007B681B68DA687B681B6822F48072DA6053
:106DF0007B681B685A697B681B6822F001025A6134
:106E00007B68202283F842207B6800225A637B68DB
:106E10001B6B012B35D17B6800221A637B681B68D2
:106E20000C337B617B6953E8003F3B613B6923F096
:106E300010037B627B681B680C337A6A3A62FB61E1
:106E4000F9693A6A41E80023BB61BB69002BE5D1CF
:106E50007B681B681B6803F01003102B0AD100230A
:106E6000FB607B681B681B68FB607B681B685B685A
:106E7000FB60FB687B689B8D19467868FFF7D5FD42
:106E800002E07868FAF706FB002302E0002300E046
:106E9000022318463037BD4680BD000080B584B05F
:106EA00000AF78607B681B681B6923F440517B68E6
:106EB000DA687B681B680A431A617B689A687B689A
:106EC0001B691A437B685B691343BB607B681B6863
:106ED000DB6823F4B05323F00C037A681268B968B6
:106EE0000B43D3607B681B685B6923F440717B684C
:106EF0009A697B681B680A435A617B681B682C4A45
:106F0000934203D1FDF7F0FBF86002E0FDF7D8FBF8
:106F1000F860FA6813469B0013449A001A447B6891
:106F20005B689B00B2FBF3F3224AA2FB03235B09DD
:106F30001901FA6813469B0013449A001A447B68AF
:106F40005B689B00B2FBF3F21A4BA3FB02035B09E5
:106F5000642000FB03F3D31A1B013233154AA2FB52
:106F600003235B0903F0F0031944FA6813469B00FE
:106F700013449A001A447B685B689B00B2FBF3F2EF
:106F80000C4BA3FB02035B09642000FB03F3D31A41
:106F90001B013233074AA2FB03235B0903F00F02F4
:106FA0007B681B680A449A6000BF1037BD4680BDED
:106FB000003801401F85EB5180B485B000AF034617
:106FC000FB800023FB60B7F90630842B05D0B7F9AE
:106FD0000620FB6813440333FB60FB681846143734
:106FE000BD4680BC704780B483B000AFEFF305832B
:106FF0007B607B68002B14BF01230023DBB21846A3
:107000000C37BD4680BC704780B500AF01F0EEFA8A
:107010000023184680BDF0B589B004AF78603960B0
:107020007B685B69002B20D07B689B69002B1CD0A0
:107030007B685C687B681D687B681E697B68B3F948
:1070400008301846FFF7B8FF01467B685B697A682D
:1070500092690292019300913B683246294620468C
:1070600001F0DFF80346FB601CE07B685C687B682E
:107070001D687B681B699EB27B68B3F908301846AF
:10708000FFF79AFF024607F10C03019300923B6859
:1070900032462946204601F024F90346012B01D04F
:1070A000002300E0FB6818461437BD46F0BD80B5EC
:1070B00084B000AF78607B68FB60FB68002B01D078
:1070C000FB6800E00123184601F05AFA0023184635
:1070D0001037BD4680BD80B582B000AF78607B6858
:1070E0005B68002B07D07B685B681946012000F0C5
:1070F000B2FA034603E0012000F095FA0346184671
:107100000837BD4680BD000080B584B000AF786010
:1071100039600023BB607B68002B01D180233AE0FB
:107120000023FB603B68B3F1FF3F03D14FF0FF3317
:10713000FB6009E03B68002B06D03B68FB60FB6806
:10714000002B01D10123FB60FFF74DFF0346002B0D
:1071500017D007F108031A460021786800F0B8FE3E
:107160000346012B01D0FF2315E0BB68002B11D093
:107170000B4B4FF080521A60BFF34F8FBFF36F8FEE
:1071800008E0F968786800F093FD0346012B01D010
:10719000FF2300E0002318461037BD4680BD00BF26
:1071A00004ED00E080B584B000AF78600023FB60A0
:1071B0000023BB60FFF717FF0346002B16D007F133
:1071C00008031946786800F001FC0346012B01D042
:1071D000FF2317E0BB68002B13D00C4B4FF08052FD
:1071E0001A60BFF34F8FBFF36F8F0AE000230022B6
:1071F0000021786800F04AFA0346012B01D0FF23F2
:10720000FB60FB6818461037BD4680BD04ED00E00A
:1072100080B483B000AF78607B6803F108027B68BC
:107220005A607B684FF0FF329A607B6803F1080276
:107230007B68DA607B6803F108027B681A617B680F
:1072400000221A6000BF0C37BD4680BC704780B476
:1072500083B000AF78607B6800221A6100BF0C37F2
:10726000BD4680BC704780B485B000AF786039609F
:107270007B685B68FB603B68FA685A60FB689A68E9
:107280003B689A60FB689B683A685A60FB683A689A
:107290009A603B687A681A617B681B685A1C7B6835
:1072A0001A6000BF1437BD4680BC704780B485B0FB
:1072B00000AF786039603B681B68BB60BB68B3F1A6
:1072C000FF3F03D17B681B69FB600CE07B680833E0
:1072D000FB6002E0FB685B68FB60FB685B681B6847
:1072E000BA689A42F6D2FB685A683B685A603B68B3
:1072F0005B683A689A603B68FA689A60FB683A682B
:107300005A603B687A681A617B681B685A1C7B6804
:107310001A6000BF1437BD4680BC704780B485B08A
:1073200000AF78607B681B69FB607B685B687A688C
:1073300092689A607B689B687A6852685A60FB68BA
:107340005B687A689A4203D17B689A68FB685A60E6
:107350007B6800221A61FB681B685A1EFB681A6072
:10736000FB681B6818461437BD4680BC7047000098
:1073700080B584B000AF786039607B68FB60FB68E3
:10738000002B0BD14FF0500383F31188BFF36F8FA5
:10739000BFF34F8FBB6000BF00BFFDE702F05EF898
:1073A000FB681A68FB68DB6BF968096C01FB03F387
:1073B0001A44FB689A60FB6800229A63FB681A68AB
:1073C000FB685A60FB681A68FB68DB6B013BF96875
:1073D000096C01FB03F31A44FB68DA60FB68FF22C7
:1073E00083F84420FB68FF2283F845203B68002B8C
:1073F00014D1FB681B69002B1AD0FB6810331846A8
:1074000001F04CFB0346002B12D00D4B4FF0805285
:107410001A60BFF34F8FBFF36F8F09E0FB68103323
:107420001846FFF7F5FEFB6824331846FFF7F0FE19
:1074300002F044F8012318461037BD4680BD00BF56
:1074400004ED00E080B58EB002AFF860B9607A60FC
:107450003B60FB68002B0BD14FF0500383F3118886
:10746000BFF36F8FBFF34F8FBB6200BF00BFFDE75D
:107470003B68002B0BD14FF0500383F31188BFF30F
:107480006F8FBFF34F8F7B6200BF00BFFDE77B684C
:10749000002B02D0BB68002B01D0012300E00023A9
:1074A000002B0BD14FF0500383F31188BFF36F8F84
:1074B000BFF34F8F3B6200BF00BFFDE77B68002B2F
:1074C00002D1BB68002B01D1012300E00023002B77
:1074D0000BD14FF0500383F31188BFF36F8FBFF3CD
:1074E0004F8FFB6100BF00BFFDE748237B617B69D5
:1074F000482B0BD04FF0500383F31188BFF36F8FED
:10750000BFF34F8FBB6100BF00BFFDE77B693B68E6
:10751000FB62FB6A002B0DD0FB6A012283F8462038
:1075200097F83820FB6A009313467A68B968F868C0
:1075300000F040F8FB6A18463037BD4680BD80B584
:107540008AB002AFF860B9601346FB71FB68002B8C
:107550000BD14FF0500383F31188BFF36F8FBFF34C
:107560004F8F3B6100BF00BFFDE7FB68BA6802FBBD
:1075700003F3FB61FB694833184602F071F8B86108
:10758000BB69002B11D0BB697B617B6948337B6190
:10759000BB69002283F84620FA79BB690093134641
:1075A0007A69B968F86800F005F8BB6918462037B1
:1075B000BD4680BD80B584B000AFF860B9607A6028
:1075C000FB70BB68002B03D1BB69BA691A6002E08B
:1075D000BB697A681A60BB69FA68DA63BB69BA6822
:1075E0001A640121B869FFF7C3FE00BF1037BD461A
:1075F00080BD80B582B000AF78607B68002B0ED074
:107600007B6800229A607B6800221A607B680022F7
:10761000DA60002300220021786800F037F800BF0C
:107620000837BD4680BD80B586B000AF0346FB710C
:1076300001237B6100233B61FB791A463969786934
:10764000FFF77DFFF860F868FFF7D3FFFB68184687
:107650001837BD4680BD80B588B002AF034639609B
:10766000FB7101237B6100233B61FB7900933B6845
:10767000002239697869FFF7E5FEF860F868FFF7DE
:10768000B8FFFB6818461837BD4680BD80B58EB080
:1076900000AFF860B9607A603B6000237B63FB68F1
:1076A0003B633B6B002B0BD14FF0500383F31188EE
:1076B000BFF36F8FBFF34F8FBB6200BF00BFFDE70B
:1076C000BB68002B03D13B6B1B6C002B01D101234A
:1076D00000E00023002B0BD14FF0500383F31188FF
:1076E000BFF36F8FBFF34F8F7B6200BF00BFFDE71B
:1076F0003B68022B03D13B6BDB6B012B01D10123D8
:1077000000E00023002B0BD14FF0500383F31188CE
:10771000BFF36F8FBFF34F8F3B6200BF00BFFDE72A
:1077200001F082FB0346002B02D17B68002B01D1C4
:10773000012300E00023002B0BD14FF0500383F313
:107740001188BFF36F8FBFF34F8FFB6100BF00BF86
:10775000FDE701F083FE3B6B9A6B3B6BDB6B9A4260
:1077600002D33B68022B29D13A68B968386B00F024
:1077700048FCF8623B6B5B6A002B10D03B6B2433F8
:10778000184601F08BF90346002B13D03F4B4FF006
:1077900080521A60BFF34F8FBFF36F8F0AE0FB6A0E
:1077A000002B07D0394B4FF080521A60BFF34F8F38
:1077B000BFF36F8F01F082FE012363E07B68002B33
:1077C00003D101F07BFE00235CE07B6B002B06D134
:1077D00007F11403184601F0C5F901237B6301F09A
:1077E0006DFE00F06DFF01F039FE3B6B93F8443005
:1077F0005BB2B3F1FF3F03D13B6B002283F844201F
:107800003B6B93F845305BB2B3F1FF3F03D13B6B69
:10781000002283F8452001F051FE3A1D07F11403C0
:107820001146184601F0B4F90346002B24D1386BF9
:1078300000F0DFFC0346002B18D03B6B10337A6856
:107840001146184601F004F9386B00F06AFC00F0AC
:1078500045FF0346002B7FF47CAF0C4B4FF080526A
:107860001A60BFF34F8FBFF36F8F72E7386B00F072
:1078700058FC00F033FF6CE7386B00F052FC00F06E
:107880002DFF002318463837BD4680BD04ED00E0CB
:1078900080B590B000AFF860B9607A603B60FB687B
:1078A000BB63BB6B002B0BD14FF0500383F31188EC
:1078B000BFF36F8FBFF34F8FBB6200BF00BFFDE709
:1078C000BB68002B03D1BB6B1B6C002B01D10123C8
:1078D00000E00023002B0BD14FF0500383F31188FD
:1078E000BFF36F8FBFF34F8F7B6200BF00BFFDE719
:1078F0003B68022B03D1BB6BDB6B012B01D1012356
:1079000000E00023002B0BD14FF0500383F31188CC
:10791000BFF36F8FBFF34F8F3B6200BF00BFFDE728
:1079200001F05EFEEFF311824FF0500383F31188F4
:10793000BFF36F8FBFF34F8FFA61BB61FB697B634E
:10794000BB6B9A6BBB6BDB6B9A4202D33B68022B1F
:107950002FD1BB6B93F8453087F83330BB6B9B6BF3
:10796000FB623A68B968B86B00F04BFB97F93330AB
:10797000B3F1FF3F12D1BB6B5B6A002B16D0BB6B20
:107980002433184601F08AF80346002B0ED07B689A
:10799000002B0BD07B6801221A6007E097F8333088
:1079A0000133DBB25AB2BB6B83F845200123FB6382
:1079B00001E00023FB637B6B7B617B6983F31188B0
:1079C00000BFFB6B18464037BD4680BD80B58EB00A
:1079D00000AF786039607B683B633B6B002B0BD159
:1079E0004FF0500383F31188BFF36F8FBFF34F8FB6
:1079F0003B6200BF00BFFDE73B6B1B6C002B0BD055
:107A00004FF0500383F31188BFF36F8FBFF34F8F95
:107A1000FB6100BF00BFFDE73B6B1B68002B03D180
:107A20003B6B9B68002B01D1012300E00023002B5E
:107A30000BD14FF0500383F31188BFF36F8FBFF367
:107A40004F8FBB6100BF00BFFDE701F0C9FDEFF341
:107A500011824FF0500383F31188BFF36F8FBFF390
:107A60004F8F7A613B617B69FB623B6B9B6BBB62B7
:107A70003B6BDB6BBA6A9A422BD23B6B93F8453077
:107A800087F82730BB6A5A1C3B6B9A6397F92730FB
:107A9000B3F1FF3F12D13B6B5B6A002B16D03B6BFF
:107AA0002433184600F0FAFF0346002B0ED03B6843
:107AB000002B0BD03B6801221A6007E097F82730B3
:107AC0000133DBB25AB23B6B83F8452001237B6361
:107AD00001E000237B63FB6AFB60FB6883F3118892
:107AE00000BF7B6B18463837BD4680BD80B58CB073
:107AF00000AFF860B9607A600023FB62FB68BB628C
:107B0000BB6A002B0BD14FF0500383F31188BFF3F6
:107B10006F8FBFF34F8F3B6200BF00BFFDE7BB68B5
:107B2000002B03D1BB6A1B6C002B01D1012300E0A9
:107B30000023002B0BD14FF0500383F31188BFF3C8
:107B40006F8FBFF34F8FFB6100BF00BFFDE701F0F8
:107B50006BF90346002B02D17B68002B01D1012376
:107B600000E00023002B0BD14FF0500383F311886A
:107B7000BFF36F8FBFF34F8FBB6100BF00BFFDE747
:107B800001F06CFCBB6A9B6B7B627B6A002B1FD095
:107B9000B968B86A00F09FFA7B6A5A1EBB6A9A639A
:107BA000BB6A1B69002B0FD0BB6A1033184600F06C
:107BB00075FF0346002B07D03C4B4FF080521A60F4
:107BC000BFF34F8FBFF36F8F01F078FC012369E0A3
:107BD0007B68002B03D101F071FC002362E0FB6A9B
:107BE000002B06D107F11003184600F0BBFF01235C
:107BF000FB6201F063FC00F063FD01F02FFCBB6A47
:107C000093F844305BB2B3F1FF3F03D1BB6A00226B
:107C100083F84420BB6A93F845305BB2B3F1FF3F71
:107C200003D1BB6A002283F8452001F047FC3A1DCE
:107C300007F110031146184600F0AAFF0346002B77
:107C400023D1B86A00F0BFFA0346002B17D0BB6AF5
:107C500024337A681146184600F0FAFEB86A00F03C
:107C600060FA00F03BFD0346002B89D10F4B4FF02B
:107C700080521A60BFF34F8FBFF36F8F80E7B86AEF
:107C800000F04FFA00F02AFD7AE7B86A00F049FAEE
:107C900000F024FDB86A00F096FA0346002B3FF48A
:107CA0006FAF002318463037BD4680BD04ED00E0BD
:107CB00080B58EB000AF7860396000237B637B684D
:107CC000FB6200233B63FB6A002B0BD14FF0500398
:107CD00083F31188BFF36F8FBFF34F8F3B6200BFF9
:107CE00000BFFDE7FB6A1B6C002B0BD04FF050036D
:107CF00083F31188BFF36F8FBFF34F8FFB6100BF1A
:107D000000BFFDE701F090F80346002B02D13B686D
:107D1000002B01D1012300E00023002B0BD14FF0F9
:107D2000500383F31188BFF36F8FBFF34F8FBB6195
:107D300000BF00BFFDE701F091FBFB6A9B6BBB62DC
:107D4000BB6A002B24D0BB6A5A1EFB6A9A63FB6A8B
:107D50001B68002B04D101F013FA0246FB6A9A60FB
:107D6000FB6A1B69002B0FD0FB6A1033184600F02A
:107D700095FE0346002B07D0544B4FF080521A60FB
:107D8000BFF34F8FBFF36F8F01F098FB012398E093
:107D90003B68002B12D13B6B002B0BD04FF05003F4
:107DA00083F31188BFF36F8FBFF34F8F7B6100BFE9
:107DB00000BFFDE701F082FB002382E07B6B002B1C
:107DC00006D107F10C03184600F0CCFE01237B63BB
:107DD00001F074FB00F074FC01F040FBFB6A93F8C7
:107DE00044305BB2B3F1FF3F03D1FB6A002283F85A
:107DF0004420FB6A93F845305BB2B3F1FF3F03D1F7
:107E0000FB6A002283F8452001F058FB3A4607F14F
:107E10000C031146184600F0BBFE0346002B32D17E
:107E2000F86A00F0D0F90346002B26D0FB6A1B68E5
:107E3000002B09D101F012FBFB6A9B68184601F088
:107E400011F8386301F03AFBFB6A24333A681146B3
:107E5000184600F0FDFDF86A00F063F900F03EFC02
:107E60000346002B7FF467AF184B4FF080521A6027
:107E7000BFF34F8FBFF36F8F5DE7F86A00F051F9E2
:107E800000F02CFC57E7F86A00F04BF900F026FCF4
:107E9000F86A00F098F90346002B3FF44CAF3B6BB7
:107EA000002B0DD001F0DAFAF86A00F093F878624E
:107EB000FB6A9B68796A184601F0D2F801F0FEFA75
:107EC000002318463837BD4680BD00BF04ED00E0F2
:107ED00080B58EB000AFF860B9607A60FB683B6334
:107EE0003B6B002B0BD14FF0500383F31188BFF392
:107EF0006F8FBFF34F8F3B6200BF00BFFDE7BB68D2
:107F0000002B03D13B6B1B6C002B01D1012300E044
:107F10000023002B0BD14FF0500383F31188BFF3E4
:107F20006F8FBFF34F8FFB6100BF00BFFDE701F014
:107F300057FBEFF311824FF0500383F31188BFF327
:107F40006F8FBFF34F8FBA617B61BB69FB623B6B85
:107F50009B6BBB62BB6A002B2FD03B6B93F844300A
:107F600087F82730B968386B00F0B5F8BB6A5A1E3D
:107F70003B6B9A6397F92730B3F1FF3F12D13B6B0C
:107F80001B69002B16D03B6B1033184600F086FDA2
:107F90000346002B0ED07B68002B0BD07B680122A0
:107FA0001A6007E097F827300133DBB25AB23B6B17
:107FB00083F8442001237B6301E000237B63FB6A99
:107FC0003B613B6983F3118800BF7B6B18463837F0
:107FD000BD4680BD80B485B000AF78607B685B6AC9
:107FE000002B06D07B681B6B1B68C3F10703FB608B
:107FF00001E00023FB60FB6818461437BD4680BCD7
:10800000704780B586B000AFF860B9607A60002331
:108010007B61FB689B6B3B61FB681B6C002B0DD18C
:10802000FB681B68002B4DD1FB689B68184600F06D
:108030008FFF7861FB6800229A6043E07B68002B29
:1080400019D1FB685868FB681B6C1A46B96801F0C7
:108050007FFDFB685A68FB681B6C1A44FB685A601A
:10806000FB685A68FB689B689A422BD3FB681A68C6
:10807000FB685A6026E0FB68D868FB681B6C1A46F0
:10808000B96801F065FDFB68DA68FB681B6C5B4250
:108090001A44FB68DA60FB68DA68FB681B689A427E
:1080A00007D2FB689A68FB681B6C5B421A44FB684A
:1080B000DA607B68022B05D13B69002B02D03B695B
:1080C000013B3B613B695A1CFB689A637B6918461C
:1080D0001837BD4680BD80B582B000AF786039608A
:1080E0007B681B6C002B18D07B68DA687B681B6C84
:1080F0001A447B68DA607B68DA687B689B689A421E
:1081000003D37B681A687B68DA607B68D9687B6810
:108110001B6C1A46386801F01BFD00BF0837BD46CE
:1081200080BD80B584B000AF786001F097F97B68BE
:1081300093F84530FB7311E07B685B6A002B12D02B
:108140007B682433184600F0A9FC0346002B01D0BD
:1081500000F082FDFB7B013BDBB2FB7397F90F3034
:10816000002BE9DC00E000BF7B68FF2283F845209C
:1081700001F0A4F901F072F97B6893F84430BB7305
:1081800011E07B681B69002B12D07B681033184606
:1081900000F084FC0346002B01D000F05DFDBB7BAA
:1081A000013BDBB2BB7397F90E30002BE9DC00E03A
:1081B00000BF7B68FF2283F8442001F07FF900BFF5
:1081C0001037BD4680BD80B584B000AF786001F047
:1081D00045F97B689B6B002B02D10123FB6001E01A
:1081E0000023FB6001F06AF9FB6818461037BD46B2
:1081F00080BD80B584B000AF786001F02FF97B6856
:108200009A6B7B68DB6B9A4202D10123FB6001E031
:108210000023FB6001F052F9FB6818461037BD4699
:1082200080BD80B58EB004AFF860B9607A603B6005
:108230007B6B002B0BD14FF0500383F31188BFF3FE
:108240006F8FBFF34F8F3B6200BF00BFFDE7BB6B7B
:10825000002B0BD14FF0500383F31188BFF36F8FC6
:10826000BFF34F8FFB6100BF00BFFDE7A0233B6161
:108270003B69A02B0BD04FF0500383F31188BFF361
:108280006F8FBFF34F8FBB6100BF00BFFDE73B693E
:10829000BB6B002B1ED07B6B002B1BD0BB6B7B62A0
:1082A0007B6A7A6B1A637B6A022283F89D20002323
:1082B00003937B6A029307F1140301933B6B0093D2
:1082C0003B687A68B968F86800F050F8786A00F09E
:1082D000EDF801E000237B617B6918462837BD4635
:1082E00080BD80B58CB004AFF860B9603B601346C8
:1082F000FB80FB889B00184601F0B2F978617B692E
:10830000002B0ED0A02001F0ABF9F861FB69002B27
:1083100003D0FB697A691A6305E0786901F06EFAA7
:1083200001E00023FB61FB69002B17D0FB690022F1
:1083300083F89D20FA8800230393FB690293FB6A6C
:108340000193BB6A00933B68B968F86800F00EF8C7
:10835000F86900F0ABF80123BB6102E04FF0FF3396
:10836000BB61BB6918462037BD4680BD80B588B06B
:1083700000AFF860B9607A603B603B6B1A6B7B685A
:1083800003F18043013B9B001344BB61BB6923F0B5
:108390000703BB61BB6903F00703002B0BD04FF051
:1083A000500383F31188BFF36F8FBFF34F8F7B614F
:1083B00000BF00BFFDE7BB68002B1FD00023FB619F
:1083C00012E0BA68FB69134419783A6BFB691344ED
:1083D00034330A461A70BA68FB6913441B78002BC1
:1083E00006D0FB690133FB61FB690F2BE9D900E083
:1083F00000BF3B6B002283F8432003E03B6B00226D
:1084000083F83420BB6A062B01D90623BB623B6B81
:10841000BA6ADA623B6BBA6A5A643B6B00229A64AE
:108420003B6B04331846FEF712FF3B6B18331846BC
:10843000FEF70DFF3B6B3A6B1A61BB6AC3F1070293
:108440003B6B9A613B6B3A6B5A623B6B0022C3F801
:1084500098203B6B002283F89C203B6B4C334C22D2
:108460000021184601F0E8FA3B6B0D4A1A653B6B98
:108470000C4A5A653B6B0C4A9A653A68F968B869C8
:1084800000F0F8FE02463B6B1A60FB6A002B02D03C
:10849000FB6A3A6B1A6000BF2037BD4680BD00BF43
:1084A000BC2B0020242C00208C2C002080B582B016
:1084B00000AF786000F0D2FF2A4B1B680133294AD5
:1084C0001360294B1B68002B09D1274A7B68136076
:1084D000244B1B68012B10D100F0E2FB0DE0234B75
:1084E0001B68002B09D1204B1B68DA6A7B68DB6AAA
:1084F0009A4202D81C4A7B6813601D4B1B680133EB
:108500001B4A13607B68DB6A01229A40194B1B6887
:108510001343184A13607B68DA6A13469B001344BE
:108520009B00154A1A447B68043319461046FEF72F
:108530009AFE00F0C3FF0D4B1B68002B0ED00A4BB8
:108540001B68DA6A7B68DB6A9A4207D20B4B4FF0F2
:1085500080521A60BFF34F8FBFF36F8F00BF083791
:10856000BD4680BD68070020680600207407002013
:1085700084070020700700206C06002004ED00E056
:1085800080B584B000AF78600023FB607B68002B6F
:1085900018D0144B1B68002B0BD04FF0500383F303
:1085A0001188BFF36F8FBFF34F8FBB6000BF00BF59
:1085B000FDE700F085F80021786800F0F5FD00F097
:1085C0008DF8F860FB68002B07D1074B4FF0805205
:1085D0001A60BFF34F8FBFF36F8F00BF1037BD46D8
:1085E00080BD00BF9007002004ED00E080B58AB098
:1085F00004AF0023BB6000237B603A46391D07F1BE
:1086000008031846F9F7CCF939687B68BA68029212
:1086100001930023009300230A4621492148FFF7D4
:1086200000FE0346204A13601F4B1B68002B02D03C
:1086300001237B6101E000237B617B69012B1BD15E
:108640004FF0500383F31188BFF36F8FBFF34F8F49
:108650003B6100BF154B1B684C33154A1360154B2B
:108660004FF0FF321A60144B01221A60134B0022A4
:108670001A6000F081FE0FE07B69B3F1FF3F0BD180
:108680004FF0500383F31188BFF36F8FBFF34F8F09
:10869000FB6000BF00BFFDE700BF1837BD4680BDCF
:1086A0001C9D0008718C00088C07002068060020C3
:1086B0002400002088070020740700206C07002099
:1086C00080B400AF044B1B680133034A136000BF42
:1086D000BD4680BC704700BF9007002080B584B0C5
:1086E00000AF0023FB600023BB60424B1B68002BE4
:1086F0000BD14FF0500383F31188BFF36F8FBFF39B
:108700004F8F3B6000BF00BFFDE700F0A7FE394B75
:108710001B68013B374A1360364B1B68002B61D145
:10872000354B1B68002B5DD02EE0344BDB68DB68DB
:10873000FB60FB6818331846FEF7F0FDFB68043356
:108740001846FEF7EBFDFB68DB6A01229A402C4BD2
:108750001B6813432A4A1360FB68DA6A13469B00BE
:1087600013449B00274A1A44FB68043319461046F9
:10877000FEF779FDFB68DA6A234B1B68DB6A9A42D5
:1087800002D3224B01221A601C4B1B68002BCCD158
:10879000FB68002B01D000F027FB1D4B1B687B60A2
:1087A0007B68002B10D000F037F80346002B02D076
:1087B000164B01221A607B68013B7B607B68002BB3
:1087C000F1D1134B00221A60104B1B68002B09D00B
:1087D0000123BB600F4B4FF080521A60BFF34F8FE5
:1087E000BFF36F8F00F06AFEBB6818461037BD46B6
:1087F00080BD00BF900700206807002028070020E8
:10880000700700206C060020680600207C0700200E
:108810007807002004ED00E080B586B000AF0023AB
:108820007B614F4B1B68002B40F08F804D4B1B68CA
:1088300001333B614B4A3B6913603B69002B21D1FB
:10884000494B1B681B68002B0BD04FF0500383F380
:108850001188BFF36F8FBFF34F8F3B6000BF00BF26
:10886000FDE7414B1B68FB60404B1B683E4A1360B1
:108870003E4AFB6813603E4B1B6801333C4A136061
:1088800000F0B2FA3B4B1B683A699A4248D3364B28
:108890001B681B68002B04D1364B4FF0FF321A6067
:1088A0003EE0314B1B68DB68DB68BB60BB685B6824
:1088B0007B603A697B689A4203D22E4A7B681360D8
:1088C0002EE0BB6804331846FEF728FDBB689B6AA0
:1088D000002B04D0BB6818331846FEF71FFDBB6899
:1088E000DB6A01229A40244B1B681343224A13601F
:1088F000BB68DA6A13469B0013449B001F4A1A4464
:10890000BB68043319461046FEF7ADFCBB68DA6A53
:108910001B4B1B68DB6A9A42B9D301237B61B6E724
:10892000174B1B68DA6A154913469B0013449B00DA
:108930000B441B68012B01D901237B61114B1B6880
:10894000002B07D001237B6104E00F4B1B68013330
:108950000D4A13607B6918461837BD4680BD00BFBD
:10896000900700206C07002020070020240700202B
:108970008007002088070020700700206C06002078
:10898000680600207C0700207807002080B487B0AC
:1089900000AF294B1B68002B03D0284B01221A6023
:1089A00045E0264B00221A60254B1B68FB60FB68E4
:1089B000B3FA83F3FB72FB7AC3F11F037B61214996
:1089C0007A6913469B0013449B000B441B68002BE1
:1089D0000BD14FF0500383F31188BFF36F8FBFF3B8
:1089E0004F8F7B6000BF00BFFDE77A6913469B0095
:1089F00013449B00134A13443B613B695B685A680C
:108A00003B695A603B695A683B6908339A4204D112
:108A10003B695B685A683B695A603B695B68DB6825
:108A2000094A1360084B1B684C33084A136000BFA7
:108A30001C37BD4680BC7047900700207C07002093
:108A4000700700206C06002068060020240000202B
:108A500080B584B000AF786039607B68002B0BD1A3
:108A60004FF0500383F31188BFF36F8FBFF34F8F25
:108A7000FB6000BF00BFFDE7074B1B6818331946BA
:108A80007868FEF713FC0121386800F08DFB00BF09
:108A90001037BD4680BD00BF6806002080B586B097
:108AA00000AF78607B68DB68DB683B613B69002B6B
:108AB0000BD14FF0500383F31188BFF36F8FBFF3D7
:108AC0004F8FFB6000BF00BFFDE73B6918331846BE
:108AD000FEF724FC1D4B1B68002B1CD13B690433A3
:108AE0001846FEF71BFC3B69DB6A01229A40184BD3
:108AF0001B681343164A13603B69DA6A13469B00EE
:108B000013449B00134A1A443B6904331946104628
:108B1000FEF7A9FB05E03B69183319460E48FEF73E
:108B2000A2FB3B69DA6A0D4B1B68DB6A9A4205D9E6
:108B300001237B610A4B01221A6001E000237B6163
:108B40007B6918461837BD4680BD00BF90070020DE
:108B5000700700206C06002028070020680600200F
:108B60007C07002080B483B000AF7860064B1A68A1
:108B70007B681A60054B1A687B685A6000BF0C3727
:108B8000BD4680BC704700BF800700206C070020F6
:108B900080B588B000AF786039607B68002B0BD15E
:108BA0004FF0500383F31188BFF36F8FBFF34F8FE4
:108BB0003B6100BF00BFFDE73B68002B0BD14FF0CE
:108BC000500383F31188BFF36F8FBFF34F8FFB60A8
:108BD00000BF00BFFDE700F041FC1D4B1B68BB61FF
:108BE0007B685B68BA69D31A7B613B681B68B3F129
:108BF000FF3F02D10023FB6123E07B681A68154B1D
:108C00001B689A4207D07B685B68BA699A4202D3B4
:108C10000123FB6115E03B681B687A699A420BD21D
:108C20003B681A687B69D21A3B681A607868FFF75C
:108C300099FF0023FB6104E03B6800221A600123D6
:108C4000FB6100F03BFCFB6918462037BD4680BD48
:108C50006C0700208007002080B400AF034B012286
:108C60001A6000BFBD4680BC704700BF7C07002073
:108C700080B582B000AF786000F052F8064B1B68F8
:108C8000012BF9D9054B4FF080521A60BFF34F8F7B
:108C9000BFF36F8FF0E700BF6C06002004ED00E02B
:108CA00080B582B000AF00237B600CE07A68134689
:108CB0009B0013449B00124A13441846FEF7A8FA7F
:108CC0007B6801337B607B68062BEFD90D48FEF78C
:108CD0009FFA0D48FEF79CFA0C48FEF799FA0C48EB
:108CE000FEF796FA0B48FEF793FA0B4B054A1A600B
:108CF0000A4B054A1A6000BF0837BD4680BD00BF59
:108D00006C060020F80600200C0700202807002031
:108D10003C070020540700202007002024070020E3
:108D200080B582B000AF19E000F098FB104BDB6813
:108D3000DB687B607B6804331846FEF7EFFA0D4B67
:108D40001B68013B0B4A13600B4B1B68013B0A4A33
:108D5000136000F0B3FB786800F010F8064B1B6856
:108D6000002BE1D100BF00BF0837BD4680BD00BF6A
:108D70003C070020680700205007002080B584B021
:108D800000AF78607B684C33184600F05DFE7B686E
:108D900093F89D30002B08D17B681B6B184600F0C0
:108DA0002DFD786800F02AFD19E07B6893F89D306E
:108DB000012B03D1786800F021FD10E07B6893F867
:108DC0009D30022B0BD04FF0500383F31188BFF37B
:108DD0006F8FBFF34F8FFB6000BF00BFFDE700BF89
:108DE0001037BD4680BD000080B483B000AF0C4B8F
:108DF0001B681B68002B04D10A4B4FF0FF321A602E
:108E000008E0074B1B68DB68DB687B607B685B689E
:108E1000044A136000BF0C37BD4680BC704700BFDA
:108E2000200700208807002080B483B000AF0B4BE0
:108E30001B68002B02D101237B6008E0084B1B68F4
:108E4000002B02D102237B6001E000237B607B6862
:108E500018460C37BD4680BC704700BF7407002021
:108E60009007002080B584B000AF78607B68BB605D
:108E70000023FB607B68002B5ED0BB68DA6A314B55
:108E80001B68DB6A9A424ED2BB689B69002B06DBEB
:108E90002C4B1B68DB6AC3F10702BB689A61BB6895
:108EA0005969BB68DA6A13469B0013449B00264A43
:108EB000134499422FD1BB6804331846FEF72EFAAB
:108EC0000346002B0AD1BB68DB6A012202FA03F3D6
:108ED000DA431E4B1B6813401C4A1360194B1B6876
:108EE000DA6ABB68DA62BB68DB6A01229A40174B18
:108EF0001B681343154A1360BB68DA6A13469B006C
:108F000013449B00104A1A44BB68043319461046A8
:108F1000FEF7A9F904E00B4B1B68DA6ABB68DA625A
:108F20000123FB6008E0BB685A6C064B1B68DB6AD8
:108F30009A4201D20123FB60FB6818461037BD46F8
:108F400080BD00BF680600206C060020700700206E
:108F500080B586B000AF78607B683B6100237B61A1
:108F60007B68002B70D03B4B1B683A699A420BD050
:108F70004FF0500383F31188BFF36F8FBFF34F8F10
:108F8000FB6000BF00BFFDE73B699B6C002B0BD172
:108F90004FF0500383F31188BFF36F8FBFF34F8FF0
:108FA000BB6000BF00BFFDE73B699B6C5A1E3B697D
:108FB0009A643B69DA6A3B695B6C9A4244D03B69CC
:108FC0009B6C002B40D13B6904331846FEF7A6F991
:108FD0000346002B15D13B69DA6A1F4913469B00F3
:108FE00013449B000B441B68002B0AD13B69DB6ACE
:108FF000012202FA03F3DA43184B1B681340174AA5
:1090000013603B695A6C3B69DA623B69DB6AC3F106
:1090100007023B699A613B69DB6A01229A400F4B68
:109020001B6813430D4A13603B69DA6A13469B00C1
:1090300013449B00084A1A443B69043319461046FE
:10904000FEF711F901237B617B6918461837BD468D
:1090500080BD00BF680600206C060020700700205D
:1090600080B588B000AF786039607B68BB61012350
:109070007B617B68002B79D0BB699B6C002B0BD18B
:109080004FF0500383F31188BFF36F8FBFF34F8FFF
:10909000FB6000BF00BFFDE7BB695B6C3A689A42AA
:1090A00002D93B68FB6102E0BB695B6CFB61BB6999
:1090B000DB6AFA699A4259D0BB699B6C7A699A4219
:1090C00054D12C4B1B68BA699A420BD14FF0500314
:1090D00083F31188BFF36F8FBFF34F8FBB6000BF67
:1090E00000BFFDE7BB69DB6A3B61BB69FA69DA6215
:1090F000BB699B69002B04DBFB69C3F10702BB69F9
:109100009A61BB6959693A6913469B0013449B00F5
:10911000194A1344994229D1BB6904331846FEF712
:10912000FDF80346002B0AD1BB69DB6A012202FA73
:1091300003F3DA43114B1B681340104A1360BB69F9
:10914000DB6A01229A400D4B1B6813430B4A1360E4
:10915000BB69DA6A13469B0013449B00064A1A4413
:10916000BB69043319461046FEF77DF800BF20376F
:10917000BD4680BD680600206C06002070070020F8
:1091800080B400AF074B1B68002B04D0054B1B6855
:109190009A6C01329A64034B1B681846BD4680BC2A
:1091A000704700BF6806002080B584B000AF7860CB
:1091B0003960294B1B68FB60284B1B680433184639
:1091C000FEF7ACF80346002B0BD1244B1B68DB6A7F
:1091D000012202FA03F3DA43214B1B681340204AB1
:1091E00013607B68B3F1FF3F0AD13B68002B07D0C7
:1091F0001A4B1B68043319461A48FEF734F826E068
:10920000FA687B681344BB60144B1B68BA685A60E9
:10921000BA68FB689A4209D2134B1A680F4B1B6855
:10922000043319461046FEF741F810E00F4B1A6858
:109230000A4B1B68043319461046FEF737F80C4BEF
:109240001B68BA689A4202D2094ABB68136000BF21
:109250001037BD4680BD00BF6C07002068060020A7
:10926000700700205407002024070020200700205A
:109270008807002080B485B000AFF860B9607A60DC
:10928000FB68043BFB60FB684FF080721A60FB6870
:10929000043BFB60BB6823F00102FB681A60FB68BB
:1092A000043BFB60084AFB681A60FB68143BFB60E8
:1092B0007A68FB681A60FB68203BFB60FB68184615
:1092C0001437BD4680BC7047CD92000880B485B08D
:1092D00000AF00237B60124B1B68B3F1FF3F0BD044
:1092E0004FF0500383F31188BFF36F8FBFF34F8F9D
:1092F000FB6000BF00BFFDE74FF0500383F3118810
:10930000BFF36F8FBFF34F8FBB6000BF00BF7B68A1
:10931000002BFCD000BF00BF1437BD4680BC704797
:1093200020000020000000000000000000000000FD
:10933000074B19680868B0E8F00F80F30988BFF39D
:109340006F8F4FF0000080F311884EF00D0E7047C4
:109350006806002000BF00BF06480068006880F370
:10936000088862B661B6BFF34F8FBFF36F8F00DF1F
:1093700000BF00BF08ED00E080B584B000AF324B05
:10938000FB60FB681B78DBB27B60FB68FF221A7016
:10939000FB681B78DBB2FB70FB78DBB203F0500399
:1093A000DAB22A4B1A702A4B07221A6009E0284BBE
:1093B0001B68013B264A1360FB78DBB25B00DBB223
:1093C000FB70FB78DBB203F08003802BEFD0204BE7
:1093D0001B68C3F10703042B0BD04FF0500383F33A
:1093E0001188BFF36F8FBFF34F8FBB6000BF00BF0B
:1093F000FDE7174B1B681B02154A1360144B1B68D3
:1094000003F4E063124A13607B68DAB2FB681A70F7
:10941000104B1B680F4A43F4700313600D4B1B681D
:109420000C4A43F07043136000F0B8F80A4B002276
:109430001A60FFF791FFFFF7A9FAFFF747FF002334
:1094400018461037BD4680BD00E400E094070020B8
:109450009807002020ED00E02000002080B483B0B9
:1094600000AF4FF0500383F31188BFF36F8FBFF34A
:109470004F8F7B6000BF0F4B1B6801330D4A136099
:109480000C4B1B68012B10D10B4B1B68DBB2002B64
:109490000BD04FF0500383F31188BFF36F8FBFF3EE
:1094A0004F8F3B6000BF00BFFDE700BF0C37BD46DC
:1094B00080BC70472000002004ED00E080B483B041
:1094C00000AF124B1B68002B0BD14FF0500383F3FE
:1094D0001188BFF36F8FBFF34F8F7B6000BF00BF5A
:1094E000FDE70A4B1B68013B084A1360074B1B68EA
:1094F000002B05D100233B603B6883F3118800BF3C
:1095000000BF0C37BD4680BC704700BF2000002064
:10951000EFF30980BFF36F8F0D4B1A6820E9F00F4E
:1095200010602DE908404FF0500080F31188FFF7DC
:109530002DFA4FF0000080F31188BDE8084019684B
:109540000868B0E8F00F80F30988BFF36F8F7047A9
:109550006806002000BF00BF80B582B000AF4FF0AA
:10956000500383F31188BFF36F8FBFF34F8F7B607E
:1095700000BFFFF751F90346002B03D0064B4FF015
:1095800080521A6000233B603B6883F3118800BF60
:1095900000BF0837BD4680BD04ED00E080B400AFD9
:1095A0000A4B00221A600A4B00221A60094B1B6802
:1095B000094AA2FB03239B09084A013B1360034BA2
:1095C00007221A6000BFBD4680BC704710E000E073
:1095D00018E000E014000020D34D621014E000E019
:1095E00080B485B000AFEFF30583FB60FB680F2B01
:1095F00015D9174AFB6813441B78FB72154B1B786F
:10960000FA7A9A420BD24FF0500383F31188BFF3DA
:109610006F8FBFF34F8F7B6000BF00BFFDE70E4B26
:109620001B6803F4E0620D4B1B689A420BD94FF0A4
:10963000500383F31188BFF36F8FBFF34F8F3B60ED
:1096400000BF00BFFDE700BF1437BD4680BC7047B8
:10965000F0E300E0940700200CED00E09807002004
:1096600080B58AB000AF78600023FB61FFF728F86F
:109670005C4B1B68002B01D100F024F95A4B1A688F
:109680007B681340002B40F095807B68002B1ED038
:1096900008227B6813447B607B6803F00703002B80
:1096A00015D07B6823F0070308337B607B6803F0E9
:1096B0000703002B0BD04FF0500383F31188BFF347
:1096C0006F8FBFF34F8F7B6100BF00BFFDE77B68EB
:1096D000002B6FD0454B1B687A689A426AD8444B7E
:1096E0003B62434B1B687B6204E07B6A3B627B6AA4
:1096F0001B687B627B6A5B687A689A4203D97B6AE3
:109700001B68002BF1D1374B1B687A6A9A4251D003
:109710003B6A1B6808221344FB617B6A1A683B6A38
:109720001A607B6A5A687B68D21A08235B009A42E7
:1097300020D97A6A7B681344BB61BB6903F00703D5
:10974000002B0BD04FF0500383F31188BFF36F8FC2
:10975000BFF34F8F3B6100BF00BFFDE77B6A5A68D4
:109760007B68D21ABB695A607B6A7A685A60B869AA
:1097700000F00AF91D4B1A687B6A5B68D31A1B4A12
:1097800013601A4B1A681B4B1B689A4203D2174B83
:109790001B68184A13607B6A5A68134B1B681A438C
:1097A0007B6A5A607B6A00221A60134B1B68013384
:1097B000114A1360FEF792FFFB6903F00703002BC9
:1097C0000BD04FF0500383F31188BFF36F8FBFF3BB
:1097D0004F8FFB6000BF00BFFDE7FB6918462837CD
:1097E000BD4680BDA42B0020B82B0020A82B002054
:1097F0009C2B0020AC2B0020B02B002080B586B025
:1098000000AF78607B687B617B68002B4FD00823BA
:109810005B427A6913447B617B693B613B695A68AF
:10982000254B1B681340002B0BD14FF0500383F3E3
:109830001188BFF36F8FBFF34F8FFB6000BF00BF76
:10984000FDE73B691B68002B0BD04FF0500383F3FF
:109850001188BFF36F8FBFF34F8FBB6000BF00BF96
:10986000FDE73B695A68144B1B681340002B1ED060
:109870003B691B68002B1AD13B695A680E4B1B6869
:10988000DB431A403B695A60FEF71AFF3B695A688E
:109890000A4B1B681344094A1360386900F074F8D6
:1098A000074B1B680133064A1360FEF717FF00BF22
:1098B0001837BD4680BD00BFB82B0020A82B002064
:1098C000B42B002080B485B000AF4FF41053BB60C0
:1098D000274BFB60FB6803F00703002B0CD0FB68F1
:1098E0000733FB60FB6823F00703FB60BA68FB6883
:1098F000D31A1F4A1344BB60FB687B601D4A7B6818
:1099000013601C4B00225A607B68BA681344FB60EA
:109910000822FB689B1AFB60FB6823F00703FB60CF
:10992000FB68154A1360144B1B6800225A60124BE7
:109930001B6800221A607B683B603B68FA68D21A99
:109940003B685A600C4B1A683B681A603B685B685E
:109950000A4A13603B685B68094A1360094B4FF081
:1099600000421A6000BF1437BD4680BC704700BF7C
:109970009C0700209C2B0020A42B0020AC2B002057
:10998000A82B0020B82B002080B485B000AF7860F1
:10999000274BFB6002E0FB681B68FB60FB681B68F1
:1099A0007A689A42F7D8FB68BB60FB685B68BA6864
:1099B00013447A689A4208D1FB685A687B685B68EE
:1099C0001A44FB685A60FB687B607B68BB607B68FD
:1099D0005B68BA681A44FB681B689A4218D1FB6836
:1099E0001A68144B1B689A420DD07B685A68FB6852
:1099F0001B685B681A447B685A60FB681B681A68BE
:109A00007B681A6008E00B4B1A687B681A6003E0F9
:109A1000FB681A687B681A60FA687B689A4202D011
:109A2000FB687A681A6000BF1437BD4680BC704777
:109A30009C2B0020A42B002003460244934200D11B
:109A4000704703F8011BF9E72D4B70B51B680446FE
:109A5000834253D0C3691BB3DB6863B10025E3695C
:109A6000DB685959B1B90435802DF8D1E369204636
:109A7000D96800F07BF8E369196811B1204600F05D
:109A800075F8E3699D685DB1294620462D6800F0B0
:109A90006DF8F8E70E68204600F068F83146E1E717
:109AA000616911B1204600F061F8E16911B1204609
:109AB00000F05CF8216B11B1204600F057F8616BA3
:109AC00011B1204600F052F8A16B11B1204600F010
:109AD0004DF8A16C11B1204600F048F8616C11B14D
:109AE000204600F043F8E16A11B1204600F03EF84C
:109AF000236A1BB12046BDE87040184770BD00BF07
:109B00002400002070B500260C4D0D4C641BA410E1
:109B1000A64209D100F07EF800260A4D0A4C641BCB
:109B2000A410A64205D170BD55F8043B98470136F4
:109B3000EEE755F8043B98470136F2E7609D0008D0
:109B4000609D0008609D0008649D00087047704794
:109B50000A44914200F1FF3300D1704710B511F86B
:109B6000014B914203F8014FF9D110BD38B50546BC
:109B7000002940D051F8043C0C1F002BB8BFE4185A
:109B800000F03CF81C4A136833B96360146028463F
:109B9000BDE8384000F038B8A34208D92068211841
:109BA0008B4201BF19685B6809182160EDE71A460E
:109BB0005B680BB1A342FAD911685018A0420BD1CF
:109BC00020680144501883421160E0D118685B6836
:109BD000084410605360DAE702D90C232B60D6E703
:109BE000206821188B4201BF19685B680918216041
:109BF00063605460CBE738BDF82C00200148FFF7C4
:109C0000A5BF00BFF42C00200148FFF7A0BF00BF94
:109C1000F42C0020F8B500BFF8BC08BC9E46704785
:0C9C2000F8B500BFF8BC08BC9E467047B9
:109C2C0064656661756C745461736B002C9C0008E0
:109C3C00711B0008FDFF0000000000008000000008
:109C4C000000000000000000456E76696F556172DF
:109C5C0074000000549C0008811B000801000000E7
:109C6C000000000080000000000000000000000068
:109C7C0052656164496E707574735461736B000046
:109C8C007C9C0008B91C0008FFFF000000000000CD
:109C9C008000000000000000000000004C656572B0
:109CAC0041444300A89C0008691D00080000000006
:109CBC000000000000010000000000000000000097
:109CCC004C656572424D503238300000CC9C000817
:109CDC00E11D0008FEFF0000000000000001000074
:109CEC0000000000000000004C65657255415254A4
:109CFC0000000000F49C0008651E00080200000033
:109D0C0000000000800100000000000000000000C6
:109D1C0049444C4500000000000000000000000019
:109D2C0000000000000000000102030406070809FF
:109D3C0000000000010203040203040506070809E1
:0C9D4C000A0B0C0D0E0F1010010200009D
:089D58009469FF7F0100000087
:049D600035010008C1
:049D640011010008E1
:109D6800010000000201A201AA01A2070F010100DF
:109D78000000000000127A0010000000010000003E
:109D8800AAAAAAAA2800002000000000BC2B0020D4
:109D9800242C00208C2C0020000000000000000073
:109DA80000000000000000000000000000000000AB
:109DB800000000000000000000000000000000009B
:109DC800000000000000000000000000000000008B
:049DD8000000000087
:0400000508002C01C2
:00000001FF
