:020000040800F2
:1000000000500020E92600082122000829220008CB
:1000100031220008392200084122000800000000B7
:10002000000000000000000000000000019A00082D
:100030004922000800000000E19B0008299C0008FC
:100040003127000831270008312700083127000830
:100050003127000831270008312700083127000820
:1000600031270008312700083127000855220008F1
:100070003127000831270008312700083127000800
:1000800031270008312700083127000831270008F0
:1000900031270008312700083127000831270008E0
:1000A00031270008312700083127000831270008D0
:1000B000312700083127000869220008312700088D
:1000C00031270008312700083127000831270008B0
:1000D000312700087D2200083127000891220008FE
:1000E00031270008312700083127000800000000F0
:1000F0000000000000000000000000000000000000
:0C01000000000000000000005FF808F1A3
:1001100010B5054C237833B9044B13B10448AFF341
:1001200000800123237010BD6C000020000000003F
:10013000E4A2000808B5034B1BB103490348AFF321
:10014000008008BD0000000070000020E4A200084C
:1001500080F0004002E000BF81F0004142001FBF7C
:100160005FEA410392EA030F7FEA226C7FEA236C85
:100170006AD04FEA1262D2EB1363C1BFD21841407A
:1001800048404140B8BF5B42192B88BF704710F010
:10019000004F40F4000020F07F4018BF404211F0B3
:1001A000004F41F4000121F07F4118BF494292EA1B
:1001B000030F3FD0A2F1010241FA03FC10EB0C0047
:1001C000C3F1200301FA03F100F0004302D54942D4
:1001D00060EB4000B0F5000F13D3B0F1807F06D381
:1001E00040084FEA310102F10102FE2A51D2B1F179
:1001F000004F40EBC25008BF20F0010040EA03006E
:100200007047490040EB0000013A28BFB0F5000FED
:10021000EDD2B0FA80FCACF1080CB2EB0C0200FAA3
:100220000CF0AABF00EBC25052421843BCBFD040F2
:100230001843704792F0000F81F4000106BF80F46C
:1002400000000132013BB5E74FEA41037FEA226C2F
:1002500018BF7FEA236C21D092EA030F04D092F0FA
:10026000000F08BF0846704790EA010F1CBF00202E
:10027000704712F07F4F04D1400028BF40F000408B
:10028000704712F100723CBF00F50000704700F0AB
:10029000004343F0FE4040F4000070477FEA2262D2
:1002A00016BF08467FEA23630146420206BF5FEAA3
:1002B000412390EA010F40F4800070474FF00003A3
:1002C00004E000BF10F0004348BF40425FEA000C6A
:1002D00008BF704743F0964301464FF000001CE012
:1002E00050EA010208BF70474FF000030AE000BF68
:1002F00050EA010208BF704711F0004302D54042A6
:1003000061EB41015FEA010C02BF84460146002017
:1003100043F0B64308BFA3F18053A3F50003BCFA32
:100320008CF2083AA3EBC25310DB01FA02FC6344DF
:1003300000FA02FCC2F12002BCF1004F20FA02F2E6
:1003400043EB020008BF20F00100704702F12002D9
:1003500001FA02FCC2F1200250EA4C0021FA02F23A
:1003600043EB020008BF20EADC7070474FF0FF0C3F
:100370001CEAD0521EBF1CEAD15392EA0C0F93EA3A
:100380000C0F6FD01A4480EA010C400218BF5FEADC
:1003900041211ED04FF0006343EA501043EA51114F
:1003A000A0FB01310CF00040B1F5000F3EBF490049
:1003B00041EAD3715B0040EA010062F17F02FD2A4D
:1003C0001DD8B3F1004F40EBC25008BF20F0010030
:1003D000704790F0000F0CF0004C08BF49024CEA47
:1003E000502040EA51207F3AC2BFD2F1FF0340EAD9
:1003F000C250704740F400004FF00003013A5DDC4A
:1004000012F1190FDCBF00F000407047C2F100028A
:10041000410021FA02F1C2F1200200FA02FC5FEA77
:10042000310040F1000053EA4C0308BF20EADC70C1
:10043000704792F0000F00F0004C02BF400010F433
:10044000000F013AF9D040EA0C0093F0000F01F0E0
:10045000004C02BF490011F4000F013BF9D041EA02
:100460000C018FE70CEAD15392EA0C0F18BF93EA04
:100470000C0F0AD030F0004C18BF31F0004CD8D12E
:1004800080EA010000F00040704790F0000F17BFB5
:1004900090F0004F084691F0000F91F0004F14D0FB
:1004A00092EA0C0F01D142020FD193EA0C0F03D153
:1004B0004B0218BF084608D180EA010000F0004056
:1004C00040F0FE4040F40000704740F0FE4040F431
:1004D000400070474FF0FF0C1CEAD0521EBF1CEAD0
:1004E000D15392EA0C0F93EA0C0F69D0A2EB0302EE
:1004F00080EA010C49024FEA402037D04FF0805388
:1005000043EA111143EA10130CF000408B4238BF4C
:100510005B0042F17D024FF4000C8B4224BF5B1A5A
:1005200040EA0C00B3EB510F24BFA3EB510340EAA8
:100530005C00B3EB910F24BFA3EB910340EA9C0056
:10054000B3EBD10F24BFA3EBD10340EADC001B01C6
:1005500018BF5FEA1C1CE0D1FD2A3FF650AF8B426A
:1005600040EBC25008BF20F0010070470CF0004C77
:100570004CEA50207F32C2BFD2F1FF0340EAC250A2
:10058000704740F400004FF00003013A37E792F063
:10059000000F00F0004C02BF400010F4000F013AC1
:1005A000F9D040EA0C0093F0000F01F0004C02BFBC
:1005B000490011F4000F013BF9D041EA0C0195E725
:1005C0000CEAD15392EA0C0F08D142027FF47DAFBE
:1005D00093EA0C0F7FF470AF084676E793EA0C0FAE
:1005E00004D14B023FF44CAF08466EE730F0004CAC
:1005F00018BF31F0004CCAD130F000427FF45CAF3C
:1006000031F000437FF43CAF5FE700BF42000ED201
:10061000B2F1FE4F0BD34FF09E03B3EB126209D43D
:100620004FEA002343F0004323FA02F070474FF0F3
:100630000000704712F1610F01D1420202D14FF068
:10064000FF3070474FF00000704700BF7BB972B9B0
:100650000029BEBF00204FF0004106E008BF00287F
:100660001CBF6FF000414FF0FF3000F0BFB9ADF19B
:10067000080C6DE904CE002909DB002B1ADB00F021
:1006800035F8DDF804E0DDE9022304B070474042AC
:1006900061EB4101002B1BDB00F028F8DDF804E0E2
:1006A000DDE9022304B0404261EB4101524263EBB9
:1006B00043037047524263EB430300F017F8DDF841
:1006C00004E0DDE9022304B0404261EB41017047E0
:1006D000524263EB430300F009F8DDF804E0DDE982
:1006E000022304B0524263EB430370472DE9F04705
:1006F000089D8E4604468846002B4AD18A421746FA
:1007000062D9B2FA82F64EB1C6F1200301FA06F8B8
:1007100020FA03F3B74043EA0808B4404FEA174E03
:10072000B8FBFEF11FFA87FC0EFB118801FB0CF2EF
:10073000230C43EA08439A4209D9FB1801F1FF3020
:1007400080F0EB809A4240F2E88002393B449A1AEA
:10075000B2FBFEF00EFB102200FB0CFCA3B243EA3E
:1007600002439C4509D9FB1800F1FF3280F0D78085
:100770009C4540F2D4803B44023840EA01400021CD
:10078000A3EB0C031DB10022F340C5E90032BDE824
:10079000F0878B4205D90DB1C5E90001002108465B
:1007A000F5E7B3FA83F1002946D1734502D38242BB
:1007B00000F20881841A6EEB030201209046002D9E
:1007C000E5D0C5E90048E2E7002A00F09180B2FADE
:1007D00082F6002E40F0A5808A1A0121030C4FEA10
:1007E000174E80B2BCB2B2FBFEFC0EFB1C2243EAE9
:1007F000024304FB0CF29A4207D9FB180CF1FF38B4
:1008000002D29A4200F2E380C4469B1AB3FBFEF286
:100810000EFB123302FB04F440EA03439C4207D967
:10082000FB1802F1FF3002D29C4200F2CD8002465A
:100830001B1B42EA0C40A5E7C1F120068B4022FABF
:1008400006F71F432EFA06FA4FEA1749BAFBF9F8E2
:100850000EFA01FE20FA06F309FB18AA1FFA87FC1C
:1008600043EA0E0300FA01FE08FB0CF01C0C44EAFC
:100870000A44A04202FA01F20AD93C1908F1FF3AEF
:1008800080F09E80A04240F29B80A8F102083C4488
:10089000241A98B2B4FBF9F309FB134403FB0CFCD4
:1008A00040EA0444A44509D93C1903F1FF3080F023
:1008B0008580A44540F28280023B3C4443EA0840E4
:1008C000A4EB0C04A0FB028C64454346E14664D3D0
:1008D00061D05DB1BEEB030264EB090404FA06F6D5
:1008E00022FA01F31E43CC40C5E9006400214EE723
:1008F000B1FBF2FC010C41EA0E4180B240EA014238
:100900003B46B1FBF7F138463C46B846BE4620268A
:10091000A2EB080241EA0C4165E7014617E71046E1
:100920002BE7C6F120012EFA01FCB7400EFA06FEB5
:1009300020FA01F141EA0E014FEA174EBCFBFEF826
:10094000BCB20EFB18CC08FB04F90A0C42EA0C42BC
:10095000B04091454FEA104380B23ED9BA1808F131
:10096000FF3C01D291451FD8A2EB0902B2FBFEF970
:1009700009FB04F80EFB192A8AB242EA0A424245F0
:1009800029D2BA1809F1FF31C2D24245C0D2A9F129
:1009900002013A44BCE7C6459BD2B8EB02036CEBBC
:1009A000070C0138E14694E7A7EB09094A44B2FB7A
:1009B000FEF9A8F1020C09FB04F8DBE703467DE72A
:1009C000D04665E70846FAE63B44023A30E7ACF128
:1009D000020C3B4419E749469AE7A2EB0902B2FB35
:1009E000FEF9C44609FB04F8C4E700BF704700BF26
:1009F00080B584B000AF3B1D00221A605A609A6037
:100A0000274B284A1A60264B4FF480729A60244B79
:100A100001221A73224B00221A75214B4FF46022D7
:100A2000DA611F4B00225A601D4B03221A611C48D9
:100A300001F0D6FE0346002B01D001F0B3FA0023EB
:100A40007B600123BB600723FB603B1D19461448F4
:100A500002F098F80346002B01D001F0A3FA01231D
:100A60007B600223BB603B1D19460D4802F08AF8EB
:100A70000346002B01D001F095FA02237B6003238B
:100A8000BB603B1D1946064802F07CF80346002B6C
:100A900001D001F087FA00BF1037BD4680BD00BF0E
:100AA000880000200024014080B588B000AF786045
:100AB00007F1100300221A605A609A60DA607B68BE
:100AC0001B68284A934249D1274B9B69264A43F425
:100AD00000739361244B9B6903F40073FB60FB6814
:100AE000214B9B69204A43F0040393611E4B9B6991
:100AF00003F00403BB60BB6807233B6103237B61F6
:100B000007F110031946194802F0B8FD184B194AAD
:100B10001A60174B00225A60154B00229A60144B42
:100B20008022DA60124B4FF480721A61104B4FF43E
:100B300080625A610E4B20229A610D4B0022DA61CD
:100B40000B4802F0F9FA0346002B01D001F02AFA13
:100B50007B68074A1A62064A7B68536200BF2037E7
:100B6000BD4680BD00240140001002400008014045
:100B7000B80000200800024080B500AF044B1B689D
:100B8000044A11880022184602F013FF00BF80BDFE
:100B9000000100200401002080B500AF044B1B6859
:100BA000044A11880122184602F003FF00BF80BDED
:100BB000000100200401002080B584B000AF03468E
:100BC0000A46FB711346BB71FB7903F07F03DBB26E
:100BD0003B73BB797B73FFF7CFFF084B186807F1B6
:100BE0000C016423022203F077FC0346FB73FFF73A
:100BF000D3FFFB7B18461037BD4680BDFC000020AC
:100C000080B584B000AF03463960FB711346BB80EA
:100C1000FB7963F07F03DBB2FB71FFF7ADFF114B94
:100C20001868F91D6423012203F056FC0346FB7388
:100C30000C4B1868BA886423396803F091FD0346A9
:100C4000BB73FFF7A9FFFB7B002B02D1BB7B002B03
:100C500001D0012300E00023DBB218461037BD4667
:100C600080BD00BFFC00002080B586B000AF3B46D1
:100C7000182219468820FFF7C3FF0346002B01D036
:100C800000237AE07B781BB21B021AB23B781BB2BE
:100C900013431BB29AB23B4B1A80FB781BB21B0268
:100CA0001AB2BB781BB213431AB2364B5A807B7907
:100CB0001BB21B021AB23B791BB213431AB2314B5F
:100CC0009A80FB791BB21B021AB2BB791BB2134389
:100CD0001BB29AB22B4BDA807B7A1BB21B021AB280
:100CE0003B7A1BB213431AB2264B1A81FB7A1BB212
:100CF0001B021AB2BB7A1BB213431AB2214B5A81A0
:100D00007B7B1BB21B021AB23B7B1BB213431AB292
:100D10001C4B9A81FB7B1BB21B021AB2BB7B1BB222
:100D200013431AB2174BDA817B7C1BB21B021AB237
:100D30003B7C1BB213431AB2124B1A82FB7C1BB2D0
:100D40001B021AB2BB7C1BB213431AB20D4B5A8260
:100D50007B7D1BB21B021AB23B7D1BB213431AB23E
:100D6000084B9A82FB7D1BB21B021AB2BB7D1BB2E1
:100D700013431AB2034BDA82012318461837BD46D3
:100D800080BD00BF0801002080B586B000AFF860CC
:100D9000B9601346FB80264AFB681360254ABB688E
:100DA0001360254AFB881380FFF7F6FE642001F0EC
:100DB000F3FCB621E020FFF7FFFE0346002B01D035
:100DC000002330E0642001F0E7FC0023FB7507F10D
:100DD000170301221946D020FFF712FF0346002B0C
:100DE00002D1FB7D582B01D000231CE0FFF73CFF14
:100DF000034683F00103DBB2002B01D0002312E095
:100E00002721F420FFF7D8FE0346002B01D0002352
:100E100009E00021F520FFF7CFFE0346002B01D0AB
:100E2000002300E0012318461837BD4680BD00BFEF
:100E3000FC000020000100200401002080B586B0E5
:100E400000AF3B1D03221946FA20FFF7D9FE0346E7
:100E5000002B01D0234B40E03B791A037B791B0127
:100E60001343BA791209D2B213437B617B69DA105A
:100E70001D4B1B885B00D31A1B4AB2F9022002FBF0
:100E800003F3DB123B617B691B11174A12889B1A23
:100E90007A69121114490988521A02FB03F31B13D1
:100EA000114AB2F9042002FB03F39B13FB603A6979
:100EB000FB6813440D4A13600C4B1A6813469B00E1
:100EC000134480331B121846FFF7FCF90346BB603E
:100ED0000749B868FFF7FEFA034618461837BD46BB
:100EE00080BD00BF00007AC408010020200100205E
:100EF0000000C8422DE9B04FCCB000AF07F58673B3
:100F000003221946F720FFF77BFE0346002B01D092
:100F1000B14BB5E297F80C311A0397F80D311B016C
:100F20001A4397F80E311B09DBB21343C7F82C3173
:100F3000AA4B1B68DA17C7F8C830C7F8CC20D7E926
:100F400032231146B1F5FA31B96443F1FF33FB6442
:100F5000D7E91223C7E94823D7F82421D7F820314D
:100F600003FB02F1D7F82421D7F8203102FB03F369
:100F7000CA18D7F82031A3FB034553191D46984BD7
:100F8000B3F910301BB2DA17C7F8C030C7F8C42065
:100F9000D7E93001034603FB05F20B4604FB03F3DC
:100FA00013440246A4FB02894B449946C7E946898B
:100FB000C7E946898A4BB3F90E301BB2DA17C7F876
:100FC000B830C7F8BC20D7F82031D7E92E452A46DB
:100FD00002FB03F2D7F82431214601FB03F31A4444
:100FE000D7F820312146A3FB01AB02EB0B039B4654
:100FF0004FF000004FF000014FEA4B4141EADA3177
:101000004FEA4A40D7E9462314183C644B417B64BD
:10101000D7E91034C7E94634714BB3F90C301BB231
:10102000DA17C7F8B030C7F8B4204FF000004FF01F
:101030000001D7F8B030D9000020D7E946231418B2
:10104000BC634B41FB63D7E90E34C7E94634D7F89C
:101050002421D7F8203103FB02F1D7F82421D7F857
:10106000203102FB03F3CA18D7F82031A3FB033168
:10107000C7F80411C7F80031D7F80431D318C7F8FE
:101080000431574BB3F90A301BB2DA17C7F8A8304E
:10109000C7F8AC20D7E940342246D7E92A8941462F
:1010A00001FB02F24D4618462146034603FB05F3B9
:1010B000134402464146A2FB0121C7F8FC10C7F8C1
:1010C000F820D7F8FC201344C7F8FC304FF000009C
:1010D0004FF00001D7E93E452346180A2A4640EA68
:1010E00002602B4619123E4BB3F908301BB2DA17D7
:1010F000C7F8A030C7F8A420D7F82031D7E928894D
:101100004A4602FB03F2D7F82431444604FB03F3BA
:101110001A44D7F820314446A3FB0434C7F8F440FE
:10112000C7F8F030D7F8F430D318C7F8F4304FF0E0
:1011300000024FF00003D7E93C894C462303C44624
:1011400043EA1C534446220384183C6341EB0303E7
:101150007B63D7E90C34C7E94834D7E9482303F562
:101160000041C7F89C10C7F898201D4BDB889BB244
:101170000022C7F89030C7F89420D7E926342246D9
:10118000D7E92489414601FB02F24D461846214623
:10119000034603FB05F3134402464146A2FB01212B
:1011A000C7F8EC10C7F8E820D7F8EC201344C7F8CC
:1011B000EC304FF000024FF00003D7E93A452946E2
:1011C0004A102946CB17C7E94823D7E948231343D8
:1011D00008D14FF0000353E1000080BF2001002040
:1011E00008010020D7F82C31C3F58013DA17BB6251
:1011F000FA62D7E90A34C7E94434D7F810315B10F2
:10120000C7F88C30D7F81031DB07C7F88830D7E93A
:101210004623D7E922010446A41AC7F8804061EBAF
:101220000303C7F88430D7E9204522462B4691189E
:1012300039625B417B62D7E9082321465118B961C5
:1012400029464B41FB614FF000024FF00003D7E904
:10125000068949468B01414643EA916341468A012A
:10126000414689183961494643EB010179614FF0E4
:1012700000024FF00003D7E9048949468B00C446B9
:1012800043EA9C7341468A001046194603462246AB
:101290009B18BB600B462A4642EB0303FB604FF0F2
:1012A00000024FF00003D7E9028949468B00C4468B
:1012B00043EA9C7341468A0010461946034622467B
:1012C0009B18BB672B460A4642EB0303FB67D7E933
:1012D0004823D7E91E01FFF7B9F902460B46C7E9D3
:1012E00044236A4BB3F916301BB2DA173B677A67AF
:1012F000D7E944234FF000004FF00001500B40EAC3
:10130000C3405913D7E91C452B4600FB03F2234683
:1013100003FB01F313442246A2FB0021C7F8E410AB
:10132000C7F8E020D7F8E4201344C7F8E430D7E941
:1013300044234FF000004FF00001500B40EAC3403F
:101340005913D7E938452B4600FB03F2234603FB2C
:1013500001F313442246A2FB0021C7F8DC10C7F8B2
:10136000D820D7F8DC201344C7F8DC304FF0000257
:101370004FF00003D7E9364521464A0E204629465C
:101380000C4642EAC4124B16C7E948233F4BB3F957
:1013900014301BB2DA17BB66FA66D7F81031D7E9FA
:1013A0001A452A4602FB03F2D7F81431214601FB05
:1013B00003F31344D7F810212146A2FB0121C7F8FB
:1013C000D410C7F8D020D7F8D4201344C7F8D430AD
:1013D0004FF000024FF00003D7E934452146CA0C14
:1013E000204629460C4642EA4432CB14C7E946233C
:1013F000D7E94401D7E9482384183C6641EB03034D
:101400007B66D7E94623D7E9184521468918B9658F
:10141000294643EB0101F9654FF000004FF0000150
:10142000D7E916452346180A2A4640EA02602B46A9
:101430001912164BB3F912301BB2DA173B657A65F5
:101440004FF000024FF00003D7E914894C46230106
:10145000C44643EA1C734446220184183C6041EBB5
:1014600003037B60D7E90034C7E94434D7E944017A
:10147000FEF73EFF034606491846FFF72BF80346E2
:10148000184607F59877BD46BDE8B08F08010020E3
:101490000000C84680B582B000AF78607B681B68EA
:1014A000124A93420CD107221149124804F059FD07
:1014B000114B1B680E490022184605F0E9FC10E0AC
:1014C0007B681B680D4A93420BD107220C490D48DB
:1014D00004F047FD0C4B1B6809490022184605F033
:1014E000D7FC00BF0837BD4680BD00BF00380140B3
:1014F00024010020E40700204801002000480040AB
:101500002C0100202C0800204C01002080B485B064
:1015100000AF78600B46FB700023FB730023BB73A6
:1015200024E0BB7B7A6813441B78DAB2FB7B534020
:10153000FB7300237B7313E097F90F30002B08DA5D
:1015400097F90F305B005BB283F007035BB2DBB24D
:1015500002E0FB7B5B00DBB2FB737B7B01337B73C5
:101560007B7B072BE8D9BB7B0133BB73BA7BFB7852
:101570009A42D6D3FB7B18461437BD4680BC7047D1
:1015800080B582B000AF0C4B5B690B4A43F001039E
:101590005361094B5B6903F001037B607B680022A8
:1015A00005210B2001F09DFD0B2001F0B6FD00BFD1
:1015B0000837BD4680BD00BF0010024080B485B032
:1015C00000AFF860B9607A60FB68064A1A60BB68D1
:1015D000054A1A607B6880221A6000BF1437BD4636
:1015E00080BC70476C0100200C02002080B485B0E4
:1015F00000AFF860B9607A60FB68064A1A60BB68A1
:10160000054A1A607B6880221A6000BF1437BD4605
:1016100080BC70470C040020AC040020B0B5B8B00A
:1016200000AF0023C7F8D8300023C7F8DC3007F13B
:10163000D803184605F068FB0346614A1360614809
:1016400005F062FB0346604A13600023C7F8D03000
:101650000023C7F8D43007F1D003184605F054FB37
:1016600003465A4A13605A4B07F1C0040FCB84E873
:101670000F0007F1C0030021184605F0E1FB034607
:10168000544A1360524B07F1B0040FCB84E80F00AB
:1016900007F1B0030021184605F0D2FB03464E4A7D
:1016A00013604E4BC7F8A8300023C7F8AC3007F1E1
:1016B000A80300220021184605F072FA0346484AA2
:1016C0001360484B01221A70454B1B6842F210719F
:1016D000184605F099FA444B07F18C041D460FCDCE
:1016E0000FC495E8070084E8070007F18C03002188
:1016F000184605F0F4F903463C4A13603C4B07F1E9
:1017000070041D460FCD0FC495E8070084E807005C
:1017100007F170030021184605F0E1F90346354A48
:101720001360354B07F154041D460FCD0FC495E8E7
:10173000070084E8070007F154030021184605F06C
:10174000CEF903462D4A13602D4B07F138041D4690
:101750000FCD0FC495E8070084E8070007F13803B0
:101760000021184605F0BBF90346264A1360264BB4
:1017700007F11C041D460FCD0FC495E8070084E84F
:10178000070007F11C030021184605F0A8F90346DD
:101790001E4A13601E4B3C461D460FCD0FC495E8F4
:1017A000070084E807003B460021184605F097F93A
:1017B0000346184A136000BFE037BD46B0BD00BF06
:1017C0003C01002018A40008400100204401002032
:1017D000FCA20008480100204C010020991C0008D0
:1017E000680100203301002018A3000850010020E8
:1017F00040A30008540100206CA3000858010020F9
:1018000090A300085C010020B8A30008600100203C
:10181000E0A300086401002080B582B000AF7860CA
:10182000012005F0A8F9FBE780B586B000AF78602D
:1018300001237B7501233B7507F1080300221A6021
:101840005A609A600023BB753E4B1B684FF0FF3116
:10185000184605F071FA0023FB750AE0FA7DFB7D5E
:1018600039498A5C18333B4403F8102CFB7D013363
:10187000FB75FB7D0A2BF1D9324B1B68184605F02E
:10188000A9FA07F108030B211846FFF73FFE0346AC
:10189000FB742E4B1B684FF0FF31184605F04CFAD5
:1018A0002B4B1B78DBB2012B16D10023BB750FE04D
:1018B00007F108014FF4FA730C22264804F0C6FA27
:1018C00003467B757B7D002B2ED0BB7D0133BB7522
:1018D000BB7D092BECD928E01D4B1B78DBB2022B1A
:1018E00023D1012202211C4802F063F80023BB75BA
:1018F0000FE007F108014FF4FA730C22174804F0C7
:10190000A5FA03463B753B7D002B06D0BB7D01331A
:10191000BB75BB7D092BECD900E000BF0022022182
:101920000D4802F046F800E000BF01233B753B7D07
:101930007B75064B1B68184605F04CFA142005F021
:101940001AF981E740010020000000203C0100203E
:1019500033010020E4070020000C01402C08002087
:1019600080B582B000AF7860264B1B684FF0FF3126
:10197000184605F0E1F9244B0022DA7108212348CA
:1019800002F000F80346002B0CBF01230023DBB25A
:1019900019461D4BDB795AB24BB213435BB2DAB234
:1019A000194BDA711021194801F0ECFF0346002BA6
:1019B00001D1022100E00021134BDB795AB24BB276
:1019C00013435BB2DAB2104BDA7140210F4801F0D9
:1019D000D9FF0346002B01D1042100E000210A4B6E
:1019E000DB795AB24BB213435BB2DAB2064BDA710F
:1019F000044B1B68184605F0EDF9FA2005F0BBF81A
:101A0000B2E700BF4001002000000020000C0140B0
:101A100080B584B000AF7860184B1B684FF0FF3181
:101A2000184605F089F90023FB601AE0144AFB68A8
:101A300032F813309AB2FB685B000133D1B2114A1D
:101A4000D1540F4AFB6832F813309BB21B0A9AB28A
:101A5000FB6801335B00D1B20A4AD154FB68013301
:101A6000FB60FB68022BE1DD044B1B68184605F0A8
:101A7000B1F9322005F07FF8CEE700BF4001002029
:101A8000AC0600200000002080B586B000AF786072
:101A90000023FB754FF4805218491948FFF774F979
:101AA000FFF7CCF93861FFF725FAF860F868FEF720
:101AB000ADFD0346BB60134B1B684FF0FF3118466A
:101AC00005F03AF93869FEF7A1FD0346FB750E4AA9
:101AD000FB7D1372BB681B0ADAB20B4B5A72BB68F0
:101AE000DAB2094B9A72074B1B68184605F072F977
:101AF0004FF47A7005F03FF800BFD1E7000C0140C9
:101B0000B4060020400100200000002080B58EB007
:101B100000AF7861594B1B78DBB2012B06D1584BD3
:101B20001B687B63574B1B683B6314E0534B1B786C
:101B3000DBB2022B06D1534B1B687B63504B1B68F7
:101B40003B6308E04E4B1B687B634E4B1B683B635B
:101B50004A4B01221A7000BF07F11C030022396BA7
:101B6000184605F0D5F9FB69102BF5D03B4642F23B
:101B70001072796B184605F0CBF907F11C033A4651
:101B800007CA83E80700FB69102B2ED13B6AFB6272
:101B9000FB6A1B78022B28D10621F86AFFF7B6FCF6
:101BA00003461A46FB6A06331B789A421DD1364B10
:101BB000FA6A116819609188927999809A71304B0C
:101BC0001B687A6B9A4201D1012200E002222B4B62
:101BD0001A702E4B1B68184605F05AF82B4B1B68E1
:101BE00042F21071184605F00FF8244B1B78DBB257
:101BF000002B3ED0244BBB62BB6A01331B7803F041
:101C00000103DBB21A460821214801F0D2FEBB6A6B
:101C100001331B785B10DBB203F00103DBB21A4621
:101C200010211B4801F0C5FEBB6A01331B789B10D5
:101C3000DBB203F00103DBB21A462021144801F0A5
:101C4000B8FEBB6A02331B781A46BB6A03331B78A3
:101C50001B021A430F4B1B685A63BB6A04331B7881
:101C60001A46BB6A05331B781B021A43094B1B68D3
:101C70009A63052004F07FFF4CE700BF330100208A
:101C8000480100204C0100203401002068010020A0
:101C9000000801409C07002080B582B000AF78604A
:101CA000114B1B78DBB2012B09D10F4B02221A70AA
:101CB00000224FF400510D4801F07BFE08E00A4B72
:101CC00001221A7001224FF40051084801F071FE00
:101CD000074B1B6842F21071184604F095FF00BFD5
:101CE0000837BD4680BD00BF330100200010014011
:101CF0006801002080B588B000AF07F11003002212
:101D00001A605A609A60DA60474B9B69464A43F012
:101D100010039361444B9B6903F01003FB60FB6865
:101D2000414B9B69404A43F0200393613E4B9B69C2
:101D300003F02003BB60BB683B4B9B693A4A43F00E
:101D400004039361384B9B6903F004037B607B6859
:101D5000354B9B69344A43F008039361324B9B69CE
:101D600003F008033B603B6800224FF400512F480A
:101D700001F01FFE002238212D4801F01AFE00223A
:101D800002212C4801F015FE01224FF48051294810
:101D900001F00FFE4FF400533B6101237B610023F0
:101DA000BB610223FB6107F1100319461F4801F0D4
:101DB00065FC38233B6101237B610023BB61012368
:101DC000FB6107F110031946194801F057FC022383
:101DD0003B6101237B610223BB610323FB6107F1AC
:101DE00010031946134801F049FC4FF480533B613E
:101DF00001237B610223BB610123FB6107F1100317
:101E000019460C4801F03AFC58233B6100237B61E2
:101E10000123BB6107F110031946064801F02EFCAF
:101E200000BF2037BD4680BD0010024000100140B9
:101E300000080140000C014080B500AF00F07AFCC2
:101E400000F042F8FFF756FFFFF79AFB00F060FB47
:101E500000F07AFA00F02CFAFEF7CAFD00F0A8F8BC
:101E600000F080FB07221049104804F07AF807229E
:101E70000F49104804F075F800210F4803F036F9B7
:101E800004210D4803F032F903220C490C4800F0FC
:101E90007FFD002202210B4801F08BFDFFF7BEFB06
:101EA00004F016FE00BFFDE724010020E407002037
:101EB0002C0100202C0800209C070020AC060020EC
:101EC00088000020000C014080B594B000AF07F1FD
:101ED000280328220021184608F016F907F11403F8
:101EE00000221A605A609A60DA601A613B1D002273
:101EF0001A605A609A60DA600123BB624FF4803343
:101F0000FB6200233B630123BB6302237B644FF42A
:101F10008033BB644FF4E013FB6407F128031846D9
:101F200001F060FD0346002B01D000F03BF80F23C9
:101F30007B610223BB610023FB614FF480633B6242
:101F400000237B6207F114030221184601F0CCFF45
:101F50000346002B01D000F025F802237B604FF4EC
:101F60000043FB603B1D184602F07CF90346002B42
:101F700001D000F017F800BF5037BD4680BD00000B
:101F800080B582B000AF78607B681B68044A9342DA
:101F900001D100F0E5FB00BF0837BD4680BD00BFA2
:101FA0000008004080B400AF72B600BF00BFFDE77C
:101FB00080B500AF174B184A1A60164B4FF4827267
:101FC0005A60144B00229A60124B0022DA60114BC7
:101FD00000221A610F4B00225A610E4B4FF400721F
:101FE0009A610C4B1022DA610A4B00221A62094BEB
:101FF00000225A62074B00229A62064B0A22DA62DA
:10200000044802F0E5F90346002B01D0FFF7CAFFB0
:1020100000BF80BDB40600200038004080B588B005
:1020200000AF786007F1100300221A605A609A60CE
:10203000DA607B681B681C4A934231D11B4BDB6919
:102040001A4A43F48043D361184BDB6903F480439D
:10205000FB60FB68154B9B69144A43F008039361CE
:10206000124B9B6903F00803BB60BB684FF420432D
:102070003B6102237B610323FB6107F110031946D7
:102080000B4801F0FBFA4FF480433B6100237B6176
:102090000023BB6107F110031946054801F0EEFA71
:1020A00000BF2037BD4680BD003800400010024010
:1020B000000C014080B584B000AF184B9B69174AF3
:1020C00043F001039361154B9B6903F00103BB606F
:1020D000BB68124BDB69114A43F08053D3610F4B4D
:1020E000DB6903F080537B607B6800220F216FF077
:1020F000010000F0F6FF0A4B5B68FB60FB6823F011
:10210000E063FB60FB6843F00073FB60044AFB681C
:10211000536000BF1037BD4680BD00BF00100240B5
:102120000000014080B58EB000AF78600023FB62F4
:102130000023BB62002387F83330344BDB69334A1A
:1021400043F00403D361314BDB6903F00403FB600C
:10215000FB6807F1100207F114031146184602F05C
:1021600033F83B6AFB62FB6A002B03D102F004F8F0
:10217000786304E002F000F803465B007B637B6B4E
:10218000234AA2FB03239B0C013BBB62214B224A47
:102190001A60204B40F2E732DA601E4ABB6A536095
:1021A0001C4B00221A611B4B00229A60194B002223
:1021B0009A61184802F0A1FE034687F8333097F879
:1021C0003330002B1BD1134802F0E6FE034687F89C
:1021D000333097F83330002B11D11E2000F09DFFD3
:1021E0007B680F2B08D8002279681E2000F079FF49
:1021F0000A4A7B68136002E0012387F8333097F8BE
:10220000333018463837BD4680BD00BF001002404D
:1022100083DE1B430C070020000800401000002054
:1022200080B400AF00BFFDE780B400AF00BFFDE7A2
:1022300080B400AF00BFFDE780B400AF00BFFDE792
:1022400080B400AF00BFFDE780B400AF00BFBD4663
:1022500080BC704780B500AF024801F0DBF800BFDA
:1022600080BD00BFB800002080B500AF024802F07A
:10227000DFFF00BF80BD00BF0C07002080B500AFAE
:10228000024803F093FE00BF80BD00BFE4070020BA
:1022900080B500AF024803F089FE00BF80BD00BFDB
:1022A0002C08002080B400AF00BFBD4680BC704742
:1022B00080B586B000AF07F1080300221A605A60AB
:1022C0009A60DA603B4600221A605A601D4B4FF05C
:1022D00080421A601B4B47225A601A4B00229A60B8
:1022E000184B6322DA60174B00221A61154B00224B
:1022F0009A61144802F001FE0346002B01D0FFF75B
:1023000051FE4FF48053BB6007F1080319460D4896
:1023100003F040F90346002B01D0FFF743FE2023D2
:102320003B6000237B603B461946064803F0CEFC29
:102330000346002B01D0FFF735FE00BF1837BD461E
:1023400080BD00BF5407002080B58EB000AF07F1FC
:10235000280300221A605A609A60DA6007F12003AD
:1023600000221A605A603B1D00221A605A609A606F
:10237000DA601A615A619A61324B334A1A60314B02
:1023800002225A602F4B00229A602E4B40F2FF32FD
:10239000DA602C4B00221A612A4B80229A6129486C
:1023A00002F0ABFD0346002B01D0FFF7FBFD4FF41D
:1023B0008053BB6207F128031946224803F0EAF86C
:1023C0000346002B01D0FFF7EDFD1E4802F036FE5C
:1023D0000346002B01D0FFF7E5FD00233B620023FD
:1023E0007B6207F120031946164803F06FFC034691
:1023F000002B01D0FFF7D6FD60237B600023BB607C
:102400000023FB6000237B613B1D002219460D4821
:1024100002F0FEFF0346002B01D0FFF7C3FD3B1D7A
:1024200004221946074802F0F3FF0346002B01D0AF
:10243000FFF7B8FD034800F039F800BF3837BD4654
:1024400080BD00BF9C0700200004004080B485B020
:1024500000AF78607B681B68B3F1804F0CD1114BE3
:10246000DB69104A43F00103D3610E4BDB6903F0D3
:102470000103FB60FB6810E07B681B680A4A93421B
:102480000BD1084BDB69074A43F00203D361054BCC
:10249000DB6903F00203BB60BB6800BF1437BD46B5
:1024A00080BC7047001002400004004080B588B036
:1024B00000AF786007F1100300221A605A609A603A
:1024C000DA607B681B680F4A934217D10E4B9B69F9
:1024D0000D4A43F0040393610B4B9B6903F0040323
:1024E000FB60FB68C0233B6102237B610123FB612E
:1024F00007F110031946054801F0C0F800BF203766
:10250000BD4680BD000400400010024000080140AC
:1025100080B500AF114B124A1A60104B4FF4E132F4
:102520005A600E4B00229A600C4B0022DA600B4B73
:1025300000221A61094B0C225A61084B00229A6151
:10254000064B0022DA61054803F030FC0346002BFD
:1025500001D0FFF727FD00BF80BD00BFE4070020CA
:102560000038014080B500AF114B124A1A60104B81
:102570004FF4E1325A600E4B00229A600C4B00225D
:10258000DA600B4B00221A61094B0C225A61084B8E
:1025900000229A61064B0022DA61054803F006FC2E
:1025A0000346002B01D0FFF7FDFC00BF80BD00BF3C
:1025B0002C0800200048004080B58AB000AF786049
:1025C00007F1180300221A605A609A60DA607B688B
:1025D0001B68404A93423AD13F4B9B693E4A43F4C1
:1025E000804393613C4B9B6903F480437B617B692F
:1025F000394B9B69384A43F004039361364B9B691E
:1026000003F004033B613B694FF40073BB61022399
:10261000FB6103237B6207F1180319462F4801F081
:102620002DF84FF48063BB610023FB6100233B6204
:1026300007F118031946294801F020F80022052166
:10264000252000F04EFD252000F067FD3EE07B6870
:102650001B68234A934239D11F4BDB691E4A43F45E
:102660008023D3611C4BDB6903F48023FB60FB6890
:10267000194B9B69184A43F008039361164B9B69F9
:1026800003F00803BB60BB684FF48063BB610223A7
:10269000FB6103237B6207F118031946114800F020
:1026A000EDFF4FF40063BB610023FB6100233B623D
:1026B00007F1180319460B4800F0E0FF002205213E
:1026C000272000F00EFD272000F027FD00BF28374F
:1026D000BD4680BD003801400010024000080140A6
:1026E00000480040000C0140FFF7DCFD0B480C499E
:1026F0000C4A002302E0D458C4500433C4188C425E
:10270000F9D3094A094C002301E013600432A242C4
:10271000FBD307F05FFDFFF78FFB70470000002041
:102720006C0000205CA400086C00002048300020F1
:10273000FEE7000080B500AF084B1B68074A43F076
:1027400010031360032000F0C1FC0F20FFF7EAFC28
:10275000FFF7B0FC0023184680BD00BF00200240F8
:1027600080B400AF054B1B781A46054B1B68134419
:10277000034A136000BFBD4680BC704714000020B0
:102780007408002080B400AF024B1B681846BD4699
:1027900080BC70477408002080B584B000AF7860BA
:1027A000FFF7F0FFB8607B68FB60FB68B3F1FF3FA9
:1027B00005D00A4B1B781A46FB681344FB6000BF28
:1027C000FFF7E0FF0246BB68D31AFA689A42F7D8CF
:1027D00000BF00BF1037BD4680BD00BF1400002001
:1027E00080B586B000AF78600023FB7500233B61A5
:1027F0000023BB600023FB607B68002B01D1012319
:10280000BEE07B689B68002B7B689B6A002B09D12C
:102810007B680022DA627B68002283F824207868D3
:10282000FEF742F9786800F0FFFA0346FB757B6813
:102830009B6A03F01003002B40F09980FB7D002B76
:1028400040F095807B689B6A23F4885323F0020351
:1028500043F002027B689A627B685A687B68DB6996
:102860001A437B681B7B5B001343BA681343BB604E
:102870007B689B68B3F5807F03D07B689B68012BE6
:1028800002D14FF4807300E000233A6913433B61A7
:102890007B681B7D012B19D17B681B7B002B09D129
:1028A0007B689B69013B5A033B69134343F4006314
:1028B0003B610BE07B689B6A43F020027B689A6275
:1028C0007B68DB6A43F001027B68DA627B681B6825
:1028D0005B6823F469417B681B683A690A435A6064
:1028E0007B681B689A68284B13407A681268B9683D
:1028F0000B4393607B689B68B3F5807F03D07B6854
:102900009B68012B04D17B681B69013B1B05FB60A5
:102910007B681B68DB6A23F470017B681B68FA68BC
:102920000A43DA627B681B689A68184B1340BA68DE
:102930009A420BD17B680022DA627B689B6A23F0A3
:10294000030343F001027B689A6218E07B689B6A8C
:1029500023F0120343F010027B689A627B68DB6A03
:1029600043F001027B68DA620123FB7507E07B68B4
:102970009B6A43F010027B689A620123FB75FB7D22
:1029800018461837BD4680BDFDF7E1FFFE0E1FFF5C
:1029900080B586B000AFF860B9607A600023FB753F
:1029A000FB681B68644A934204D0FB681B68634A57
:1029B000934206D1604B5B6803F47023002B40F018
:1029C000B380FB6893F82430012B01D10223AEE0E1
:1029D000FB68012283F82420F86800F0CBF9034655
:1029E000FB75FB7D002B40F09A80FB689B6A23F40B
:1029F000706323F0010343F48072FB689A62FB6802
:102A00001B684E4A934205D14B4B5B6803F470231D
:102A1000002B15D1FB689B6A23F48012FB689A6235
:102A2000FB681B685B6803F48063002B26D0FB689F
:102A30009B6A23F4405343F48052FB689A621DE082
:102A4000FB689B6A43F48012FB689A62FB681B6810
:102A5000394A934204D0FB681B68384A93420DD12F
:102A6000354B5B6803F48063002B07D0FB689B6ADF
:102A700023F4405343F48052FB689A62FB689B6ADC
:102A800003F48053002B06D0FB68DB6A23F00602B8
:102A9000FB68DA6202E0FB680022DA62FB6800226F
:102AA00083F82420FB681B6A254A9A62FB681B6A2C
:102AB000244ADA62FB681B6A234A1A63FB681B68B4
:102AC0006FF002021A60FB681B689A68FB681B685B
:102AD00042F480729A60FB68186AFB681B684C338A
:102AE0001946BA687B6800F081FBFB681B689B682D
:102AF00003F46023B3F5602F08D1FB681B689A6864
:102B0000FB681B6842F4A0029A600FE0FB681B6838
:102B10009A68FB681B6842F480129A6006E0FB68C2
:102B2000002283F8242001E00123FB75FB7D184679
:102B30001837BD4680BD00BF002401400028014079
:102B4000AB2E0008272F0008432F000880B483B065
:102B500000AF786000BF0C37BD4680BC704780B4C2
:102B600083B000AF786000BF0C37BD4680BC7047B3
:102B700080B483B000AF786000BF0C37BD4680BC26
:102B80007047000080B485B000AF786039600023E2
:102B9000FB730023BB607B6893F82430012B01D1C9
:102BA0000223DCE07B68012283F824203B685B6819
:102BB000062B1CD87B681B68596B3B685A68134608
:102BC0009B001344053B1F2202FA03F3DB43194029
:102BD0003B6818683B685A6813469B001344053BE2
:102BE00000FA03F27B681B680A435A633CE03B68C7
:102BF0005B680C2B1CD87B681B68196B3B685A6898
:102C000013469B001344233B1F2202FA03F3DB43CA
:102C100019403B6818683B685A6813469B00134488
:102C2000233B00FA03F27B681B680A431A631BE02C
:102C30007B681B68D96A3B685A6813469B0013443B
:102C4000413B1F2202FA03F3DB4319403B6818683B
:102C50003B685A6813469B001344413B00FA03F259
:102C60007B681B680A43DA623B681B68092B1CD926
:102C70007B681B68D9683B681A6813465B0013447D
:102C80001E3B072202FA03F3DB4319403B689868B6
:102C90003B681A6813465B0013441E3B00FA03F2BC
:102CA0007B681B680A43DA6019E07B681B68196956
:102CB0003B681A6813465B001344072202FA03F3C9
:102CC000DB4319403B6898683B681A6813465B0011
:102CD000134400FA03F27B681B680A431A613B68DD
:102CE0001B68102B03D03B681B68112B32D17B680B
:102CF0001B681D4A934225D17B681B689B6803F4BF
:102D00000003002B26D17B681B689A687B681B68D0
:102D100042F400029A603B681B68102B1AD1134BD7
:102D20001B68134AA2FB03239A0C13469B0013440F
:102D30005B00BB6002E0BB68013BBB60BB68002B73
:102D4000F9D107E07B689B6A43F020027B689A62B6
:102D50000123FB737B68002283F82420FB7B184649
:102D60001437BD4680BC7047002401400C00002091
:102D700083DE1B4380B584B000AF78600023FB6026
:102D80000023BB607B681B689B6803F00103012B79
:102D900040D07B681B689A687B681B6842F0010220
:102DA0009A601F4B1B681F4AA2FB03239B0CBB604E
:102DB00002E0BB68013BBB60BB68002BF9D1FFF7A9
:102DC000E1FCF8601FE0FFF7DDFC0246FB68D31A68
:102DD000022B18D97B681B689B6803F00103012B49
:102DE00011D07B689B6A43F010027B689A627B6813
:102DF000DB6A43F001027B68DA627B68002283F8B9
:102E00002420012307E07B681B689B6803F0010313
:102E1000012BD8D1002318461037BD4680BD00BF16
:102E20000C00002083DE1B4380B584B000AF7860C7
:102E30000023FB607B681B689B6803F00103012B88
:102E40002ED17B681B689A687B681B6822F00102A0
:102E50009A60FFF797FCF8601BE0FFF793FC0246CF
:102E6000FB68D31A022B14D97B681B689B6803F09C
:102E70000103012B0DD17B689B6A43F010027B6834
:102E80009A627B68DB6A43F001027B68DA620123A5
:102E900007E07B681B689B6803F00103012BDCD013
:102EA000002318461037BD4680BD80B584B000AF02
:102EB00078607B685B6AFB60FB689B6A03F0500389
:102EC000002B27D1FB689B6A43F40072FB689A626F
:102ED000FB681B689B6803F46023B3F5602F15D172
:102EE000FB681B7B002B11D1FB689B6A23F480726B
:102EF000FB689A62FB689B6A03F48053002B05D140
:102F0000FB689B6A43F00102FB689A62F868FFF76E
:102F10001DFE04E0FB681B6A1B6B7868984700BFC6
:102F20001037BD4680BD80B584B000AF78607B6847
:102F30005B6AFB60F868FFF712FE00BF1037BD4602
:102F400080BD80B584B000AF78607B685B6AFB6051
:102F5000FB689B6A43F04002FB689A62FB68DB6A8D
:102F600043F00402FB68DA62F868FFF701FE00BF75
:102F70001037BD4680BD000080B485B000AF7860DA
:102F80007B6803F00703FB600C4BDB68BB60BA682F
:102F90004FF6FF031340BB60FB681A02BB68134384
:102FA00043F0BF6343F40033BB60044ABB68D360A3
:102FB00000BF1437BD4680BC704700BF00ED00E085
:102FC00080B400AF044BDB681B0A03F0070318460C
:102FD000BD4680BC704700BF00ED00E080B483B008
:102FE00000AF0346FB7197F90730002B0BDBFB7931
:102FF00003F01F02064997F907305B09012000FA28
:1030000002F241F8232000BF0C37BD4680BC704758
:1030100000E100E080B483B000AF03463960FB718B
:1030200097F90730002B0ADB3B68DAB20C4997F9B5
:1030300007301201D2B20B4483F800230AE03B6848
:10304000DAB20849FB7903F00F03043B1201D2B254
:103050000B441A7600BF0C37BD4680BC704700BFDA
:1030600000E100E000ED00E080B489B000AFF8605E
:10307000B9607A60FB6803F00703FB61FB69C3F189
:103080000703042B28BF0423BB61FB690433062B11
:1030900002D9FB69033B00E000237B614FF0FF3264
:1030A000BB6902FA03F3DA43BB681A407B699A40B2
:1030B0004FF0FF317B6901FA03F3D9437B680B4082
:1030C000134318462437BD4680BC704780B582B094
:1030D00000AF78607868FFF74FFF00BF0837BD4644
:1030E00080BD80B586B000AF0346B9607A60FB73DF
:1030F00000237B61FFF764FF78617A68B9687869BB
:10310000FFF7B2FF024697F90F3011461846FFF756
:1031100081FF00BF1837BD4680BD80B582B000AFCB
:103120000346FB7197F907301846FFF757FF00BFBA
:103130000837BD4680BD000080B485B000AF786020
:103140000023FB607B68002B01D1012343E07B68F7
:103150001B681A46224B1344224AA2FB03231B0975
:103160009A007B681A647B681F4ADA637B680222D4
:1031700083F821207B681B681B68FB60FB6823F4D5
:103180007F5323F03003FB607B685A687B689B6841
:103190001A437B68DB681A437B681B691A437B68A8
:1031A0005B691A437B689B691A437B68DB6913433D
:1031B000FA681343FB607B681B68FA681A607B68D7
:1031C00000229A637B68012283F821207B68002219
:1031D00083F82020002318461437BD4680BC704772
:1031E000F8FFFDBFCDCCCCCC0000024080B586B04E
:1031F00000AFF860B9607A603B600023FB75FB6844
:1032000093F82030012B01D102234BE0FB6801220F
:1032100083F82020FB6893F82130DBB2012B3AD1F0
:10322000FB68022283F82120FB6800229A63FB6876
:103230001B681A68FB681B6822F001021A603B6871
:103240007A68B968F86800F0EBF9FB68DB6A002B74
:1032500008D0FB681B681A68FB681B6842F00E0206
:103260001A600FE0FB681B681A68FB681B6822F095
:1032700004021A60FB681B681A68FB681B6842F04E
:103280000A021A60FB681B681A68FB681B6842F038
:1032900001021A6005E0FB68002283F82020022367
:1032A000FB75FB7D18461837BD4680BD80B485B0E0
:1032B00000AF78600023FB737B6893F82130DBB2AA
:1032C000022B08D07B6804229A637B68002283F873
:1032D0002020012320E07B681B681A687B681B683C
:1032E00022F00E021A607B681B681A687B681B68F4
:1032F00022F001021A607B681A6C7B68DB6B01218B
:1033000001FA02F25A607B68012283F821207B686F
:10331000002283F82020FB7B18461437BD4680BC72
:103320007047000080B584B000AF78600023FB7365
:103330007B6893F82130DBB2022B05D07B68042236
:103340009A630123FB7351E07B681B681A687B68F2
:103350001B6822F00E021A607B681B681A687B6883
:103360001B6822F001021A607B681B68224A9342A4
:1033700029D07B681B68214A934222D07B681B6856
:103380001F4A93421AD07B681B681E4A934212D090
:103390007B681B681C4A93420AD07B681B681B4AE7
:1033A000934202D14FF480130EE04FF080730BE094
:1033B0004FF4803308E04FF4805305E04FF48073FE
:1033C00002E0102300E00123114A53607B680122D0
:1033D00083F821207B68002283F820207B685B6BC8
:1033E000002B03D07B685B6B78689847FB7B1846A3
:1033F0001037BD4680BD00BF080002401C000240DF
:103400003000024044000240580002406C0002407C
:103410000000024080B584B000AF78607B68DB6B51
:103420001B68FB607B681B681B68BB607B681B6C50
:1034300004229A40FB681340002B4FD0BB6803F076
:103440000403002B4AD07B681B681B6803F0200331
:10345000002B07D17B681B681A687B681B6822F009
:1034600004021A607B681B68664A934229D07B6815
:103470001B68654A934222D07B681B68634A93426B
:103480001AD07B681B68624A934212D07B681B6823
:10349000604A93420AD07B681B685F4A934202D11C
:1034A0004FF480030EE04FF080630BE04FF4802375
:1034B00008E04FF4804305E04FF4806302E04023CE
:1034C00000E00423554A53607B68DB6A002B00F060
:1034D00094807B68DB6A786898478EE07B681B6C19
:1034E00002229A40FB681340002B56D0BB6803F0C1
:1034F0000203002B51D07B681B681B6803F020037C
:10350000002B0BD17B681B681A687B681B6822F054
:103510000A021A607B68012283F821207B681B68FD
:10352000384A934229D07B681B68374A934222D09D
:103530007B681B68354A93421AD07B681B68344A03
:10354000934212D07B681B68324A93420AD07B6850
:103550001B68314A934202D14FF400130EE04FF042
:1035600000730BE04FF4003308E04FF4005305E024
:103570004FF4007302E0202300E00223274A536047
:103580007B68002283F820207B689B6A002B34D064
:103590007B689B6A786898472FE07B681B6C0822E1
:1035A0009A40FB681340002B28D0BB6803F0080347
:1035B000002B23D07B681B681A687B681B6822F08D
:1035C0000E021A607B681A6C7B68DB6B012101FAC2
:1035D00002F25A607B6801229A637B68012283F8B9
:1035E00021207B68002283F820207B681B6B002B46
:1035F00004D07B681B6B7868984700BF00BF10370A
:10360000BD4680BD080002401C0002403000024060
:1036100044000240580002406C000240000002409A
:1036200080B485B000AFF860B9607A603B60FB6839
:103630001A6CFB68DB6B012101FA02F25A60FB682D
:103640001B683A685A60FB685B68102B08D1FB68FE
:103650001B687A689A60FB681B68BA68DA6007E0E2
:10366000FB681B68BA689A60FB681B687A68DA6056
:1036700000BF1437BD4680BC7047000080B48BB0DB
:1036800000AF7860396000237B6200233B6269E110
:1036900001227B6A02FA03F3FB613B681B68FA694B
:1036A0001340BB61BA69FB699A4240F058813B689C
:1036B0005B689A4A93425ED0984A934275D8984A7A
:1036C000934258D0964A93426FD8964A934252D02A
:1036D000944A934269D8944A93424CD0924A934276
:1036E00063D8924A934246D0904A93425DD8122BB7
:1036F0002AD8122B59D801A252F823F077370008A4
:103700005137000863370008A5370008AB370008B9
:10371000AB370008AB370008AB370008AB37000801
:10372000AB370008AB370008AB370008AB370008F1
:10373000AB370008AB370008AB370008AB370008E1
:10374000593700086D370008794A934213D02CE0AE
:103750003B68DB683B6229E03B68DB6804333B6223
:1037600024E03B68DB6808333B621FE03B68DB68B2
:103770000C333B621AE03B689B68002B02D10423A8
:103780003B6213E03B689B68012B05D108233B6239
:103790007B68FA691A6109E008233B627B68FA6971
:1037A0005A6103E000233B6200E000BFBB69FF2BCE
:1037B00001D87B6801E07B6804337B61BB69FF2B28
:1037C00002D87B6A9B0002E07B6A083B9B003B615E
:1037D0007B691A680F213B6901FA03F3DB431A4046
:1037E000396A3B6901FA03F31A437B691A603B6843
:1037F0005B6803F08053002B00F0B1804D4B9B6958
:103800004C4A43F0010393614A4B9B6903F0010367
:10381000BB60BB68484A7B6A9B08023352F823307E
:10382000FB607B6A03F003039B000F2202FA03F3A1
:10383000DB43FA681340FB607B68404A934213D035
:103840007B683F4A93420DD07B683E4A934207D043
:103850007B683D4A934201D1032306E0042304E040
:10386000022302E0012300E000237A6A02F003024F
:1038700092009340FA681343FB602F497B6A9B08D0
:103880000233FA6841F823203B685B6803F4801335
:10389000002B06D02D4B9A682C49BB6913438B60D3
:1038A00006E02A4B9A68BB69DB43284913408B60CA
:1038B0003B685B6803F40013002B06D0234BDA68E7
:1038C0002249BB691343CB6006E0204BDA68BB6931
:1038D000DB431E491340CB603B685B6803F4003355
:1038E000002B06D0194B5A681849BB6913434B602B
:1038F00006E0164B5A68BB69DB43144913404B6022
:103900003B685B6803F48033002B21D00F4B1A68AF
:103910000E49BB6913430B6021E000BF0000321069
:1039200000003110000022100000211000001210D1
:10393000000011100010024000000140000801408A
:10394000000C01400010014000140140000401403F
:103950000B4B1A68BB69DB43094913400B607B6A58
:1039600001337B623B681A687B6A22FA03F3002BFF
:103970007FF48EAE00BF00BF2C37BD4680BC7047C1
:103980000004014080B485B000AF78600B467B80B6
:103990007B689A687B881340002B02D00123FB735D
:1039A00001E00023FB73FB7B18461437BD4680BC47
:1039B000704780B483B000AF78600B467B801346BD
:1039C0007B707B78002B03D07A887B681A6103E0D8
:1039D0007B881A047B681A6100BF0C37BD4680BC27
:1039E0007047000080B586B000AF78607B68002B20
:1039F00001D1012372E27B681B6803F00103002BF5
:103A000000F08780924B5B6803F00C03042B0CD012
:103A10008F4B5B6803F00C03082B12D18C4B5B6857
:103A200003F48033B3F5803F0BD1894B1B6803F45B
:103A30000033002B6CD07B685B68002B68D10123BE
:103A40004CE27B685B68B3F5803F06D1804B1B6816
:103A50007F4A43F4803313602EE07B685B68002B61
:103A60000CD17B4B1B687A4A23F480331360784B6C
:103A70001B68774A23F4802313601DE07B685B6832
:103A8000B3F5A02F0CD1724B1B68714A43F480230D
:103A900013606F4B1B686E4A43F4803313600BE076
:103AA0006B4B1B686A4A23F480331360684B1B68B6
:103AB000674A23F4802313607B685B68002B13D074
:103AC000FEF760FE386108E0FEF75CFE02463B69E7
:103AD000D31A642B01D9032300E25D4B1B6803F466
:103AE0000033002BF0D014E0FEF74CFE386108E004
:103AF000FEF748FE02463B69D31A642B01D9032323
:103B0000ECE1534B1B6803F40033002BF0D100E0D1
:103B100000BF7B681B6803F00203002B63D04C4B93
:103B20005B6803F00C03002B0BD0494B5B6803F080
:103B30000C03082B1CD1464B5B6803F48033002B2D
:103B400016D1434B1B6803F00203002B05D07B68A2
:103B50001B69012B01D00123C0E13D4B1B6823F001
:103B6000F8027B685B69DB00394913430B603AE07C
:103B70007B681B69002B20D0364B01221A60FEF7B0
:103B800001FE386108E0FEF7FDFD02463B69D31AED
:103B9000022B01D90323A1E12D4B1B6803F0020383
:103BA000002BF0D02A4B1B6823F0F8027B685B697E
:103BB000DB00274913430B6015E0264B00221A60F7
:103BC000FEF7E0FD386108E0FEF7DCFD02463B69E8
:103BD000D31A022B01D9032380E11D4B1B6803F08C
:103BE0000203002BF0D17B681B6803F00803002B55
:103BF0003AD07B689B69002B19D0174B01221A60C1
:103C0000FEF7C0FD386108E0FEF7BCFD02463B69E7
:103C1000D31A022B01D9032360E10D4B5B6A03F039
:103C20000203002BF0D0012000F0FEFA1CE00A4B4A
:103C300000221A60FEF7A6FD38610FE0FEF7A2FD34
:103C400002463B69D31A022B08D9032346E100BF81
:103C5000001002400000424280044242924B5B6AE4
:103C600003F00203002BE9D17B681B6803F0040317
:103C7000002B00F0A6800023FB758B4BDB6903F063
:103C80008053002B0DD1884BDB69874A43F080536A
:103C9000D361854BDB6903F08053BB60BB680123B4
:103CA000FB75824B1B6803F48073002B18D17F4B8C
:103CB0001B687E4A43F480731360FEF763FD38612E
:103CC00008E0FEF75FFD02463B69D31A642B01D979
:103CD000032303E1754B1B6803F48073002BF0D0C2
:103CE0007B68DB68012B06D16F4B1B6A6E4A43F081
:103CF000010313622DE07B68DB68002B0CD16A4B5B
:103D00001B6A694A23F001031362674B1B6A664A08
:103D100023F0040313621CE07B68DB68052B0CD1E5
:103D2000614B1B6A604A43F0040313625E4B1B6ADB
:103D30005D4A43F0010313620BE05B4B1B6A5A4A76
:103D400023F001031362584B1B6A574A23F0040304
:103D500013627B68DB68002B15D0FEF713FD38611A
:103D60000AE0FEF70FFD02463B69D31A41F28832A2
:103D7000934201D90323B1E04B4B1B6A03F00203CA
:103D8000002BEED014E0FEF7FDFC38610AE0FEF7F0
:103D9000F9FC02463B69D31A41F28832934201D9B9
:103DA00003239BE0404B1B6A03F00203002BEED180
:103DB000FB7D012B05D13C4BDB693B4A23F0805353
:103DC000D3617B68DB69002B00F08780364B5B6832
:103DD00003F00C03082B61D07B68DB69022B46D112
:103DE000334B00221A60FEF7CDFC386108E0FEF785
:103DF000C9FC02463B69D31A022B01D903236DE0AB
:103E0000294B1B6803F00073002BF0D17B681B6A01
:103E1000B3F5803F08D1244B5B6823F400327B6804
:103E20009B68214913434B601F4B5B6823F474125A
:103E30007B68196A7B685B6A0B431B4913434B60C1
:103E40001B4B01221A60FEF79DFC386108E0FEF76B
:103E500099FC02463B69D31A022B01D903233DE0AA
:103E6000114B1B6803F00073002BF0D035E0104BB2
:103E700000221A60FEF786FC386108E0FEF782FC3B
:103E800002463B69D31A022B01D9032326E0064BD5
:103E90001B6803F00073002BF0D11EE07B68DB6928
:103EA000012B07D1012319E00010024000700040EF
:103EB000600042420B4B5B68FB60FB6803F480329E
:103EC0007B681B6A9A4206D1FB6803F470127B6818
:103ED0005B6A9A4201D0012300E00023184618379C
:103EE000BD4680BD0010024080B584B000AF786050
:103EF00039607B68002B01D10123D0E06A4B1B683D
:103F000003F007033A689A4210D9674B1B6823F005
:103F1000070265493B6813430B60634B1B6803F062
:103F200007033A689A4201D00123B8E07B681B6816
:103F300003F00203002B20D07B681B6803F004030E
:103F4000002B05D0594B5B68584A43F4E06353603B
:103F50007B681B6803F00803002B05D0534B5B689C
:103F6000524A43F460535360504B5B6823F0F002B5
:103F70007B689B684D4913434B607B681B6803F06B
:103F80000103002B40D07B685B68012B07D1474BB6
:103F90001B6803F40033002B15D101237FE07B68FD
:103FA0005B68022B07D1414B1B6803F00073002BA9
:103FB00009D1012373E03D4B1B6803F00203002B82
:103FC00001D101236BE0394B5B6823F003027B686E
:103FD0005B68364913434B60FEF7D4FBF8600AE098
:103FE000FEF7D0FB0246FB68D31A41F288329342B7
:103FF00001D9032353E02D4B5B6803F00C027B686F
:104000005B689B009A42EBD1274B1B6803F00703C8
:104010003A689A4210D2244B1B6823F007022249C7
:104020003B6813430B60204B1B6803F007033A689F
:104030009A4201D0012332E07B681B6803F004033D
:10404000002B08D0194B5B6823F4E0627B68DB68C7
:10405000164913434B607B681B6803F00803002B71
:1040600009D0124B5B6823F460527B681B69DB004C
:104070000E4913434B6000F021F802460B4B5B687E
:104080001B0903F00F030A49CB5C22FA03F3094A28
:104090001360094B1B681846FEF744F800231846C6
:1040A0001037BD4680BD00BF002002400010024016
:1040B00020A400080C0000201000002080B487B06D
:1040C00000AF0023FB600023BB6000237B61002363
:1040D0007B6000233B611E4B5B68FB60FB6803F069
:1040E0000C03042B02D0082B03D027E0194B3B61B3
:1040F00027E0FB689B0C03F00F03174AD35C7B603F
:10410000FB6803F48033002B10D0114B5B685B0C11
:1041100003F00103114AD35CBB607B680D4A03FBCB
:1041200002F2BB68B2FBF3F37B6104E07B680C4AEC
:1041300002FB03F37B617B693B6102E0054B3B6162
:1041400000BF3B6918461C37BD4680BC704700BFA6
:104150000010024000127A0038A4000848A40008A9
:1041600000093D0080B400AF024B1B681846BD46F5
:1041700080BC70470C00002080B500AFFFF7F2FF55
:104180000246054B5B681B0A03F007030349CB5C3F
:1041900022FA03F3184680BD0010024030A4000844
:1041A00080B500AFFFF7DEFF0246054B5B68DB0A18
:1041B00003F007030349CB5C22FA03F3184680BDE2
:1041C0000010024030A4000880B483B000AF7860D3
:1041D00039607B680F221A60114B5B6803F00302A1
:1041E0007B685A600E4B5B6803F0F0027B689A6054
:1041F0000B4B5B6803F4E0627B68DA60084B5B683A
:10420000DB0803F4E0627B681A61064B1B6803F06D
:1042100007023B681A6000BF0C37BD4680BC704780
:10422000001002400020024080B485B000AF7860EA
:104230000A4B1B680A4AA2FB03235B0A7A6802FB4B
:1042400003F3FB6000BFFB685A1EFA60002BF9D134
:1042500000BF00BF1437BD4680BC70470C00002073
:10426000D34D621080B586B000AF786000233B610B
:104270000023FB607B681B6803F00103002B7DD0EB
:104280000023FB754F4BDB6903F08053002B0DD1EE
:104290004C4BDB694B4A43F08053D361494BDB699C
:1042A00003F08053BB60BB680123FB75464B1B6862
:1042B00003F48073002B18D1434B1B68424A43F42C
:1042C00080731360FEF75EFA386108E0FEF75AFA71
:1042D00002463B69D31A642B01D903236DE03A4BA4
:1042E0001B6803F48073002BF0D0364B1B6A03F479
:1042F0004073FB60FB68002B2ED07B685B6803F487
:104300004073FA689A4227D02E4B1B6A23F44073FD
:10431000FB602E4B01221A602C4B00221A60294AA6
:10432000FB681362FB6803F00103002B14D0FEF757
:1043300029FA38610AE0FEF725FA02463B69D31AEA
:1043400041F28832934201D9032336E01D4B1B6AA8
:1043500003F00203002BEED01A4B1B6A23F44072C9
:104360007B685B68174913430B62FB7D012B05D10A
:10437000144BDB69134A23F08053D3617B681B68BD
:1043800003F00203002B08D00E4B5B6823F440427D
:104390007B689B680B4913434B607B681B6803F089
:1043A0001003002B08D0074B5B6823F480027B6866
:1043B000DB68044913434B60002318461837BD4699
:1043C00080BD00BF00100240007000404004424227
:1043D00080B582B000AF78607B68002B01D10123EB
:1043E00076E07B685B6A002B08D17B685B68B3F57D
:1043F000827F09D07B680022DA6105E07B680022B9
:104400001A617B6800225A617B6800229A627B688D
:1044100093F85130DBB2002B06D17B68002283F881
:1044200050207868FDF7FAFD7B68022283F851205E
:104430007B681B681A687B681B6822F040021A6060
:104440007B685B6803F482727B689B6803F40443B7
:104450001A437B68DB6803F400631A437B681B69BB
:1044600003F002031A437B685B6903F001031A43FC
:104470007B689B6903F400731A437B68DB6903F074
:1044800038031A437B681B6A03F0800342EA030186
:104490007B689B6A03F400527B681B680A431A60BE
:1044A0007B689B691A0C7B681B6802F004025A60E7
:1044B0007B681B68DA697B681B6822F40062DA613A
:1044C0007B6800225A657B68012283F85120002313
:1044D00018460837BD4680BD80B588B000AFF8608B
:1044E000B9603B601346FB80FEF74CF9F861FB882E
:1044F0007B83FB6893F85130DBB2012B01D00223A0
:104500002AE1BB68002B02D0FB88002B01D10123DC
:1045100022E1FB6893F85030012B01D102231BE10B
:10452000FB68012283F85020FB68032283F85120A6
:10453000FB6800225A65FB68BA681A63FB68FA8850
:104540009A86FB68FA88DA86FB6800229A63FB6821
:1045500000229A87FB680022DA87FB6800225A64EF
:10456000FB6800221A64FB689B68B3F5004F0FD10B
:10457000FB681B681A68FB681B6822F040021A601F
:10458000FB681B681A68FB681B6842F480421A606B
:10459000FB681B681B6803F04003402B07D0FB68D7
:1045A0001B681A68FB681B6842F040021A60FB68CF
:1045B000DB68B3F5006F52D1FB685B68002B02D05B
:1045C0007B8B012B45D1FB681B6B1A88FB681B6832
:1045D000DA60FB681B6B9A1CFB681A63FB68DB8E56
:1045E0009BB2013B9AB2FB68DA8632E0FB681B683B
:1045F0009B6803F00203022B12D1FB681B6B1A8825
:10460000FB681B68DA60FB681B6B9A1CFB681A630B
:10461000FB68DB8E9BB2013B9AB2FB68DA8618E03E
:10462000FEF7B0F80246FB69D31A3A689A4203D8FB
:104630003B68B3F1FF3F02D13B68002B09D1FB6817
:10464000012283F85120FB68002283F850200323C5
:1046500082E0FB68DB8E9BB2002BC7D153E0FB6886
:104660005B68002B02D07B8B012B47D1FB681A6B58
:10467000FB681B680C3312781A70FB681B6B5A1CA2
:10468000FB681A63FB68DB8E9BB2013B9AB2FB6846
:10469000DA8633E0FB681B689B6803F00203022B99
:1046A00013D1FB681A6BFB681B680C3312781A7005
:1046B000FB681B6B5A1CFB681A63FB68DB8E9BB2A2
:1046C000013B9AB2FB68DA8618E0FEF75BF8024617
:1046D000FB69D31A3A689A4203D83B68B3F1FF3FAB
:1046E00002D13B68002B09D1FB68012283F85120DD
:1046F000FB68002283F8502003232DE0FB68DB8E4B
:104700009BB2002BC6D1FA693968F86800F0C4FB87
:104710000346002B02D0FB6820225A65FB689B6889
:10472000002B0AD100237B61FB681B68DB687B617F
:10473000FB681B689B687B617B69FB68012283F8CF
:104740005120FB68002283F85020FB685B6D002B32
:1047500001D0012300E0002318462037BD4680BD6C
:1047600080B588B002AFF860B9603B601346FB804B
:10477000FB6893F85130DBB2012B01D0022304E136
:10478000FB685B68B3F5827F12D1FB689B68002BE6
:104790000ED1FB68042283F85120FA883B6800930D
:1047A0001346BA68B968F86800F0F3F80346ECE01D
:1047B000FDF7E8FF7861BB68002B02D0FB88002B77
:1047C00001D10123E1E0FB6893F85030012B01D1C6
:1047D0000223DAE0FB68012283F85020FB68042200
:1047E00083F85120FB6800225A65FB68BA689A6317
:1047F000FB68FA889A87FB68FA88DA87FB680022E8
:104800001A63FB6800229A86FB680022DA86FB683E
:1048100000221A64FB6800225A64FB689B68B3F5A7
:10482000004F0FD1FB681B681A68FB681B6822F0F9
:1048300040021A60FB681B681A68FB681B6822F458
:1048400080421A60FB681B681B6803F04003402B22
:1048500007D0FB681B681A68FB681B6842F04002BF
:104860001A60FB68DB68002B70D135E0FB681B68C1
:104870009B6803F00103012B15D1FB681B6803F152
:104880000C02FB689B6B1278D2B21A70FB689B6BB0
:104890005A1CFB689A63FB68DB8F9BB2013B9AB2A0
:1048A000FB68DA8718E0FDF76DFF02467B69D31AD3
:1048B0003A689A4203D83B68B3F1FF3F02D13B68A4
:1048C000002B09D1FB68012283F85120FB680022EC
:1048D00083F85020032358E0FB68DB8F9BB2002B4A
:1048E000C4D138E0FB681B689B6803F00103012B0F
:1048F00013D1FB681B68DA68FB689B6B92B21A8065
:10490000FB689B6B9A1CFB689A63FB68DB8F9BB20E
:10491000013B9AB2FB68DA8718E0FDF733FF0246E5
:104920007B69D31A3A689A4203D83B68B3F1FF3FD8
:1049300002D13B68002B09D1FB68012283F851208A
:10494000FB68002283F8502003231EE0FB68DB8F06
:104950009BB2002BC6D17A693968F86800F04AFA30
:104960000346002B02D0FB6820225A65FB68012217
:1049700083F85120FB68002283F85020FB685B6DB0
:10498000002B01D0012300E0002318461837BD4654
:1049900080BD80B58AB000AFF860B9607A607B8076
:1049A00001237B62FDF7EEFE3862FB6893F851301D
:1049B000FB77FB685B68BB617B88FB82FB7F012B1D
:1049C0000CD0BB69B3F5827F06D1FB689B68002BD6
:1049D00002D1FB7F042B01D002237FE1BB68002BB7
:1049E00005D07B68002B02D07B88002B01D10123EE
:1049F00074E1FB6893F85030012B01D102236DE183
:104A0000FB68012283F85020FB6893F85130DBB239
:104A1000042B03D0FB68052283F85120FB68002299
:104A20005A65FB687A689A63FB687A88DA87FB685C
:104A30007A889A87FB68BA681A63FB687A88DA868C
:104A4000FB687A889A86FB6800221A64FB68002259
:104A50005A64FB681B681B6803F04003402B07D0B7
:104A6000FB681B681A68FB681B6842F040021A600A
:104A7000FB68DB68B3F5006F7ED1FB685B68002BD9
:104A800002D0FB8A012B6CD1FB681B6B1A88FB6878
:104A90001B68DA60FB681B6B9A1CFB681A63FB6877
:104AA000DB8E9BB2013B9AB2FB68DA8659E0FB6869
:104AB0001B689B6803F00203022B1BD1FB68DB8E93
:104AC0009BB2002B16D07B6A012B13D1FB681B6BAA
:104AD0001A88FB681B68DA60FB681B6B9A1CFB6812
:104AE0001A63FB68DB8E9BB2013B9AB2FB68DA86E5
:104AF00000237B62FB681B689B6803F00103012BAA
:104B000019D1FB68DB8F9BB2002B14D0FB681B68AC
:104B1000DA68FB689B6B92B21A80FB689B6B9A1CED
:104B2000FB689A63FB68DB8F9BB2013B9AB2FB6820
:104B3000DA8701237B62FDF725FE02463B6AD31A22
:104B40003A6B9A420DD83B6BB3F1FF3F09D0FB683B
:104B5000012283F85120FB68002283F850200323B0
:104B6000BCE0FB68DB8E9BB2002BA0D1FB68DB8F27
:104B70009BB2002B9BD182E0FB685B68002B02D0CC
:104B8000FB8A012B71D1FB681A6BFB681B680C3325
:104B900012781A70FB681B6B5A1CFB681A63FB685F
:104BA000DB8E9BB2013B9AB2FB68DA865DE0FB6864
:104BB0001B689B6803F00203022B1CD1FB68DB8E91
:104BC0009BB2002B17D07B6A012B14D1FB681A6BA8
:104BD000FB681B680C3312781A70FB681B6B5A1C3D
:104BE000FB681A63FB68DB8E9BB2013B9AB2FB68E1
:104BF000DA8600237B62FB681B689B6803F0010375
:104C0000012B19D1FB68DB8F9BB2002B14D0FB6802
:104C10001B68DA68FB689B6BD2B21A70FB689B6BEF
:104C20005A1CFB689A63FB68DB8F9BB2013B9AB20C
:104C3000FB68DA8701237B62FDF7A4FD02463B6A2D
:104C4000D31A3A6B9A4203D83B6BB3F1FF3F02D1C0
:104C50003B6B002B09D1FB68012283F85120FB68D4
:104C6000002283F85020032338E0FB68DB8E9BB2E0
:104C7000002B9CD1FB68DB8F9BB2002B97D13A6A4B
:104C8000396BF86800F008F90346002B08D0FB6880
:104C900020225A65FB68002283F8502001231DE082
:104CA000FB689B68002B0AD100233B61FB681B68F3
:104CB000DB683B61FB681B689B683B613B69FB6889
:104CC000012283F85120FB68002283F85020FB6802
:104CD0005B6D002B01D0012300E00023184628372C
:104CE000BD4680BD80B588B000AFF860B9603B605C
:104CF0001346FB71FDF746FD0246BB6A9B1A3A68F4
:104D00001344FB61FDF73EFDB861394B1B685B0145
:104D10001B0DFA6902FB03F37B6154E03B68B3F1BE
:104D2000FF3F50D0FDF72EFD0246BB69D31AFA694A
:104D30009A4202D9FB69002B3DD1FB681B685A6877
:104D4000FB681B6822F0E0025A60FB685B68B3F501
:104D5000827F11D1FB689B68B3F5004F04D0FB68DC
:104D60009B68B3F5806F07D1FB681B681A68FB6806
:104D70001B6822F040021A60FB689B6AB3F5005F73
:104D80000FD1FB681B681A68FB681B6822F400528D
:104D90001A60FB681B681A68FB681B6842F40052C3
:104DA0001A60FB68012283F85120FB68002283F817
:104DB0005020032317E07B69002B01D10023FB6106
:104DC0007B69013B7B61FB681B689A68BB68134089
:104DD000BA689A420CBF01230023DBB21A46FB7962
:104DE0009A429BD1002318462037BD4680BD00BFA4
:104DF0000C00002080B586B002AFF860B9607A6020
:104E0000FB685B68B3F5827F11D1FB689B68B3F5E3
:104E1000004F04D0FB689B68B3F5806F07D1FB6837
:104E20001B681A68FB681B6822F040021A60FB6866
:104E30005B68B3F5827F17D1FB689B68B3F5806F21
:104E400012D17B680093BB6800220121F868FFF74C
:104E500049FF0346002B1AD0FB685B6D43F020022C
:104E6000FB685A65032313E07B680093BB6800224C
:104E70008021F868FFF736FF0346002B07D0FB6858
:104E80005B6D43F02002FB685A65032300E00023BA
:104E900018461037BD4680BD80B586B002AFF860B9
:104EA000B9607A607B680093BB6801220221F868D0
:104EB000FFF718FF0346002B07D0FB685B6D43F03C
:104EC0002002FB685A65032313E07B680093BB68EC
:104ED00000228021F868FFF705FF0346002B07D06A
:104EE000FB685B6D43F02002FB685A65032300E01A
:104EF000002318461037BD4680BD80B582B000AF94
:104F000078607B68002B01D1012341E07B6893F836
:104F10003D30DBB2002B06D17B68002283F83C20B9
:104F20007868FDF793FA7B68022283F83D207B685E
:104F30001A687B6804331946104600F017FC7B683A
:104F4000012283F846207B68012283F83E207B689B
:104F5000012283F83F207B68012283F840207B6890
:104F6000012283F841207B68012283F842207B687C
:104F7000012283F843207B68012283F844207B6868
:104F8000012283F845207B68012283F83D2000231D
:104F900018460837BD4680BD80B485B000AF786044
:104FA0007B6893F83D30DBB2012B01D001233AE05E
:104FB0007B68022283F83D207B681B68DA687B6887
:104FC0001B6842F00102DA607B681B68184A934252
:104FD0000ED07B681B68B3F1804F09D07B681B68DB
:104FE000144A934204D07B681B68134A934211D140
:104FF0007B681B689B6803F00703FB60FB68062B5C
:1050000010D07B681B681A687B681B6842F001023D
:105010001A6007E07B681B681A687B681B6842F0AF
:1050200001021A60002318461437BD4680BC704741
:10503000002C0140000400400008004080B582B010
:1050400000AF78607B68002B01D1012341E07B68D1
:1050500093F83D30DBB2002B06D17B68002283F849
:105060003C20786800F039F87B68022283F83D2004
:105070007B681A687B6804331946104600F076FB9B
:105080007B68012283F846207B68012283F83E205A
:105090007B68012283F83F207B68012283F840204F
:1050A0007B68012283F841207B68012283F842203B
:1050B0007B68012283F843207B68012283F8442027
:1050C0007B68012283F845207B68012283F83D201C
:1050D000002318460837BD4680BD80B483B000AFBA
:1050E000786000BF0C37BD4680BC704780B584B087
:1050F00000AF786039603B68002B09D17B6893F87A
:105100003E30DBB2012B14BF01230023DBB222E0CF
:105110003B68042B09D17B6893F83F30DBB2012B4D
:1051200014BF01230023DBB215E03B68082B09D133
:105130007B6893F84030DBB2012B14BF01230023BE
:10514000DBB208E07B6893F84130DBB2012B14BF7F
:1051500001230023DBB2002B01D001235EE03B687A
:10516000002B04D17B68022283F83E2013E03B68C9
:10517000042B04D17B68022283F83F200BE03B68BC
:10518000082B04D17B68022283F8402003E07B686F
:10519000022283F841207B681B6801223968184687
:1051A00000F070FD7B681B681E4A934207D17B6844
:1051B0001B685A6C7B681B6842F400425A647B6827
:1051C0001B68184A93420ED07B681B68B3F1804F6E
:1051D00009D07B681B68144A934204D07B681B6823
:1051E000124A934211D17B681B689B6803F0070346
:1051F000FB60FB68062B10D07B681B681A687B6815
:105200001B6842F001021A6007E07B681B681A689D
:105210007B681B6842F001021A60002318461037B1
:10522000BD4680BD002C0140000400400008004045
:1052300080B584B000AF78607B681B68DB68FB607A
:105240007B681B681B69BB60BB6803F00203002B13
:1052500020D0FB6803F00203002B1BD07B681B6887
:105260006FF002021A617B6801221A777B681B6863
:105270009B6903F00303002B03D0786800F05AFA0F
:1052800005E0786800F04DFA786800F05CFA7B6819
:1052900000221A77BB6803F00403002B20D0FB68C0
:1052A00003F00403002B1BD07B681B686FF0040223
:1052B0001A617B6802221A777B681B689B6903F47A
:1052C0004073002B03D0786800F034FA05E078686A
:1052D00000F027FA786800F036FA7B6800221A7727
:1052E000BB6803F00803002B20D0FB6803F0080321
:1052F000002B1BD07B681B686FF008021A617B686B
:1053000004221A777B681B68DB6903F00303002B18
:1053100003D0786800F00EFA05E0786800F001FA32
:10532000786800F010FA7B6800221A77BB6803F0F7
:105330001003002B20D0FB6803F01003002B1BD0C0
:105340007B681B686FF010021A617B6808221A776D
:105350007B681B68DB6903F44073002B03D078681B
:1053600000F0E8F905E0786800F0DBF9786800F013
:10537000EAF97B6800221A77BB6803F00103002B6F
:105380000CD0FB6803F00103002B07D07B681B687F
:105390006FF001021A617868FCF7F2FDBB6803F058
:1053A0008003002B0CD0FB6803F08003002B07D098
:1053B0007B681B686FF080021A61786800F0EDFC72
:1053C000BB6803F04003002B0CD0FB6803F04003E4
:1053D000002B07D07B681B686FF040021A61786869
:1053E00000F0BAF9BB6803F02003002B0CD0FB6877
:1053F00003F02003002B07D07B681B686FF02002AE
:105400001A61786800F0C0FC00BF1037BD4680BD4F
:1054100080B586B000AFF860B9607A600023FB7594
:10542000FB6893F83C30012B01D10223AEE0FB680E
:10543000012283F83C207B680C2B00F29F8001A2A4
:1054400052F823F0795400087D5500087D55000876
:105450007D550008B95400087D5500087D550008A9
:105460007D550008FB5400087D5500087D55000857
:105470007D5500083B550008FB681B68B968184655
:1054800000F0E2F9FB681B689A69FB681B6842F050
:1054900008029A61FB681B689A69FB681B6822F026
:1054A00004029A61FB681B689969BB681A69FB680A
:1054B0001B680A439A6164E0FB681B68B968184678
:1054C00000F028FAFB681B689A69FB681B6842F4C5
:1054D00000629A61FB681B689A69FB681B6822F48A
:1054E00080629A61FB681B689969BB681B691A0234
:1054F000FB681B680A439A6143E0FB681B68B96854
:10550000184600F071FAFB681B68DA69FB681B68D3
:1055100042F00802DA61FB681B68DA69FB681B6805
:1055200022F00402DA61FB681B68D969BB681A695A
:10553000FB681B680A43DA6123E0FB681B68B968F3
:10554000184600F0BBFAFB681B68DA69FB681B6849
:1055500042F40062DA61FB681B68DA69FB681B6869
:1055600022F48062DA61FB681B68D969BB681B6939
:105570001A02FB681B680A43DA6102E00123FB752B
:1055800000BFFB68002283F83C20FB7D18461837DB
:10559000BD4680BD80B584B000AF7860396000231F
:1055A000FB737B6893F83C30012B01D10223B4E0FC
:1055B0007B68012283F83C207B68022283F83D202F
:1055C0007B681B689B68BB60BB6823F07703BB608C
:1055D000BB6823F47F43BB607B681B68BA689A6032
:1055E0003B681B68B3F5005F3ED0B3F5005F00F287
:1055F0008780B3F5805F00F08680B3F5805F7FD849
:10560000702B1AD0702B7BD8602B50D0602B77D8A2
:10561000502B3CD0502B73D8402B58D0402B6FD8F8
:10562000302B64D0302B6BD8202B60D0202B67D848
:10563000002B5CD0102B5AD062E07B6818683B6866
:1056400099683B685A683B68DB6800F0FCFA7B6845
:105650001B689B68BB60BB6843F07703BB607B68DB
:105660001B68BA689A604FE07B6818683B68996865
:105670003B685A683B68DB6800F0E5FA7B681B68AA
:105680009A687B681B6842F480429A603CE07B68C1
:1056900018683B6859683B68DB681A4600F05CFA9A
:1056A0007B681B685021184600F0B3FA2CE07B6839
:1056B00018683B6859683B68DB681A4600F07AFA5C
:1056C0007B681B686021184600F0A3FA1CE07B6829
:1056D00018683B6859683B68DB681A4600F03CFA7A
:1056E0007B681B684021184600F093FA0CE07B6849
:1056F0001A683B681B681946104600F08AFA03E0F6
:105700000123FB7300E000BF7B68012283F83D208A
:105710007B68002283F83C20FB7B18461037BD468F
:1057200080BD80B483B000AF786000BF0C37BD4649
:1057300080BC704780B483B000AF786000BF0C3786
:10574000BD4680BC704780B483B000AF786000BFB6
:105750000C37BD4680BC704780B483B000AF786022
:1057600000BF0C37BD4680BC7047000080B485B0D8
:1057700000AF786039607B681B68FB607B682F4AEC
:1057800093420BD07B68B3F1804F07D07B682C4AE3
:10579000934203D07B682B4A934208D1FB6823F0E5
:1057A0007003FB603B685B68FA681343FB607B68CF
:1057B000224A93420BD07B68B3F1804F07D07B68BD
:1057C0001F4A934203D07B681E4A934208D1FB686C
:1057D00023F44073FB603B68DB68FA681343FB60AB
:1057E000FB6823F080023B685B691343FB607B68C6
:1057F000FA681A603B689A687B68DA623B681A68E4
:105800007B689A627B680D4A934203D13B681A69B0
:105810007B681A637B6801225A617B681B6903F00D
:105820000103002B05D07B681B6923F001027B6814
:105830001A6100BF1437BD4680BC7047002C014080
:10584000000400400008004080B487B000AF7860DA
:1058500039607B681B6A7B617B681B6A23F00102ED
:105860007B681A627B685B683B617B689B69FB6055
:10587000FB6823F07003FB60FB6823F00303FB600D
:105880003B681B68FA681343FB607B6923F00203E3
:105890007B613B689B687A6913437B617B681C4A28
:1058A00093420CD17B6923F008037B613B68DB6882
:1058B0007A6913437B617B6923F004037B617B6816
:1058C000134A934211D13B6923F480733B613B69D6
:1058D00023F400733B613B685B693A6913433B61A6
:1058E0003B689B693A6913433B617B683A695A603C
:1058F0007B68FA689A613B685A687B685A637B6880
:105900007A691A6200BF1C37BD4680BC704700BF71
:10591000002C014080B487B000AF786039607B68AC
:105920001B6A7B617B681B6A23F010027B681A622A
:105930007B685B683B617B689B69FB60FB6823F469
:10594000E043FB60FB6823F44073FB603B681B682B
:105950001B02FA681343FB607B6923F020037B6121
:105960003B689B681B017A6913437B617B681D4A16
:1059700093420DD17B6923F080037B613B68DB6838
:105980001B017A6913437B617B6923F040037B61D0
:105990007B68144A934213D13B6923F480633B61D3
:1059A0003B6923F400633B613B685B699B003A6998
:1059B00013433B613B689B699B003A6913433B611E
:1059C0007B683A695A607B68FA689A613B685A68F2
:1059D0007B689A637B687A691A6200BF1C37BD4690
:1059E00080BC7047002C014080B487B000AF786065
:1059F00039607B681B6A7B617B681B6A23F4807259
:105A00007B681A627B685B683B617B68DB69FB6073
:105A1000FB6823F07003FB60FB6823F00303FB606B
:105A20003B681B68FA681343FB607B6923F40073CF
:105A30007B613B689B681B027A6913437B617B68CF
:105A40001D4A93420DD17B6923F400637B613B685F
:105A5000DB681B027A6913437B617B6923F48063F3
:105A60007B617B68144A934213D13B6923F48053D2
:105A70003B613B6923F400533B613B685B691B015D
:105A80003A6913433B613B689B691B013A691343C5
:105A90003B617B683A695A607B68FA68DA613B6807
:105AA0005A687B68DA637B687A691A6200BF1C37C0
:105AB000BD4680BC704700BF002C014080B487B059
:105AC00000AF786039607B681B6A3B617B681B6A4A
:105AD00023F480527B681A627B685B687B617B6819
:105AE000DB69FB60FB6823F4E043FB60FB6823F4A5
:105AF0004073FB603B681B681B02FA681343FB6042
:105B00003B6923F400533B613B689B681B033A6984
:105B100013433B617B680F4A934209D17B6923F4AD
:105B200080437B613B685B699B017A6913437B61BE
:105B30007B687A695A607B68FA68DA613B685A6800
:105B40007B681A647B683A691A6200BF1C37BD46DD
:105B500080BC7047002C014080B487B000AFF86073
:105B6000B9607A60FB681B6A7B61FB681B6A23F083
:105B70000102FB681A62FB689B693B613B6923F089
:105B8000F0033B617B681B013A6913433B617B690E
:105B900023F00A037B617A69BB6813437B61FB686E
:105BA0003A699A61FB687A691A6200BF1C37BD4680
:105BB00080BC704780B487B000AFF860B9607A608D
:105BC000FB681B6A7B61FB681B6A23F01002FB68A1
:105BD0001A62FB689B693B613B6923F470433B613C
:105BE0007B681B033A6913433B617B6923F0A00385
:105BF0007B61BB681B017A6913437B61FB683A696F
:105C00009A61FB687A691A6200BF1C37BD4680BC86
:105C1000704780B485B000AF786039607B689B685E
:105C2000FB60FB6823F07003FB603A68FB6813437A
:105C300043F00703FB607B68FA689A6000BF143783
:105C4000BD4680BC704780B487B000AFF860B960D3
:105C50007A603B60FB689B687B617B6923F47F43D0
:105C60007B613B681A027B681A43BB6813437A69FD
:105C700013437B61FB687A699A6000BF1C37BD469D
:105C800080BC704780B487B000AFF860B9607A60BC
:105C9000BB6803F01F03012202FA03F37B61FB6878
:105CA0001A6A7B69DB431A40FB681A62FB681A6A4E
:105CB000BB6803F01F03796801FA03F31A43FB681A
:105CC0001A6200BF1C37BD4680BC704780B485B0E7
:105CD00000AF786039607B6893F83C30012B01D1CC
:105CE000022346E07B68012283F83C207B68022285
:105CF00083F83D207B681B685B68FB607B681B68E2
:105D00009B68BB60FB6823F07003FB603B681B680B
:105D1000FA681343FB607B681B68FA685A607B680B
:105D20001B68164A93420ED07B681B68B3F1804F04
:105D300009D07B681B68124A934204D07B681B68B9
:105D4000104A93420CD1BB6823F08003BB603B68D0
:105D50005B68BA681343BB607B681B68BA689A606B
:105D60007B68012283F83D207B68002283F83C2079
:105D7000002318461437BD4680BC7047002C0140F4
:105D8000000400400008004080B483B000AF786099
:105D900000BF0C37BD4680BC704780B483B000AFF5
:105DA000786000BF0C37BD4680BC704780B582B0BC
:105DB00000AF78607B68002B01D1012342E07B6853
:105DC00093F84130DBB2002B06D17B68002283F8C8
:105DD00040207868FCF7F0FB7B68242283F84120A0
:105DE0007B681B68DA687B681B6822F40052DA6003
:105DF000786800F0B7FD7B681B681A697B681B68D0
:105E000022F490421A617B681B685A697B681B68A0
:105E100022F02A025A617B681B68DA687B681B687B
:105E200042F40052DA607B6800225A647B682022C8
:105E300083F841207B68202283F842207B6800227F
:105E40005A63002318460837BD4680BD80B58AB026
:105E500002AFF860B9603B601346FB8000237B61B2
:105E6000FB6893F84130DBB2202B75D1BB68002B67
:105E700002D0FB88002B01D101236EE0FB680022D9
:105E80005A64FB68212283F84120FCF77BFC78618F
:105E9000FB68FA889A84FB68FA88DA84FB689B6856
:105EA000B3F5805F08D1FB681B69002B04D1002388
:105EB000FB61BB68BB6103E0BB68FB610023BB61A6
:105EC0002EE03B6800937B6900228021F86800F097
:105ED0001CFB0346002B05D0FB68202283F84120E1
:105EE00003233AE0FB69002B0BD1BB691B881A46E0
:105EF000FB681B68C2F308025A60BB690233BB61CE
:105F000007E0FB691A78FB681B685A60FB6901337C
:105F1000FB61FB68DB8C9BB2013B9AB2FB68DA84C5
:105F2000FB68DB8C9BB2002BCBD13B6800937B6979
:105F300000224021F86800F0E8FA0346002B05D063
:105F4000FB68202283F84120032306E0FB6820221F
:105F500083F84120002300E0022318462037BD4685
:105F600080BD80B584B000AFF860B9601346FB8097
:105F7000FB6893F84230DBB2202B12D1BB68002BB8
:105F800002D0FB88002B01D101230BE0FB6800222B
:105F90001A63FB881A46B968F86800F00FFB0346DD
:105FA00000E0022318461037BD4680BD80B5BAB068
:105FB00000AF78607B681B681B68C7F8E4307B68BB
:105FC0001B68DB68C7F8E0307B681B685B69C7F853
:105FD000DC300023C7F8D8300023C7F8D430D7F816
:105FE000E43003F00F03C7F8D830D7F8D830002BCF
:105FF0000FD1D7F8E43003F02003002B09D0D7F8F5
:10600000E03003F02003002B03D0786800F0ECFBB5
:106010005BE2D7F8D830002B00F0DE80D7F8DC3018
:1060200003F00103002B06D1D7F8E03003F490739E
:10603000002B00F0D180D7F8E43003F00103002BEF
:106040000BD0D7F8E03003F48073002B05D07B68C9
:106050005B6C43F001027B685A64D7F8E43003F0CC
:106060000403002B0BD0D7F8DC3003F00103002B26
:1060700005D07B685B6C43F002027B685A64D7F8FA
:10608000E43003F00203002B0BD0D7F8DC3003F030
:106090000103002B05D07B685B6C43F004027B6836
:1060A0005A64D7F8E43003F00803002B11D0D7F876
:1060B000E03003F02003002B05D1D7F8DC3003F0EB
:1060C0000103002B05D07B685B6C43F008027B6802
:1060D0005A647B685B6C002B00F0F281D7F8E430E7
:1060E00003F02003002B08D0D7F8E03003F02003A2
:1060F000002B02D0786800F077FB7B681B685B6937
:1061000003F04003002B14BF01230023DBB2C7F8C8
:10611000D4307B685B6C03F00803002B03D1D7F805
:10612000D430002B4FD0786800F081FA7B681B6870
:106130005B6903F04003002B41D07B681B6814337C
:10614000C7F89C30D7F89C3053E8003FC7F8983028
:10615000D7F8983023F04003C7F8D0307B681B682D
:106160001433D7F8D020C7F8A820C7F8A430D7F840
:10617000A410D7F8A82041E80023C7F8A030D7F82A
:10618000A030002BD9D17B68DB6B002B13D07B6850
:10619000DB6B7E4A5A637B68DB6B1846FDF7C2F8FF
:1061A0000346002B16D07B68DB6B5B6B7A68D26B87
:1061B000104698470EE0786800F093F90AE0786896
:1061C00000F08FF906E0786800F08BF97B68002218
:1061D0005A6475E100BF73E17B681B6B012B40F0D3
:1061E0004F81D7F8E43003F01003002B00F0488112
:1061F000D7F8E03003F01003002B00F041810023BA
:10620000BB607B681B681B68BB607B681B685B6846
:10621000BB60BB687B681B685B6903F04003002BB5
:1062200000F0B6807B68DB6B1B685B68A7F8BE304C
:10623000B7F8BE30002B00F045817B689B8DB7F826
:10624000BE209A4280F03E817B68B7F8BE20DA8596
:106250007B68DB6B9B69202B00F088807B681B6868
:106260000C33C7F88830D7F8883053E8003FC7F8B8
:106270008430D7F8843023F48073C7F8B8307B6853
:106280001B680C33D7F8B820C7F89420C7F89030B3
:10629000D7F89010D7F8942041E80023C7F88C3045
:1062A000D7F88C30002BD9D17B681B6814337B67FF
:1062B0007B6F53E8003F3B673B6F23F00103C7F858
:1062C000B4307B681B681433D7F8B420C7F880203B
:1062D000FB67F96FD7F8802041E80023BB67BB6FED
:1062E000002BE1D17B681B6814333B663B6E53E89F
:1062F000003FFB65FB6D23F04003C7F8B0307B68BF
:106300001B681433D7F8B020FA66BB66B96EFA6E14
:1063100041E800237B667B6E002BE3D17B68202263
:1063200083F842207B6800221A637B681B680C3369
:10633000FB64FB6C53E8003FBB64BB6C23F01003B1
:10634000C7F8AC307B681B680C33D7F8AC20BA6553
:106350007B65796DBA6D41E800233B653B6D002B91
:10636000E3D17B68DB6B1846FCF7A0FF7B68022259
:106370005A637B689A8D7B68DB8D9BB2D31A9BB284
:106380001946786800F0B6F89CE000BFF366000894
:106390007B689A8D7B68DB8D9BB2D31AA7F8CE30D1
:1063A0007B68DB8D9BB2002B00F08E80B7F8CE307F
:1063B000002B00F089807B681B680C33BB63BB6BD0
:1063C00053E8003F7B637B6B23F49073C7F8C830BE
:1063D0007B681B680C33D7F8C8207A643B64396C3F
:1063E0007A6C41E80023FB63FB6B002BE3D17B68F5
:1063F0001B6814337B627B6A53E8003F3B623B6A55
:1064000023F00103C7F8C4307B681B681433D7F846
:10641000C4203A63FB62F96A3A6B41E80023BB622D
:10642000BB6A002BE3D17B68202283F842207B6883
:1064300000221A637B681B680C333B613B6953E89D
:10644000003FFB60FB6823F01003C7F8C0307B6897
:106450001B680C33D7F8C020FA61BB61B969FA69CF
:1064600041E800237B617B69002BE3D17B6802223A
:106470005A63B7F8CE301946786800F03BF823E04D
:10648000D7F8E43003F08003002B09D0D7F8E030D0
:1064900003F08003002B03D0786800F03EF914E08D
:1064A000D7F8E43003F04003002B0ED0D7F8E030EB
:1064B00003F04003002B08D0786800F07DF904E079
:1064C00000BF02E000BF00E000BFE837BD4680BD6E
:1064D00080B483B000AF786000BF0C37BD4680BC8D
:1064E000704780B483B000AF786000BF0C37BD4602
:1064F00080BC704780B483B000AF78600B467B806F
:1065000000BF0C37BD4680BC704780B586B000AF79
:10651000F860B9603B601346FB713BE03B6AB3F146
:10652000FF3F37D0FCF72EF902463B68D31A3A6A90
:106530009A4202D33B6A002B01D103233AE0FB6865
:106540001B68DB6803F00403002B23D0BB68802B9F
:1065500020D0BB68402B1DD0FB681B681B6803F074
:106560000803082B16D100237B61FB681B681B689E
:106570007B61FB681B685B687B617B69F86800F086
:1065800056F8FB6808225A64FB68002283F8402012
:1065900001230FE0FB681B681A68BB681340BA68E8
:1065A0009A420CBF01230023DBB21A46FB799A42C0
:1065B000B4D0002318461837BD4680BD80B485B0DE
:1065C00000AFF860B9601346FB80FB68BA689A6256
:1065D000FB68FA889A85FB68FA88DA85FB680022EE
:1065E0005A64FB68222283F84220FB681B69002B57
:1065F00007D0FB681B68DA68FB681B6842F480728E
:10660000DA60FB681B685A69FB681B6842F001028C
:106610005A61FB681B68DA68FB681B6842F020025D
:10662000DA60002318461437BD4680BC704780B43A
:1066300095B000AF78607B681B680C337B637B6B25
:1066400053E8003F3B633B6B23F49073FB647B6830
:106650001B680C33FA6C3A64FB63F96B3A6C41E8E3
:106660000023BB63BB6B002BE5D17B681B68143335
:106670003B623B6A53E8003FFB61FB6923F0010387
:10668000BB647B681B681433BA6CFA62BB62B96A7C
:10669000FA6A41E800237B627B6A002BE5D17B68C4
:1066A0001B6B012B19D17B681B680C33FB60FB68EB
:1066B00053E8003FBB60BB6823F010037B647B683A
:1066C0001B680C337A6CBA617B617969BA6941E8FD
:1066D00000233B613B69002BE5D17B68202283F8D6
:1066E00042207B6800221A6300BF5437BD4680BC3D
:1066F000704780B584B000AF78607B685B6AFB60F0
:10670000FB680022DA85FB680022DA84F868FFF76C
:10671000E8FE00BF1037BD4680BD80B485B000AF35
:1067200078607B6893F84130DBB2212B3ED17B68E7
:106730009B68B3F5805F14D17B681B69002B10D177
:106740007B681B6AFB60FB681B881A467B681B68BA
:10675000C2F308025A607B681B6A9A1C7B681A6243
:1067600008E07B681B6A591C7A6811621A787B689A
:106770001B685A607B68DB8C9BB2013B9BB27A68DA
:106780001946D184002B0FD17B681B68DA687B68BF
:106790001B6822F08002DA607B681B68DA687B681D
:1067A0001B6842F04002DA60002300E00223184632
:1067B0001437BD4680BC704780B582B000AF7860AA
:1067C0007B681B68DA687B681B6822F04002DA602D
:1067D0007B68202283F841207868FFF779FE002348
:1067E00018460837BD4680BD80B58CB000AF7860D4
:1067F0007B6893F84230DBB2222B40F0AE807B689E
:106800009B68B3F5805F17D17B681B69002B13D1A0
:106810000023FB627B689B6ABB627B681B685B68CA
:106820009BB2C3F308039AB2BB6A1A807B689B6A67
:106830009A1C7B689A6226E07B689B6AFB62002355
:10684000BB627B689B68B3F5805F07D07B689B6801
:10685000002B0AD17B681B69002B06D17B681B6863
:106860005B68DAB2FB6A1A7008E07B681B685B68D9
:10687000DBB203F07F03DAB2FB6A1A707B689B6AB3
:106880005A1C7B689A627B68DB8D9BB2013B9BB292
:106890007A681946D185002B5DD17B681B68DA6860
:1068A0007B681B6822F02002DA607B681B68DA686C
:1068B0007B681B6822F48072DA607B681B685A6907
:1068C0007B681B6822F001025A617B68202283F8F2
:1068D00042207B6800225A637B681B6B012B35D1F9
:1068E0007B6800221A637B681B680C337B617B69C1
:1068F00053E8003F3B613B6923F010037B627B68F8
:106900001B680C337A6A3A62FB61F9693A6A41E8BA
:106910000023BB61BB69002BE5D17B681B681B684A
:1069200003F01003102B0AD10023FB607B681B6867
:106930001B68FB607B681B685B68FB60FB687B68AF
:106940009B8D19467868FFF7D5FD02E07868FAF765
:10695000A1FD002302E0002300E0022318463037A7
:10696000BD4680BD80B584B000AF78607B681B6891
:106970001B6923F440517B68DA687B681B680A4313
:106980001A617B689A687B681B691A437B685B693C
:106990001343BB607B681B68DB6823F4B05323F0B0
:1069A0000C037A681268B9680B43D3607B681B6874
:1069B0005B6923F440717B689A697B681B680A43B2
:1069C0005A617B681B682C4A934203D1FDF7E8FBB0
:1069D000F86002E0FDF7D0FBF860FA6813469B0010
:1069E00013449A001A447B685B689B00B2FBF3F384
:1069F000224AA2FB03235B091901FA6813469B0094
:106A000013449A001A447B685B689B00B2FBF3F264
:106A10001A4BA3FB02035B09642000FB03F3D31AA8
:106A20001B013233154AA2FB03235B0903F0F00379
:106A30001944FA6813469B0013449A001A447B6871
:106A40005B689B00B2FBF3F20C4BA3FB02035B09F8
:106A5000642000FB03F3D31A1B013233074AA2FB65
:106A600003235B0903F00F027B681B680A449A60EA
:106A700000BF1037BD4680BD003801401F85EB5177
:106A800080B485B000AF0346FB800023FB60B7F9FC
:106A90000630842B05D0B7F90620FB681344033376
:106AA000FB60FB6818461437BD4680BC704780B455
:106AB00083B000AFEFF305837B607B68002B14BFCE
:106AC00001230023DBB218460C37BD4680BC70475B
:106AD00080B500AF01F0DCFC0023184680BDF0B5A6
:106AE00089B004AF786039607B685B69002B20D087
:106AF0007B689B69002B1CD07B685C687B681D6889
:106B00007B681E697B68B3F908301846FFF7B8FF49
:106B100001467B685B697A689269029201930091F1
:106B20003B6832462946204601F0CCFA0346FB601A
:106B30001CE07B685C687B681D687B681B699EB293
:106B40007B68B3F908301846FFF79AFF024607F151
:106B50000C03019300923B6832462946204601F01F
:106B600011FB0346012B01D0002300E0FB6818460F
:106B70001437BD46F0BD80B584B000AF78607B6847
:106B8000FB60FB68002B01D0FB6800E00123184686
:106B900001F048FC002318461037BD4680BD0000B8
:106BA00080B586B002AFF8600B467A60FB72FB6876
:106BB0005B68002B13D0FB7A012B01D1012100E08F
:106BC0000021FB681B68FA685268019200937B6899
:106BD0000A4601210B4802F04AFB03460EE0FB7A0D
:106BE000012B01D1012200E00022FB681B68009309
:106BF0007B680121034802F019FB03461846103751
:106C0000BD4680BDFCA3000880B588B002AF7860A7
:106C1000396000237B610023FB603B683B613B697B
:106C2000002B01D101233B61FFF741FF0346002BFD
:106C30001AD007F10C03002200923A690921786802
:106C400002F092FB0346012B02D0FF237B6118E088
:106C5000FB68002B15D00D4B4FF080521A60BFF32C
:106C60004F8FBFF36F8F0CE00023009300233A692E
:106C70000421786802F078FB0346012B01D0FF2342
:106C80007B617B6918461837BD4680BD04ED00E086
:106C900080B586B002AF78600023FB600023BB6044
:106CA000FFF705FF0346002B19D007F10803002268
:106CB000009200220821786802F056FB0346012B5F
:106CC00001D0FF2319E0BB68002B15D00D4B4FF00E
:106CD00080521A60BFF34F8FBFF36F8F0CE0002319
:106CE0000093002300220321786802F03DFB034655
:106CF000012B01D0FF23FB60FB6818461037BD460F
:106D000080BD00BF04ED00E080B582B000AF7860C8
:106D10007B685B68002B07D07B685B6819460120A5
:106D200000F08DFB034603E0012000F070FB0346FA
:106D300018460837BD4680BD80B584B000AF786086
:106D400039600023BB607B68002B01D180233AE0CF
:106D50000023FB603B68B3F1FF3F03D14FF0FF33EB
:106D6000FB6009E03B68002B06D03B68FB60FB68DA
:106D7000002B01D10123FB60FFF799FE0346002B96
:106D800017D007F108031A460021786800F094FF35
:106D90000346012B01D0FF2315E0BB68002B11D067
:106DA0000B4B4FF080521A60BFF34F8FBFF36F8FC2
:106DB00008E0F968786800F06FFE0346012B01D007
:106DC000FF2300E0002318461037BD4680BD00BFFA
:106DD00004ED00E080B584B000AF78600023FB6074
:106DE0000023BB60FFF763FE0346002B16D007F1BC
:106DF00008031946786800F0DDFC0346012B01D03A
:106E0000FF2317E0BB68002B13D00C4B4FF08052D0
:106E10001A60BFF34F8FBFF36F8F0AE00023002289
:106E20000021786800F026FB0346012B01D0FF23E8
:106E3000FB60FB6818461037BD4680BD04ED00E0DE
:106E400090B585B002AF786039607B689B68002B95
:106E500011D07B68DB68002B0DD07B6818687B68DD
:106E600059687B689A687B68DB680024009400F0AE
:106E7000DDF9034608E07B6818687B685B680022E0
:106E8000194600F050FA034618460C37BD4690BD2F
:106E900080B586B000AFF860B9607A6000233B61CE
:106EA0007B687B617B69002B01D101237B61FFF74C
:106EB000FEFD0346002B18D007F1100207F1080170
:106EC0000023F86800F0D8FB0346012B01D0FF2314
:106ED00018E03B69002B14D00C4B4FF080521A6025
:106EE000BFF34F8FBFF36F8F0BE007F10801002353
:106EF0007A69F86800F0BEFA0346012B01D0FF233F
:106F000000E0002318461837BD4680BD04ED00E0C0
:106F100090B58BB000AFF860B9607A60BB68FB6178
:106F20000023BB61BB68002B0AD180237B61FB6817
:106F30001C4607F1140393E8070084E8070054E0B7
:106F400000233B6200237B627B68B3F1FF3F03D1E8
:106F50004FF0FF337B6209E07B68002B06D07B6833
:106F60007B627B6A002B01D101237B62FFF79FFDCF
:106F70000346002B1CD007F1200207F11403043351
:106F80001946B86800F098FE0346012B02D1102381
:106F90007B6101E000237B613B6A002B1DD0154B18
:106FA0004FF080521A60BFF34F8FBFF36F8F14E022
:106FB00007F1140304337A6A1946B86800F08AFCB2
:106FC0000346012B02D110237B6106E07B6A002B74
:106FD00001D1002300E040237B61FB681C4607F1E0
:106FE000140393E8070084E80700F8682C37BD46CF
:106FF00090BD00BF04ED00E080B483B000AF7860C6
:107000007B6803F108027B685A607B684FF0FF32AF
:107010009A607B6803F108027B68DA607B6803F1A1
:1070200008027B681A617B6800221A6000BF0C3777
:10703000BD4680BC704780B483B000AF78607B6889
:1070400000221A6100BF0C37BD4680BC704780B477
:1070500085B000AF786039607B685B68FB603B6837
:10706000FA685A60FB689A683B689A60FB689B689C
:107070003A685A60FB683A689A603B687A681A61B5
:107080007B681B685A1C7B681A6000BF1437BD46BA
:1070900080BC704780B485B000AF786039603B68D1
:1070A0001B68BB60BB68B3F1FF3F03D17B681B6902
:1070B000FB600CE07B680833FB6002E0FB685B6808
:1070C000FB60FB685B681B68BA689A42F6D2FB6893
:1070D0005A683B685A603B685B683A689A603B68EC
:1070E000FA689A60FB683A685A603B687A681A6185
:1070F0007B681B685A1C7B681A6000BF1437BD464A
:1071000080BC704780B485B000AF78607B681B6935
:10711000FB607B685B687A6892689A607B689B68B2
:107120007A6852685A60FB685B687A689A4203D151
:107130007B689A68FB685A607B6800221A61FB686A
:107140001B685A1EFB681A60FB681B6818461437D8
:10715000BD4680BC7047000080B584B000AF786049
:1071600039607B68FB60FB68002B0BD14FF050034C
:1071700083F31188BFF36F8FBFF34F8FBB6000BFE6
:1071800000BFFDE702F0D2FCFB681A68FB68DB6B0E
:10719000F968096C01FB03F31A44FB689A60FB6809
:1071A00000229A63FB681A68FB685A60FB681A68D9
:1071B000FB68DB6B013BF968096C01FB03F31A44C4
:1071C000FB68DA60FB68FF2283F84420FB68FF223B
:1071D00083F845203B68002B14D1FB681B69002B0A
:1071E0001AD0FB681033184601F0EAFB0346002B67
:1071F00012D00D4B4FF080521A60BFF34F8FBFF388
:107200006F8F09E0FB6810331846FFF7F5FEFB6847
:1072100024331846FFF7F0FE02F0B8FC01231846AD
:107220001037BD4680BD00BF04ED00E080B58EB0D4
:1072300002AFF860B9607A603B60FB68002B0BD14D
:107240004FF0500383F31188BFF36F8FBFF34F8F5D
:10725000BB6200BF00BFFDE73B68002B0BD14FF0C6
:10726000500383F31188BFF36F8FBFF34F8F7B629F
:1072700000BF00BFFDE77B68002B02D0BB68002B7E
:1072800001D0012300E00023002B0BD14FF050036D
:1072900083F31188BFF36F8FBFF34F8F3B6200BF43
:1072A00000BFFDE77B68002B02D1BB68002B01D13A
:1072B000012300E00023002B0BD14FF0500383F398
:1072C0001188BFF36F8FBFF34F8FFB6100BF00BF0B
:1072D000FDE748237B617B69482B0BD04FF05003BF
:1072E00083F31188BFF36F8FBFF34F8FBB6100BF74
:1072F00000BFFDE77B693B68FB62FB6A002B0DD09A
:10730000FB6A012283F8462097F83820FB6A009335
:1073100013467A68B968F86800F040F8FB6A1846C6
:107320003037BD4680BD80B58AB002AFF860B96025
:107330001346FB71FB68002B0BD14FF0500383F316
:107340001188BFF36F8FBFF34F8F3B6100BF00BF4A
:10735000FDE7FB68BA6802FB03F3FB61FB69483396
:10736000184602F0E5FCB861BB69002B11D0BB697F
:107370007B617B6948337B61BB69002283F84620CF
:10738000FA79BB69009313467A69B968F86800F026
:1073900005F8BB6918462037BD4680BD80B584B06E
:1073A00000AFF860B9607A60FB70BB68002B03D156
:1073B000BB69BA691A6002E0BB697A681A60BB6986
:1073C000FA68DA63BB69BA681A640121B869FFF721
:1073D000C3FE00BF1037BD4680BD80B582B000AF90
:1073E00078607B68002B0ED07B6800229A607B68F7
:1073F00000221A607B680022DA600023002200214C
:10740000786800F037F800BF0837BD4680BD80B50A
:1074100086B000AF0346FB7101237B6100233B6113
:10742000FB791A4639697869FFF77DFFF860F868DB
:10743000FFF7D3FFFB6818461837BD4680BD80B5FF
:1074400088B002AF03463960FB7101237B610023E2
:107450003B61FB7900933B68002239697869FFF74B
:10746000E5FEF860F868FFF7B8FFFB6818461837C4
:10747000BD4680BD80B58EB000AFF860B9607A605F
:107480003B6000237B63FB683B633B6B002B0BD1B2
:107490004FF0500383F31188BFF36F8FBFF34F8F0B
:1074A000BB6200BF00BFFDE7BB68002B03D13B6B95
:1074B0001B6C002B01D1012300E00023002B0BD11A
:1074C0004FF0500383F31188BFF36F8FBFF34F8FDB
:1074D0007B6200BF00BFFDE73B68022B03D13B6B23
:1074E000DB6B012B01D1012300E00023002B0BD12A
:1074F0004FF0500383F31188BFF36F8FBFF34F8FAB
:107500003B6200BF00BFFDE701F020FC0346002BFB
:1075100002D17B68002B01D1012300E00023002B66
:107520000BD14FF0500383F31188BFF36F8FBFF37C
:107530004F8FFB6100BF00BFFDE702F0F7FA3B6B26
:107540009A6B3B6BDB6B9A4202D33B68022B29D1CF
:107550003A68B968386B00F048FCF8623B6B5B6ACC
:10756000002B10D03B6B2433184601F029FA034658
:10757000002B13D03F4B4FF080521A60BFF34F8F58
:10758000BFF36F8F0AE0FB6A002B07D0394B4FF037
:1075900080521A60BFF34F8FBFF36F8F02F0F6FA7D
:1075A000012363E07B68002B03D102F0EFFA002394
:1075B0005CE07B6B002B06D107F11403184601F049
:1075C00063FA01237B6302F0E1FA00F0D1FF02F0DD
:1075D000ADFA3B6B93F844305BB2B3F1FF3F03D19C
:1075E0003B6B002283F844203B6B93F845305BB241
:1075F000B3F1FF3F03D13B6B002283F8452002F03B
:10760000C5FA3A1D07F114031146184601F052FA63
:107610000346002B24D1386B00F0DFFC0346002B1F
:1076200018D03B6B10337A681146184601F076F992
:10763000386B00F06AFC00F0A9FF0346002B7FF4D2
:107640007CAF0C4B4FF080521A60BFF34F8FBFF3EB
:107650006F8F72E7386B00F058FC00F097FF6CE713
:10766000386B00F052FC00F091FF002318463837C9
:10767000BD4680BD04ED00E080B590B000AFF8607D
:10768000B9607A603B60FB68BB63BB6B002B0BD1BE
:107690004FF0500383F31188BFF36F8FBFF34F8F09
:1076A000BB6200BF00BFFDE7BB68002B03D1BB6B13
:1076B0001B6C002B01D1012300E00023002B0BD118
:1076C0004FF0500383F31188BFF36F8FBFF34F8FD9
:1076D0007B6200BF00BFFDE73B68022B03D1BB6BA1
:1076E000DB6B012B01D1012300E00023002B0BD128
:1076F0004FF0500383F31188BFF36F8FBFF34F8FA9
:107700003B6200BF00BFFDE702F0D2FAEFF3118247
:107710004FF0500383F31188BFF36F8FBFF34F8F88
:10772000FA61BB61FB697B63BB6B9A6BBB6BDB6B09
:107730009A4202D33B68022B2FD1BB6B93F84530A2
:1077400087F83330BB6B9B6BFB623A68B968B86BE8
:1077500000F04BFB97F93330B3F1FF3F12D1BB6B15
:107760005B6A002B16D0BB6B2433184601F028F956
:107770000346002B0ED07B68002B0BD07B680122C8
:107780001A6007E097F833300133DBB25AB2BB6BB3
:1077900083F845200123FB6301E00023FB637B6B3F
:1077A0007B617B6983F3118800BFFB6B1846403710
:1077B000BD4680BD80B58EB000AF786039607B6813
:1077C0003B633B6B002B0BD14FF0500383F31188CD
:1077D000BFF36F8FBFF34F8F3B6200BF00BFFDE76A
:1077E0003B6B1B6C002B0BD04FF0500383F31188C5
:1077F000BFF36F8FBFF34F8FFB6100BF00BFFDE78B
:107800003B6B1B68002B03D13B6B9B68002B01D1AA
:10781000012300E00023002B0BD14FF0500383F332
:107820001188BFF36F8FBFF34F8FBB6100BF00BFE5
:10783000FDE702F03DFAEFF311824FF0500383F3BE
:107840001188BFF36F8FBFF34F8F7A613B617B6904
:10785000FB623B6B9B6BBB623B6BDB6BBA6A9A4216
:107860002BD23B6B93F8453087F82730BB6A5A1C04
:107870003B6B9A6397F92730B3F1FF3F12D13B6B13
:107880005B6A002B16D03B6B2433184601F098F846
:107890000346002B0ED03B68002B0BD03B68012227
:1078A0001A6007E097F827300133DBB25AB23B6B1E
:1078B00083F8452001237B6301E000237B63FB6A9F
:1078C000FB60FB6883F3118800BF7B6B1846383779
:1078D000BD4680BD80B58CB000AFF860B9607A60FD
:1078E0000023FB62FB68BB62BB6A002B0BD14FF02D
:1078F000500383F31188BFF36F8FBFF34F8F3B6249
:1079000000BF00BFFDE7BB68002B03D1BB6A1B6C47
:10791000002B01D1012300E00023002B0BD14FF0FD
:10792000500383F31188BFF36F8FBFF34F8FFB6159
:1079300000BF00BFFDE701F009FA0346002B02D1AA
:107940007B68002B01D1012300E00023002B0BD129
:107950004FF0500383F31188BFF36F8FBFF34F8F46
:10796000BB6100BF00BFFDE702F0E0F8BB6A9B6BA4
:107970007B627B6A002B1FD0B968B86A00F09FFA5F
:107980007B6A5A1EBB6A9A63BB6A1B69002B0FD0C5
:10799000BB6A1033184601F013F80346002B07D0DA
:1079A0003C4B4FF080521A60BFF34F8FBFF36F8F85
:1079B00002F0ECF8012369E07B68002B03D102F0B0
:1079C000E5F8002362E0FB6A002B06D107F1100303
:1079D000184601F059F80123FB6202F0D7F800F0D5
:1079E000C7FD02F0A3F8BB6A93F844305BB2B3F171
:1079F000FF3F03D1BB6A002283F84420BB6A93F89F
:107A000045305BB2B3F1FF3F03D1BB6A002283F87C
:107A1000452002F0BBF83A1D07F110031146184645
:107A200001F048F80346002B23D1B86A00F0BFFAF2
:107A30000346002B17D0BB6A24337A6811461846D8
:107A400000F06CFFB86A00F060FA00F09FFD03469A
:107A5000002B89D10F4B4FF080521A60BFF34F8F2C
:107A6000BFF36F8F80E7B86A00F04FFA00F08EFD29
:107A70007AE7B86A00F049FA00F088FDB86A00F0C9
:107A800096FA0346002B3FF46FAF002318463037B9
:107A9000BD4680BD04ED00E080B58EB000AF7860DB
:107AA000396000237B637B68FB6200233B63FB6AD6
:107AB000002B0BD14FF0500383F31188BFF36F8F6E
:107AC000BFF34F8F3B6200BF00BFFDE7FB6A1B6C3B
:107AD000002B0BD04FF0500383F31188BFF36F8F4F
:107AE000BFF34F8FFB6100BF00BFFDE701F02EF930
:107AF0000346002B02D13B68002B01D1012300E09B
:107B00000023002B0BD14FF0500383F31188BFF3F8
:107B10006F8FBFF34F8FBB6100BF00BFFDE702F067
:107B200005F8FB6A9B6BBB62BB6A002B24D0BB6A67
:107B30005A1EFB6A9A63FB6A1B68002B04D101F092
:107B4000B1FA0246FB6A9A60FB6A1B69002B0FD0F0
:107B5000FB6A1033184600F033FF0346002B07D0B2
:107B6000544B4FF080521A60BFF34F8FBFF36F8FAB
:107B700002F00CF8012398E03B68002B12D13B6B1C
:107B8000002B0BD04FF0500383F31188BFF36F8F9E
:107B9000BFF34F8F7B6100BF00BFFDE701F0F6FF31
:107BA000002382E07B6B002B06D107F10C03184603
:107BB00000F06AFF01237B6301F0E8FF00F0D8FCCE
:107BC00001F0B4FFFB6A93F844305BB2B3F1FF3FBE
:107BD00003D1FB6A002283F84420FB6A93F8453006
:107BE0005BB2B3F1FF3F03D1FB6A002283F845206B
:107BF00001F0CCFF3A4607F10C031146184600F09D
:107C000059FF0346002B32D1F86A00F0D0F9034641
:107C1000002B26D0FB6A1B68002B09D101F086FFE0
:107C2000FB6A9B68184601F0AFF8386301F0AEFFBD
:107C3000FB6A24333A681146184600F06FFEF86A72
:107C400000F063F900F0A2FC0346002B7FF467AF5D
:107C5000184B4FF080521A60BFF34F8FBFF36F8FF6
:107C60005DE7F86A00F051F900F090FC57E7F86A18
:107C700000F04BF900F08AFCF86A00F098F903462E
:107C8000002B3FF44CAF3B6B002B0DD001F04EFFAF
:107C9000F86A00F093F87862FB6A9B68796A184684
:107CA00001F070F901F072FF002318463837BD4625
:107CB00080BD00BF04ED00E080B58EB000AFF8607D
:107CC000B9607A60FB683B633B6B002B0BD14FF0D4
:107CD000500383F31188BFF36F8FBFF34F8F3B6265
:107CE00000BF00BFFDE7BB68002B03D13B6B1B6CE3
:107CF000002B01D1012300E00023002B0BD14FF01A
:107D0000500383F31188BFF36F8FBFF34F8FFB6175
:107D100000BF00BFFDE701F0CBFFEFF311824FF092
:107D2000500383F31188BFF36F8FBFF34F8FBA6196
:107D30007B61BB69FB623B6B9B6BBB62BB6A002BCD
:107D40002FD03B6B93F8443087F82730B968386BF5
:107D500000F0B5F8BB6A5A1E3B6B9A6397F927305F
:107D6000B3F1FF3F12D13B6B1B69002B16D03B6B6D
:107D70001033184600F024FE0346002B0ED07B681B
:107D8000002B0BD07B6801221A6007E097F82730A0
:107D90000133DBB25AB23B6B83F8442001237B638F
:107DA00001E000237B63FB6A3B613B6983F311883D
:107DB00000BF7B6B18463837BD4680BD80B485B0A8
:107DC00000AF78607B685B6A002B06D07B681B6B1A
:107DD0001B68C3F10703FB6001E00023FB60FB6845
:107DE00018461437BD4680BC704780B586B000AFDA
:107DF000F860B9607A6000237B61FB689B6B3B6134
:107E0000FB681B6C002B0DD1FB681B68002B4DD150
:107E1000FB689B68184601F02DF87861FB6800222A
:107E20009A6043E07B68002B19D1FB685868FB68B7
:107E30001B6C1A46B96802F0F3F9FB685A68FB68D4
:107E40001B6C1A44FB685A60FB685A68FB689B68A5
:107E50009A422BD3FB681A68FB685A6026E0FB68DD
:107E6000D868FB681B6C1A46B96802F0D9F9FB6840
:107E7000DA68FB681B6C5B421A44FB68DA60FB68DB
:107E8000DA68FB681B689A4207D2FB689A68FB684D
:107E90001B6C5B421A44FB68DA607B68022B05D1DD
:107EA0003B69002B02D03B69013B3B613B695A1C9B
:107EB000FB689A637B6918461837BD4680BD80B55C
:107EC00082B000AF786039607B681B6C002B18D0E3
:107ED0007B68DA687B681B6C1A447B68DA607B68B5
:107EE000DA687B689B689A4203D37B681A687B6870
:107EF000DA607B68D9687B681B6C1A46386802F0C8
:107F00008FF900BF0837BD4680BD80B584B000AF93
:107F1000786001F00BFE7B6893F84530FB7311E04D
:107F20007B685B6A002B12D07B682433184600F014
:107F300047FD0346002B01D000F020FEFB7B013BF8
:107F4000DBB2FB7397F90F30002BE9DC00E000BFD8
:107F50007B68FF2283F8452001F018FE01F0E6FD62
:107F60007B6893F84430BB7311E07B681B69002B7E
:107F700012D07B681033184600F022FD0346002B18
:107F800001D000F0FBFDBB7B013BDBB2BB7397F97B
:107F90000E30002BE9DC00E000BF7B68FF2283F895
:107FA000442001F0F3FD00BF1037BD4680BD80B511
:107FB00084B000AF786001F0B9FD7B689B6B002B4B
:107FC00002D10123FB6001E00023FB6001F0DEFD34
:107FD000FB6818461037BD4680BD80B584B000AF41
:107FE000786001F0A3FD7B689A6B7B68DB6B9A423B
:107FF00002D10123FB6001E00023FB6001F0C6FD1C
:10800000FB6818461037BD4680BD000080B485B0BF
:1080100000AF786039600023FB6014E00E4AFB6813
:1080200052F83330002B0BD10B49FB683A6841F80A
:108030003320094AFB68DB0013447A685A6006E083
:10804000FB680133FB60FB68072BE7D900BF00BF6B
:108050001437BD4680BC70477808002080B586B0D4
:1080600000AFF860B9607A60FB687B6101F05EFD8B
:108070007B6993F844305BB2B3F1FF3F03D17B6976
:10808000002283F844207B6993F845305BB2B3F15A
:10809000FF3F03D17B69002283F8452001F076FD84
:1080A0007B699B6B002B06D17B6924337A68B968A6
:1080B000184600F059FC7869FFF727FF00BF183712
:1080C000BD4680BD80B58EB004AFF860B9607A60FF
:1080D0003B607B6B002B0BD14FF0500383F3118877
:1080E000BFF36F8FBFF34F8F3B6200BF00BFFDE751
:1080F000BB6B002B0BD14FF0500383F31188BFF300
:108100006F8FBFF34F8FFB6100BF00BFFDE7A02360
:108110003B613B69A02B0BD04FF0500383F31188D8
:10812000BFF36F8FBFF34F8FBB6100BF00BFFDE791
:108130003B69BB6B002B1ED07B6B002B1BD0BB6B3A
:108140007B627B6A7A6B1A637B6A022283F89D20CA
:10815000002303937B6A029307F1140301933B6BA3
:1081600000933B687A68B968F86800F051F8786A5B
:1081700000F0EEF801E000237B617B6918462837A8
:10818000BD4680BD80B58CB004AFF860B9603B607F
:108190001346FB80FB889B00184601F0C9FD7861FF
:1081A0007B69002B0ED0A02001F0C2FDF861FB69B5
:1081B000002B03D0FB697A691A6305E0786901F046
:1081C00085FE01E00023FB61FB69002B17D0FB69F2
:1081D000002283F89D20FA8800230393FB69029311
:1081E000FB6A0193BB6A00933B68B968F86800F0CA
:1081F0000FF8F86900F0ACF80123BB6102E04FF022
:10820000FF33BB61BB6918462037BD4680BD000007
:1082100080B588B000AFF860B9607A603B603B6BB6
:108220001A6B7B6803F18043013B9B001344BB61E5
:10823000BB6923F00703BB61BB6903F00703002B95
:108240000BD04FF0500383F31188BFF36F8FBFF350
:108250004F8F7B6100BF00BFFDE7BB68002B1FD0C5
:108260000023FB6112E0BA68FB69134419783A6B8A
:10827000FB69134434330A461A70BA68FB69134425
:108280001B78002B06D0FB690133FB61FB690F2BC8
:10829000E9D900E000BF3B6B002283F8432003E0F4
:1082A0003B6B002283F83420BB6A062B01D90623DE
:1082B000BB623B6BBA6ADA623B6BBA6A5A643B6B6D
:1082C00000229A643B6B04331846FEF7B4FE3B6B06
:1082D00018331846FEF7AFFE3B6B3A6B1A61BB6A68
:1082E000C3F107023B6B9A613B6B3A6B5A623B6B83
:1082F0000022C3F898203B6B002283F89C203B6B44
:108300004C334C220021184601F0FEFE3B6B0D4A17
:108310001A653B6B0C4A5A653B6B0C4A9A653A6886
:10832000F968B86901F012FB02463B6B1A60FB6A00
:10833000002B02D0FB6A3A6B1A6000BF2037BD46A3
:1083400080BD00BF082F0020702F0020D82F0020F4
:1083500080B582B000AF786001F0E8FB2A4B1B6863
:108360000133294A1360294B1B68002B09D1274A86
:108370007B681360244B1B68012B10D100F022FC9A
:108380000DE0234B1B68002B09D1204B1B68DA6AD8
:108390007B68DB6A9A4202D81C4A7B6813601D4BDB
:1083A0001B6801331B4A13607B68DB6A01229A4019
:1083B000194B1B681343184A13607B68DA6A13462B
:1083C0009B0013449B00154A1A447B6804331946EA
:1083D0001046FEF73CFE01F0D9FB0D4B1B68002B4D
:1083E0000ED00A4B1B68DA6A7B68DB6A9A4207D2B6
:1083F0000B4B4FF080521A60BFF34F8FBFF36F8F5C
:1084000000BF0837BD4680BDB8090020B80800206D
:10841000C4090020D4090020C0090020BC080020A5
:1084200004ED00E080B584B000AF78600023FB600D
:108430007B68002B18D0144B1B68002B0BD04FF01F
:10844000500383F31188BFF36F8FBFF34F8FBB606F
:1084500000BF00BFFDE700F08BF80021786800F056
:1084600035FE00F093F8F860FB68002B07D1074B4E
:108470004FF080521A60BFF34F8FBFF36F8F00BF72
:108480001037BD4680BD00BFE009002004ED00E0CC
:1084900080B58AB004AF0023BB6000237B603A46FE
:1084A000391D07F108031846F9F788F839687B6821
:1084B000BA68029201930023009300230A462449DC
:1084C0002448FFF7FFFD0346234A1360224B1B6835
:1084D000002B02D001237B6101E000237B617B69DB
:1084E000012B02D100F058FE78617B69012B1BD172
:1084F0004FF0500383F31188BFF36F8FBFF34F8F9B
:108500003B6100BF154B1B684C33154A1360154B7C
:108510004FF0FF321A60144B01221A60134B0022F5
:108520001A6001F091FA0FE07B69B3F1FF3F0BD1C4
:108530004FF0500383F31188BFF36F8FBFF34F8F5A
:10854000FB6000BF00BFFDE700BF1837BD4680BD20
:1085500000A40008958B0008DC090020B808002062
:108560001C000020D8090020C4090020BC090020FC
:1085700080B400AF044B1B680133034A136000BF93
:10858000BD4680BC704700BFE009002080B584B0C4
:1085900000AF0023FB600023BB60424B1B68002B35
:1085A0000BD14FF0500383F31188BFF36F8FBFF3EC
:1085B0004F8F3B6000BF00BFFDE701F0B7FA394BBA
:1085C0001B68013B374A1360364B1B68002B61D197
:1085D000354B1B68002B5DD02EE0344BDB68DB682D
:1085E000FB60FB6818331846FEF78CFDFB6804330C
:1085F0001846FEF787FDFB68DB6A01229A402C4B88
:108600001B6813432A4A1360FB68DA6A13469B000F
:1086100013449B00274A1A44FB680433194610464A
:10862000FEF715FDFB68DA6A234B1B68DB6A9A428A
:1086300002D3224B01221A601C4B1B68002BCCD1A9
:10864000FB68002B01D000F061FB1D4B1B687B60B9
:108650007B68002B10D000F045F80346002B02D0B9
:10866000164B01221A607B68013B7B607B68002B04
:10867000F1D1134B00221A60104B1B68002B09D05C
:108680000123BB600F4B4FF080521A60BFF34F8F36
:10869000BFF36F8F01F07AFABB6818461037BD46FA
:1086A00080BD00BFE0090020B80900207809002043
:1086B000C0090020BC080020B8080020CC09002018
:1086C000C809002004ED00E080B483B000AF044B83
:1086D0001B687B607B6818460C37BD4680BC7047C2
:1086E000BC09002080B586B000AF00237B614F4BF2
:1086F0001B68002B40F08F804D4B1B6801333B61A2
:108700004B4A3B6913603B69002B21D1494B1B68E5
:108710001B68002B0BD04FF0500383F31188BFF37D
:108720006F8FBFF34F8F3B6000BF00BFFDE7414B32
:108730001B68FB60404B1B683E4A13603E4AFB6867
:1087400013603E4B1B6801333C4A136000F0DEFAB5
:108750003B4B1B683A699A4248D3364B1B681B68EF
:10876000002B04D1364B4FF0FF321A603EE0314B04
:108770001B68DB68DB68BB60BB685B687B603A6971
:108780007B689A4203D22E4A7B6813602EE0BB6856
:1087900004331846FEF7B6FCBB689B6A002B04D076
:1087A000BB6818331846FEF7ADFCBB68DB6A0122D4
:1087B0009A40244B1B681343224A1360BB68DA6A51
:1087C00013469B0013449B001F4A1A44BB680433A2
:1087D00019461046FEF73BFCBB68DA6A1B4B1B6868
:1087E000DB6A9A42B9D301237B61B6E7174B1B685A
:1087F000DA6A154913469B0013449B000B441B681F
:10880000012B01D901237B61114B1B68002B07D081
:1088100001237B6104E00F4B1B6801330D4A136099
:108820007B6918461837BD4680BD00BFE0090020AF
:10883000BC0900207009002074090020D009002024
:10884000D8090020C0090020BC080020B80800207A
:10885000CC090020C809002080B487B000AF294BA4
:108860001B68002B03D0284B01221A6045E0264BE1
:1088700000221A60254B1B68FB60FB68B3FA83F388
:10888000FB72FB7AC3F11F037B6121497A691346AE
:108890009B0013449B000B441B68002B0BD14FF033
:1088A000500383F31188BFF36F8FBFF34F8F7B604B
:1088B00000BF00BFFDE77A6913469B0013449B008D
:1088C000134A13443B613B695B685A683B695A60D1
:1088D0003B695A683B6908339A4204D13B695B683B
:1088E0005A683B695A603B695B68DB68094A1360F8
:1088F000084B1B684C33084A136000BF1C37BD4649
:1089000080BC7047E0090020CC090020C00900208D
:10891000BC080020B80800201C00002080B584B0EE
:1089200000AF786039607B68002B0BD14FF05003AB
:1089300083F31188BFF36F8FBFF34F8FFB6000BFCE
:1089400000BFFDE7074B1B68183319467868FEF730
:10895000A1FB0121386800F0B9FB00BF1037BD460C
:1089600080BD00BFB808002080B586B000AFF860B9
:10897000B9607A60FB68002B0BD14FF0500383F392
:108980001188BFF36F8FBFF34F8F7B6100BF00BFB4
:10899000FDE70A4B1B6818331946F868FEF757FBCA
:1089A0007B68002B02D04FF0FF33BB607968B8685A
:1089B00000F08CFB00BF1837BD4680BDB808002012
:1089C00080B586B000AF78607B68DB68DB683B61B0
:1089D0003B69002B0BD14FF0500383F31188BFF399
:1089E0006F8FBFF34F8FFB6000BF00BFFDE73B6998
:1089F00018331846FEF786FB1D4B1B68002B1CD155
:108A00003B6904331846FEF77DFB3B69DB6A0122B4
:108A10009A40184B1B681343164A13603B69DA6A85
:108A200013469B0013449B00134A1A443B690433CA
:108A300019461046FEF70BFB05E03B691833194653
:108A40000E48FEF704FB3B69DA6A0D4B1B68DB6AD4
:108A50009A4205D901237B610A4B01221A6001E089
:108A600000237B617B6918461837BD4680BD00BF77
:108A7000E0090020C0090020BC080020780900207F
:108A8000B8080020CC09002080B483B000AF786023
:108A9000064B1A687B681A60054B1A687B685A6037
:108AA00000BF0C37BD4680BC704700BFD009002016
:108AB000BC09002080B588B000AF786039607B6861
:108AC000002B0BD14FF0500383F31188BFF36F8F4E
:108AD000BFF34F8F3B6100BF00BFFDE73B68002B3A
:108AE0000BD14FF0500383F31188BFF36F8FBFF3A7
:108AF0004F8FFB6000BF00BFFDE701F017F81D4B73
:108B00001B68BB617B685B68BA69D31A7B613B6891
:108B10001B68B3F1FF3F02D10023FB6123E07B68B8
:108B20001A68154B1B689A4207D07B685B68BA6964
:108B30009A4202D30123FB6115E03B681B687A6906
:108B40009A420BD23B681A687B69D21A3B681A605A
:108B50007868FFF799FF0023FB6104E03B6800227F
:108B60001A600123FB6101F011F8FB6918462037F8
:108B7000BD4680BDBC090020D009002080B400AFF4
:108B8000034B01221A6000BFBD4680BC704700BF86
:108B9000CC09002080B582B000AF786000F052F8B8
:108BA000064B1B68012BF9D9054B4FF080521A6018
:108BB000BFF34F8FBFF36F8FF0E700BFBC080020FB
:108BC00004ED00E080B582B000AF00237B600CE0D4
:108BD0007A6813469B0013449B00124A13441846BC
:108BE000FEF70AFA7B6801337B607B68062BEFD9BE
:108BF0000D48FEF701FA0D48FEF7FEF90C48FEF7A6
:108C0000FBF90C48FEF7F8F90B48FEF7F5F90B4BAA
:108C1000054A1A600A4B054A1A6000BF0837BD466C
:108C200080BD00BFBC080020480900205C0900206E
:108C3000780900208C090020A40900207009002078
:108C40007409002080B582B000AF19E000F06EFF1B
:108C5000104BDB68DB687B607B6804331846FEF7EB
:108C600051FA0D4B1B68013B0B4A13600B4B1B6801
:108C7000013B0A4A136000F089FF786800F010F8A1
:108C8000064B1B68002BE1D100BF00BF0837BD4673
:108C900080BD00BF8C090020B8090020A009002079
:108CA00080B584B000AF78607B684C33184601F023
:108CB00033FA7B6893F89D30002B08D17B681B6BDF
:108CC000184601F003F9786801F000F919E07B68B3
:108CD00093F89D30012B03D1786801F0F7F810E08C
:108CE0007B6893F89D30022B0BD04FF0500383F339
:108CF0001188BFF36F8FBFF34F8FFB6000BF00BFC2
:108D0000FDE700BF1037BD4680BD000080B483B0D2
:108D100000AF0C4B1B681B68002B04D10A4B4FF0B3
:108D2000FF321A6008E0074B1B68DB68DB687B607A
:108D30007B685B68044A136000BF0C37BD4680BC8B
:108D4000704700BF70090020D809002080B483B0AC
:108D500000AF0B4B1B68002B02D101237B6008E0A6
:108D6000084B1B68002B02D102237B6001E000232B
:108D70007B607B6818460C37BD4680BC704700BFDF
:108D8000C4090020E009002080B584B000AF7860FD
:108D90007B68BB600023FB607B68002B5ED0BB68F8
:108DA000DA6A314B1B68DB6A9A424ED2BB689B6918
:108DB000002B06DB2C4B1B68DB6AC3F10702BB6888
:108DC0009A61BB685969BB68DA6A13469B00134411
:108DD0009B00264A134499422FD1BB68043318469E
:108DE000FEF790F90346002B0AD1BB68DB6A01222B
:108DF00002FA03F3DA431E4B1B6813401C4A13604C
:108E0000194B1B68DA6ABB68DA62BB68DB6A01224D
:108E10009A40174B1B681343154A1360BB68DA6A04
:108E200013469B0013449B00104A1A44BB6804334A
:108E300019461046FEF70BF904E00B4B1B68DA6A83
:108E4000BB68DA620123FB6008E0BB685A6C064B22
:108E50001B68DB6A9A4201D20123FB60FB6818465B
:108E60001037BD4680BD00BFB8080020BC080020F8
:108E7000C009002080B586B000AF78607B683B6198
:108E800000237B617B68002B70D03B4B1B683A69E9
:108E90009A420BD04FF0500383F31188BFF36F8FCA
:108EA000BFF34F8FFB6000BF00BFFDE73B699B6CCA
:108EB000002B0BD14FF0500383F31188BFF36F8F5A
:108EC000BFF34F8FBB6000BF00BFFDE73B699B6CEA
:108ED0005A1E3B699A643B69DA6A3B695B6C9A4249
:108EE00044D03B699B6C002B40D13B69043318464E
:108EF000FEF708F90346002B15D13B69DA6A1F49D2
:108F000013469B0013449B000B441B68002B0AD1A3
:108F10003B69DB6A012202FA03F3DA43184B1B6850
:108F20001340174A13603B695A6C3B69DA623B692C
:108F3000DB6AC3F107023B699A613B69DB6A012284
:108F40009A400F4B1B6813430D4A13603B69DA6A62
:108F500013469B0013449B00084A1A443B690433A0
:108F600019461046FEF773F801237B617B691846AA
:108F70001837BD4680BD00BFB8080020BC080020DF
:108F8000C009002080B588B000AF786039607B6888
:108F9000BB6101237B617B68002B79D0BB699B6C33
:108FA000002B0BD14FF0500383F31188BFF36F8F69
:108FB000BFF34F8FFB6000BF00BFFDE7BB695B6C79
:108FC0003A689A4202D93B68FB6102E0BB695B6C7C
:108FD000FB61BB69DB6AFA699A4259D0BB699B6C39
:108FE0007A699A4254D12C4B1B68BA699A420BD1C8
:108FF0004FF0500383F31188BFF36F8FBFF34F8F90
:10900000BB6000BF00BFFDE7BB69DB6A3B61BB69BA
:10901000FA69DA62BB699B69002B04DBFB69C3F167
:109020000702BB699A61BB6959693A6913469B009B
:1090300013449B00194A1344994229D1BB69043354
:109040001846FEF75FF80346002B0AD1BB69DB6ABE
:10905000012202FA03F3DA43114B1B681340104A52
:109060001360BB69DB6A01229A400D4B1B681343F6
:109070000B4A1360BB69DA6A13469B0013449B00DA
:10908000064A1A44BB69043319461046FDF7DFFF50
:1090900000BF2037BD4680BDB8080020BC080020B6
:1090A000C009002080B400AF074B1B68002B04D020
:1090B000054B1B689A6C01329A64034B1B68184677
:1090C000BD4680BC704700BFB808002080B584B0A2
:1090D00000AF78603960294B1B68FB60284B1B6828
:1090E00004331846FEF70EF80346002B0BD1244B31
:1090F0001B68DB6A012202FA03F3DA43214B1B6887
:109100001340204A13607B68B3F1FF3F0AD13B68EC
:10911000002B07D01A4B1B68043319461A48FDF779
:1091200096FF26E0FA687B681344BB60144B1B680B
:10913000BA685A60BA68FB689A4209D2134B1A6837
:109140000F4B1B68043319461046FDF7A3FF10E0D0
:109150000F4B1A680A4B1B68043319461046FDF77B
:1091600099FF0C4B1B68BA689A4202D2094ABB6845
:10917000136000BF1037BD4680BD00BFBC09002092
:10918000B8080020C0090020A409002074090020AC
:1091900070090020D809002080B58AB004AF0023F0
:1091A0007B6100F093FB1D4B1B68002B21D000233B
:1091B000FB600023BB603A1D07F1080107F10C03B7
:1091C0001846F8F713FA7968BB68FA6802920193B7
:1091D0000223009300230A4611491248FEF772FF4A
:1091E0000346114A1360104B1B68002B01D001236A
:1091F0007B617B69002B0BD14FF0500383F3118807
:10920000BFF36F8FBFF34F8F3B6100BF00BFFDE720
:109210007B6918461837BD4680BD00BF140A002080
:1092200008A40008A1940008180A002080B588B09E
:1092300002AFF860B9607A603B60282000F078FDEA
:1092400078617B69002B0DD07B69002283F8242094
:109250007B6901933B6A00933B687A68B968F86858
:1092600000F045F87B6918461837BD4680BD80B5CB
:109270008AB002AFF860B9607A603B6028233B6136
:109280003B69282B0BD04FF0500383F31188BFF3B9
:109290006F8FBFF34F8FBB6100BF00BFFDE73B691E
:1092A000FB6A002B0BD14FF0500383F31188BFF3FF
:1092B0006F8FBFF34F8F7B6100BF00BFFDE7FB6A7D
:1092C000FB61FB69002B0DD0FB69022283F824208F
:1092D000FB690193BB6A00933B687A68B968F868D8
:1092E00000F005F8FB6918462037BD4680BD80B503
:1092F00086B000AFF860B9607A603B60BB68002B55
:109300000BD14FF0500383F31188BFF36F8FBFF37E
:109310004F8F7B6100BF00BFFDE77B6A002B1ED033
:1093200000F0D4FA7B6AFA681A607B6ABA689A61BC
:109330007B6A3A68DA617B6A3A6A1A627B6A04334A
:109340001846FDF778FE7B68002B08D07B6A93F8FF
:10935000243043F00403DAB27B6A83F8242000BF90
:109360001837BD4680BD000080B58AB000AFF860F8
:10937000B9607A603B6000237B62FB68002B0BD1F5
:109380004FF0500383F31188BFF36F8FBFF34F8FFC
:109390003B6200BF00BFFDE7194B1B68002B2AD0C2
:1093A000BB687B617B68BB61FB68FB61BB68052BAD
:1093B00018DCFFF7CBFC0346022B09D1104B1868D1
:1093C00007F1140100233A6BFEF754F8786212E0BB
:1093D0000B4B186807F1140100230022FEF74AF82E
:1093E000786208E0064B186807F1140100233A6818
:1093F000FEF742F978627B6A18462837BD4680BD81
:10940000140A002080B588B002AF78603960234B21
:109410001B68DB68DB687B617B6904331846FDF7FA
:1094200071FE7B6993F8243003F00403002B23D0F2
:109430007B699A697B68D1187B683A68786900F023
:10944000D3F80346002B20D00023009300237A6832
:1094500000217869FFF788FF38613B69002B14D140
:109460004FF0500383F31188BFF36F8FBFF34F8F1B
:10947000FB6000BF00BFFDE77B6993F8243023F059
:109480000103DAB27B6983F824207B691B6A78695F
:10949000984700BF1837BD4680BD00BF0C0A0020AA
:1094A00080B584B000AF786007F10803184600F07B
:1094B00059F8F860BB681946F86800F005F800F044
:1094C000D5F800BFF0E7000080B584B000AF786049
:1094D0003960FFF74DF807F10803184600F064F80B
:1094E000F860BB68002B30D13B68002B0AD17A684A
:1094F000FB689A4206D8FFF749F8F9687868FFF7E1
:1095000081FF24E03B68002B08D0134B1B681B68CD
:10951000002B01D1012300E000233B600F4B1868B2
:109520007A68FB68D31A3A681946FEF797FDFFF789
:109530002DF80346002B0AD1094B4FF080521A60D8
:10954000BFF34F8FBFF36F8F01E0FFF71FF800BF2E
:109550001037BD4680BD00BF100A0020140A00204D
:1095600004ED00E080B485B000AF78600D4B1B685F
:109570001B68002B01D1012200E000227B681A60E9
:109580007B681B68002B05D1064B1B68DB681B68DA
:10959000FB6001E00023FB60FB6818461437BD4602
:1095A00080BC70470C0A002080B584B000AF7860A2
:1095B000FFF78AF8F8600B4B1B68FA689A4205D2ED
:1095C00000F01EF97B6801221A6002E07B6800222D
:1095D0001A60044AFB681360FB6818461037BD46E2
:1095E00080BD00BF1C0A002080B586B000AFF860C7
:1095F000B9607A603B6000237B61FB68BA685A609F
:10960000FB68FA681A61BA687B689A4212D87A686D
:109610003B68D21AFB689B699A4202D301237B61A3
:109620001BE0104B1A68FB68043319461046FDF71F
:1096300031FD12E07A683B689A4206D2BA683B680C
:109640009A4202D301237B6107E0074B1A68FB684B
:10965000043319461046FDF71DFD7B69184618377F
:10966000BD4680BD100A00200C0A002080B58CB0D9
:1096700002AFB2E0BB68002BC0F2AF803B697B62F7
:109680007B6A5B69002B04D07B6A04331846FDF7C4
:1096900039FD3B1D1846FFF787FF3862BB68092B71
:1096A00000F2988001A252F823F000BFD59600087E
:1096B000D5960008D59600084B9700085F970008DC
:1096C000AB970008D5960008D59600084B97000880
:1096D0005F9700087B6A93F8243043F00103DAB205
:1096E0007B6A83F82420FA687B6A9B69D118FB683F
:1096F0003A6A786AFFF778FF0346002B6CD07B6AE2
:109700001B6A786A98477B6A93F8243003F0040355
:10971000002B61D0FA687B6A9B691A44002300938E
:1097200000230021786AFFF71FFEF861FB69002B18
:1097300052D14FF0500383F31188BFF36F8FBFF303
:109740004F8FBB6100BF00BFFDE77B6A93F82430F9
:1097500023F00103DAB27B6A83F824203DE07B6AC0
:1097600093F8243043F00103DAB27B6A83F82420B3
:10977000FA687B6A9A617B6A9B69002B0BD14FF078
:10978000500383F31188BFF36F8FBFF34F8F7B615B
:1097900000BF00BFFDE77B6A9A693B6AD1183B6A4C
:1097A0003A6A786AFFF720FF17E07B6A93F8243063
:1097B00003F00203002B03D1786A00F087FB0CE072
:1097C0007B6A93F8243023F00103DAB27B6A83F8D2
:1097D000242002E000BF00E000BF084B1B6807F137
:1097E000080100221846FEF775F80346002B7FF4A7
:1097F00041AF00BF00BF2837BD4680BD140A00201E
:1098000080B588B002AF49E02E4B1B68DB681B684F
:109810003B612C4B1B68DB68DB68FB60FB68043337
:109820001846FDF76FFCFB681B6AF8689847FB68F1
:1098300093F8243003F00403002B2FD0FB689B69BE
:109840003A691344BB60BA683B699A420ED9FB6817
:10985000BA685A60FB68FA681A611A4B1A68FB68A2
:10986000043319461046FDF715FC17E0002300935A
:1098700000233A690021F868FFF776FD78607B687D
:10988000002B0BD14FF0500383F31188BFF36F8F80
:10989000BFF34F8F3B6000BF00BFFDE7094B1B6864
:1098A0001B68002BB0D1074B1B687B61064B1B6804
:1098B000044A1360044A7B69136000BF1837BD4631
:1098C00080BD00BF0C0A0020100A002080B582B0C5
:1098D00002AF00F02BF9154B1B68002B20D1144868
:1098E000FDF78AFB1348FDF787FB134B104A1A60FC
:1098F000124B104A1A6000230093114B114A0C219D
:109900000A20FDF793FC0346084A1360074B1B68C7
:10991000002B05D0054B1B680B491846FEF776FB5C
:1099200000F034F900BFBD4680BD00BF140A00201E
:10993000E4090020F80900200C0A0020100A002089
:10994000980A0020200A002010A4000880B485B0E6
:1099500000AFF860B9607A60FB68043BFB60FB68AD
:109960004FF080721A60FB68043BFB60BB6823F019
:109970000102FB681A60FB68043BFB60084AFB6855
:109980001A60FB68143BFB607A68FB681A60FB682E
:10999000203BFB60FB6818461437BD4680BC70470F
:1099A000A599000880B485B000AF00237B60124BFE
:1099B0001B68B3F1FF3F0BD04FF0500383F31188C6
:1099C000BFF36F8FBFF34F8FFB6000BF00BFFDE79A
:1099D0004FF0500383F31188BFF36F8FBFF34F8FA6
:1099E000BB6000BF00BF7B68002BFCD000BF00BF86
:1099F0001437BD4680BC70471800002000000000EE
:109A0000074B19680868B0E8F00F80F30988BFF3C6
:109A10006F8F4FF0000080F311884EF00D0E7047ED
:109A2000B808002000BF00BF06480068006880F347
:109A3000088862B661B6BFF34F8FBFF36F8F00DF48
:109A400000BF00BF08ED00E080B584B000AF324B2E
:109A5000FB60FB681B78DBB27B60FB68FF221A703F
:109A6000FB681B78DBB2FB70FB78DBB203F05003C2
:109A7000DAB22A4B1A702A4B07221A6009E0284BE7
:109A80001B68013B264A1360FB78DBB25B00DBB24C
:109A9000FB70FB78DBB203F08003802BEFD0204B10
:109AA0001B68C3F10703042B0BD04FF0500383F363
:109AB0001188BFF36F8FBFF34F8FBB6000BF00BF34
:109AC000FDE7174B1B681B02154A1360144B1B68FC
:109AD00003F4E063124A13607B68DAB2FB681A7021
:109AE000104B1B680F4A43F4700313600D4B1B6847
:109AF0000C4A43F07043136000F0B8F80A4B0022A0
:109B00001A60FFF791FFFEF7A7FEFFF74BFF002358
:109B100018461037BD4680BD00E400E0E00A002092
:109B2000E40A002020ED00E01800002080B483B09B
:109B300000AF4FF0500383F31188BFF36F8FBFF373
:109B40004F8F7B6000BF0F4B1B6801330D4A1360C2
:109B50000C4B1B68012B10D10B4B1B68DBB2002B8D
:109B60000BD04FF0500383F31188BFF36F8FBFF317
:109B70004F8F3B6000BF00BFFDE700BF0C37BD4605
:109B800080BC70471800002004ED00E080B483B072
:109B900000AF124B1B68002B0BD14FF0500383F327
:109BA0001188BFF36F8FBFF34F8F7B6000BF00BF83
:109BB000FDE70A4B1B68013B084A1360074B1B6813
:109BC000002B05D100233B603B6883F3118800BF65
:109BD00000BF0C37BD4680BC704700BF1800002096
:109BE000EFF30980BFF36F8F0D4B1A6820E9F00F78
:109BF00010602DE908404FF0500080F31188FEF707
:109C00002BFE4FF0000080F31188BDE80840196872
:109C10000868B0E8F00F80F30988BFF36F8F7047D2
:109C2000B808002000BF00BF80B582B000AF4FF081
:109C3000500383F31188BFF36F8FBFF34F8F7B60A7
:109C400000BFFEF74FFD0346002B03D0064B4FF03D
:109C500080521A6000233B603B6883F3118800BF89
:109C600000BF0837BD4680BD04ED00E080B400AF02
:109C70000A4B00221A600A4B00221A60094B1B682B
:109C8000094AA2FB03239B09084A013B1360034BCB
:109C900007221A6000BFBD4680BC704710E000E09C
:109CA00018E000E00C000020D34D621014E000E04A
:109CB00080B485B000AFEFF30583FB60FB680F2B2A
:109CC00015D9174AFB6813441B78FB72154B1B7898
:109CD000FA7A9A420BD24FF0500383F31188BFF304
:109CE0006F8FBFF34F8F7B6000BF00BFFDE70E4B50
:109CF0001B6803F4E0620D4B1B689A420BD94FF0CE
:109D0000500383F31188BFF36F8FBFF34F8F3B6016
:109D100000BF00BFFDE700BF1437BD4680BC7047E1
:109D2000F0E300E0E00A00200CED00E0E40A00208F
:109D300080B58AB000AF78600023FB61FEF718FCA5
:109D40005C4B1B68002B01D100F024F95A4B1A68B8
:109D50007B681340002B40F095807B68002B1ED061
:109D600008227B6813447B607B6803F00703002BA9
:109D700015D07B6823F0070308337B607B6803F012
:109D80000703002B0BD04FF0500383F31188BFF370
:109D90006F8FBFF34F8F7B6100BF00BFFDE77B6814
:109DA000002B6FD0454B1B687A689A426AD8444BA7
:109DB0003B62434B1B687B6204E07B6A3B627B6ACD
:109DC0001B687B627B6A5B687A689A4203D97B6A0C
:109DD0001B68002BF1D1374B1B687A6A9A4251D02D
:109DE0003B6A1B6808221344FB617B6A1A683B6A62
:109DF0001A607B6A5A687B68D21A08235B009A4211
:109E000020D97A6A7B681344BB61BB6903F00703FE
:109E1000002B0BD04FF0500383F31188BFF36F8FEB
:109E2000BFF34F8F3B6100BF00BFFDE77B6A5A68FD
:109E30007B68D21ABB695A607B6A7A685A60B869D3
:109E400000F00AF91D4B1A687B6A5B68D31A1B4A3B
:109E500013601A4B1A681B4B1B689A4203D2174BAC
:109E60001B68184A13607B6A5A68134B1B681A43B5
:109E70007B6A5A607B6A00221A60134B1B680133AD
:109E8000114A1360FEF782FBFB6903F00703002B06
:109E90000BD04FF0500383F31188BFF36F8FBFF3E4
:109EA0004F8FFB6000BF00BFFDE7FB6918462837F6
:109EB000BD4680BDF02E0020042F0020F42E00208F
:109EC000E82E0020F82E0020FC2E002080B586B061
:109ED00000AF78607B687B617B68002B4FD00823E4
:109EE0005B427A6913447B617B693B613B695A68D9
:109EF000254B1B681340002B0BD14FF0500383F30D
:109F00001188BFF36F8FBFF34F8FFB6000BF00BF9F
:109F1000FDE73B691B68002B0BD04FF0500383F328
:109F20001188BFF36F8FBFF34F8FBB6000BF00BFBF
:109F3000FDE73B695A68144B1B681340002B1ED089
:109F40003B691B68002B1AD13B695A680E4B1B6892
:109F5000DB431A403B695A60FEF70AFB3B695A68CB
:109F60000A4B1B681344094A1360386900F074F8FF
:109F7000074B1B680133064A1360FEF707FB00BF5F
:109F80001837BD4680BD00BF042F0020F42E0020EE
:109F9000002F002080B485B000AF4FF41053BB6099
:109FA000274BFB60FB6803F00703002B0CD0FB681A
:109FB0000733FB60FB6823F00703FB60BA68FB68AC
:109FC000D31A1F4A1344BB60FB687B601D4A7B6841
:109FD00013601C4B00225A607B68BA681344FB6014
:109FE0000822FB689B1AFB60FB6823F00703FB60F9
:109FF000FB68154A1360144B1B6800225A60124B11
:10A000001B6800221A607B683B603B68FA68D21AC2
:10A010003B685A600C4B1A683B681A603B685B6887
:10A020000A4A13603B685B68094A1360094B4FF0AA
:10A0300000421A6000BF1437BD4680BC704700BFA5
:10A04000E80A0020E82E0020F02E0020F82E002044
:10A05000F42E0020042F002080B485B000AF78607B
:10A06000274BFB6002E0FB681B68FB60FB681B681A
:10A070007A689A42F7D8FB68BB60FB685B68BA688D
:10A0800013447A689A4208D1FB685A687B685B6817
:10A090001A44FB685A60FB687B607B68BB607B6826
:10A0A0005B68BA681A44FB681B689A4218D1FB685F
:10A0B0001A68144B1B689A420DD07B685A68FB687B
:10A0C0001B685B681A447B685A60FB681B681A68E7
:10A0D0007B681A6008E00B4B1A687B681A6003E023
:10A0E000FB681A687B681A60FA687B689A4202D03B
:10A0F000FB687A681A6000BF1437BD4680BC7047A1
:10A10000E82E0020F02E002003460244934200D1A6
:10A11000704703F8011BF9E72D4B70B51B68044627
:10A12000834253D0C3691BB3DB6863B10025E36985
:10A13000DB685959B1B90435802DF8D1E36920465F
:10A14000D96800F07BF8E369196811B1204600F086
:10A1500075F8E3699D685DB1294620462D6800F0D9
:10A160006DF8F8E70E68204600F068F83146E1E740
:10A17000616911B1204600F061F8E16911B1204632
:10A1800000F05CF8216B11B1204600F057F8616BCC
:10A1900011B1204600F052F8A16B11B1204600F039
:10A1A0004DF8A16C11B1204600F048F8616C11B176
:10A1B000204600F043F8E16A11B1204600F03EF875
:10A1C000236A1BB12046BDE87040184770BD00BF30
:10A1D0001C00002070B500260C4D0D4C641BA41013
:10A1E000A64209D100F07EF800260A4D0A4C641BF5
:10A1F000A410A64205D170BD55F8043B984701361E
:10A20000EEE755F8043B98470136F2E754A40008FE
:10A2100054A4000854A4000858A4000870477047CC
:10A220000A44914200F1FF3300D1704710B511F894
:10A23000014B914203F8014FF9D110BD38B50546E5
:10A24000002940D051F8043C0C1F002BB8BFE41883
:10A2500000F03CF81C4A136833B963601460284668
:10A26000BDE8384000F038B8A34208D9206821186A
:10A270008B4201BF19685B6809182160EDE71A4637
:10A280005B680BB1A342FAD911685018A0420BD1F8
:10A2900020680144501883421160E0D118685B685F
:10A2A000084410605360DAE702D90C232B60D6E72C
:10A2B000206821188B4201BF19685B68091821606A
:10A2C00063605460CBE738BD443000200148FFF79D
:10A2D000A5BF00BF403000200148FFF7A0BF00BF6E
:10A2E00040300020F8B500BFF8BC08BC9E4670475F
:0CA2F000F8B500BFF8BC08BC9E467047E3
:10A2FC00040000000400000000000000000000004A
:10A30C0064656661756C745461736B000CA3000812
:10A31C0019180008FDFF000000000000800000007C
:10A32C000000000000000000456E76696F556172F8
:10A33C007400000034A30008291800080100000074
:10A34C000000000080000000000000000000000081
:10A35C0052656164496E707574735461736B00005F
:10A36C005CA3000861190008FFFF0000000000005A
:10A37C008000000000000000000000004C656572C9
:10A38C004144430088A30008111A00080000000093
:10A39C0000000000000100000000000000000000B0
:10A3AC004C656572424D503238300000ACA3000849
:10A3BC00891A0008FEFF00000000000000010000E8
:10A3CC0000000000000000004C65657255415254BD
:10A3DC0000000000D4A300080D1B000802000000C0
:10A3EC00000000000002000000000000000000005F
:10A3FC000000000049444C4500000000546D7220E0
:10A40C0053766300546D7251000000000000000090
:10A41C000000000000000000000000000102030426
:10A42C0006070809000000000102030402030405EA
:10A43C00060708090A0B0C0D0E0F10100102000084
:08A44C00A062FF7F0100000087
:04A4540035010008C6
:04A4580011010008E6
:10A45C000201A201AA01A2070F01000000127A005A
:10A46C001000000001000000AAAAAAAA20000020E7
:10A47C0000000000082F0020702F0020D82F002093
:10A48C0000000000000000000000000000000000C0
:10A49C0000000000000000000000000000000000B0
:10A4AC0000000000000000000000000000000000A0
:0CA4BC0000000000000000000000000094
:04000005080026E9E0
:00000001FF
